conjunto,arquivo,status,linhas,bytes,baixado_em
aneel_mmgd_empreendimentos,empreendimento_geracao_distribuida.parquet,ok,4656839,106186573.0,2026-09-26T17:12:36+00:00
aneel_siga_empreendimentos,siga_empreendimentos_geracao.csv,ok,25133,8448569.0,2026-09-26T17:12:42+00:00
balanco_subsistema,BALANCO_ENERGIA_SUBSISTEMA_2000.parquet,ok,43915,1300517.0,2026-09-26T17:04:33+00:00
balanco_subsistema,BALANCO_ENERGIA_SUBSISTEMA_2001.parquet,ok,43795,1382269.0,2026-09-26T17:04:30+00:00
balanco_subsistema,BALANCO_ENERGIA_SUBSISTEMA_2002.parquet,ok,43795,1554964.0,2026-09-26T17:04:30+00:00
balanco_subsistema,BALANCO_ENERGIA_SUBSISTEMA_2003.parquet,ok,43795,1608349.0,2026-09-26T17:04:34+00:00
balanco_subsistema,BALANCO_ENERGIA_SUBSISTEMA_2004.parquet,ok,43915,1672224.0,2026-09-26T17:04:33+00:00
balanco_subsistema,BALANCO_ENERGIA_SUBSISTEMA_2005.parquet,ok,43795,1663758.0,2026-09-26T17:04:33+00:00
balanco_subsistema,BALANCO_ENERGIA_SUBSISTEMA_2006.parquet,ok,43795,1735685.0,2026-09-26T17:04:31+00:00
balanco_subsistema,BALANCO_ENERGIA_SUBSISTEMA_2007.parquet,ok,43795,1807558.0,2026-09-26T17:04:31+00:00
balanco_subsistema,BALANCO_ENERGIA_SUBSISTEMA_2008.parquet,ok,43915,1850233.0,2026-09-26T17:04:32+00:00
balanco_subsistema,BALANCO_ENERGIA_SUBSISTEMA_2009.parquet,ok,43795,1841102.0,2026-09-26T17:04:32+00:00
balanco_subsistema,BALANCO_ENERGIA_SUBSISTEMA_2010.parquet,ok,43795,1957890.0,2026-09-26T17:04:33+00:00
balanco_subsistema,BALANCO_ENERGIA_SUBSISTEMA_2011.parquet,ok,43795,1912908.0,2026-09-26T17:04:33+00:00
balanco_subsistema,BALANCO_ENERGIA_SUBSISTEMA_2012.parquet,ok,43915,2088224.0,2026-09-26T17:04:34+00:00
balanco_subsistema,BALANCO_ENERGIA_SUBSISTEMA_2013.parquet,ok,43795,2191526.0,2026-09-26T17:04:34+00:00
balanco_subsistema,BALANCO_ENERGIA_SUBSISTEMA_2014.parquet,ok,43775,2500744.0,2026-09-26T17:04:36+00:00
balanco_subsistema,BALANCO_ENERGIA_SUBSISTEMA_2015.parquet,ok,43775,2453910.0,2026-09-26T17:04:34+00:00
balanco_subsistema,BALANCO_ENERGIA_SUBSISTEMA_2016.parquet,ok,43919,2400482.0,2026-09-26T17:04:35+00:00
balanco_subsistema,BALANCO_ENERGIA_SUBSISTEMA_2017.parquet,ok,43799,2431121.0,2026-09-26T17:04:35+00:00
balanco_subsistema,BALANCO_ENERGIA_SUBSISTEMA_2018.parquet,ok,43799,2530297.0,2026-09-26T17:04:35+00:00
balanco_subsistema,BALANCO_ENERGIA_SUBSISTEMA_2019.parquet,ok,43800,2541342.0,2026-09-26T17:04:38+00:00
balanco_subsistema,BALANCO_ENERGIA_SUBSISTEMA_2020.parquet,ok,43920,2555477.0,2026-09-26T17:04:36+00:00
balanco_subsistema,BALANCO_ENERGIA_SUBSISTEMA_2021.parquet,ok,43800,2623319.0,2026-09-26T17:04:36+00:00
balanco_subsistema,BALANCO_ENERGIA_SUBSISTEMA_2022.parquet,ok,43800,2750811.0,2026-09-26T17:04:37+00:00
balanco_subsistema,BALANCO_ENERGIA_SUBSISTEMA_2023.parquet,ok,43800,2075363.0,2026-09-26T17:04:36+00:00
balanco_subsistema,BALANCO_ENERGIA_SUBSISTEMA_2024.parquet,ok,43920,2086316.0,2026-09-26T17:04:36+00:00
balanco_subsistema,BALANCO_ENERGIA_SUBSISTEMA_2025.parquet,ok,43800,2105644.0,2026-09-26T17:04:37+00:00
balanco_subsistema,BALANCO_ENERGIA_SUBSISTEMA_2026.parquet,ok,32040,1556187.0,2026-09-26T17:04:36+00:00
capacidade_geracao,CAPACIDADE_GERACAO.parquet,ok,5686,237657.0,2026-09-26T17:04:41+00:00
carga_programada,N/2021-03-05_2021-05-31,ok,4224,61670.0,2026-09-26T17:12:13+00:00
carga_programada,N/2021-06-01_2021-08-31,ok,4416,66716.0,2026-09-26T17:12:13+00:00
carga_programada,N/2021-09-01_2021-11-30,ok,4368,64124.0,2026-09-26T17:12:13+00:00
carga_programada,N/2021-12-01_2022-02-28,ok,4320,62820.0,2026-09-26T17:12:13+00:00
carga_programada,N/2022-03-01_2022-05-31,ok,4416,64245.0,2026-09-26T17:12:13+00:00
carga_programada,N/2022-06-01_2022-08-31,ok,4416,64339.0,2026-09-26T17:12:14+00:00
carga_programada,N/2022-09-01_2022-11-30,ok,4368,63757.0,2026-09-26T17:12:14+00:00
carga_programada,N/2022-12-01_2023-02-28,ok,4320,63510.0,2026-09-26T17:12:14+00:00
carga_programada,N/2023-03-01_2023-05-31,ok,4416,66056.0,2026-09-26T17:12:14+00:00
carga_programada,N/2023-06-01_2023-08-31,ok,4416,65340.0,2026-09-26T17:12:14+00:00
carga_programada,N/2023-09-01_2023-11-30,ok,4368,64047.0,2026-09-26T17:12:14+00:00
carga_programada,N/2023-12-01_2024-02-29,ok,4368,64185.0,2026-09-26T17:12:15+00:00
carga_programada,N/2024-03-01_2024-05-31,ok,4416,64368.0,2026-09-26T17:12:15+00:00
carga_programada,N/2024-06-01_2024-08-31,ok,4416,64128.0,2026-09-26T17:12:15+00:00
carga_programada,N/2024-09-01_2024-11-30,ok,4368,62902.0,2026-09-26T17:12:15+00:00
carga_programada,N/2024-12-01_2025-02-28,ok,4320,62792.0,2026-09-26T17:12:15+00:00
carga_programada,N/2025-03-01_2025-05-31,ok,4416,63765.0,2026-09-26T17:12:15+00:00
carga_programada,N/2025-06-01_2025-08-31,ok,4368,63065.0,2026-09-26T17:12:15+00:00
carga_programada,N/2025-09-01_2025-11-30,ok,4368,62512.0,2026-09-26T17:12:16+00:00
carga_programada,N/2025-12-01_2026-02-28,ok,4320,62198.0,2026-09-26T17:12:16+00:00
carga_programada,N/2026-03-01_2026-05-31,ok,4416,63615.0,2026-09-26T17:12:16+00:00
carga_programada,N/2026-06-01_2026-08-31,ok,4416,63330.0,2026-09-26T17:55:46+00:00
carga_programada,N/2026-09-01_2026-09-25,ok,1200,19197.0,2026-09-26T17:55:46+00:00
carga_programada,NE/2021-03-05_2021-05-31,ok,4224,61070.0,2026-09-26T17:12:08+00:00
carga_programada,NE/2021-06-01_2021-08-31,ok,4416,63174.0,2026-09-26T17:12:09+00:00
carga_programada,NE/2021-09-01_2021-11-30,ok,4368,63263.0,2026-09-26T17:12:09+00:00
carga_programada,NE/2021-12-01_2022-02-28,ok,4320,62255.0,2026-09-26T17:12:09+00:00
carga_programada,NE/2022-03-01_2022-05-31,ok,4416,63401.0,2026-09-26T17:12:09+00:00
carga_programada,NE/2022-06-01_2022-08-31,ok,4416,63393.0,2026-09-26T17:12:10+00:00
carga_programada,NE/2022-09-01_2022-11-30,ok,4368,62936.0,2026-09-26T17:12:10+00:00
carga_programada,NE/2022-12-01_2023-02-28,ok,4320,62280.0,2026-09-26T17:12:10+00:00
carga_programada,NE/2023-03-01_2023-05-31,ok,4416,63614.0,2026-09-26T17:12:10+00:00
carga_programada,NE/2023-06-01_2023-08-31,ok,4416,63401.0,2026-09-26T17:12:10+00:00
carga_programada,NE/2023-09-01_2023-11-30,ok,4368,62812.0,2026-09-26T17:12:11+00:00
carga_programada,NE/2023-12-01_2024-02-29,ok,4368,62824.0,2026-09-26T17:12:11+00:00
carga_programada,NE/2024-03-01_2024-05-31,ok,4368,62994.0,2026-09-26T17:12:11+00:00
carga_programada,NE/2024-06-01_2024-08-31,ok,4416,63451.0,2026-09-26T17:12:11+00:00
carga_programada,NE/2024-09-01_2024-11-30,ok,4368,62865.0,2026-09-26T17:12:12+00:00
carga_programada,NE/2024-12-01_2025-02-28,ok,4320,62198.0,2026-09-26T17:12:12+00:00
carga_programada,NE/2025-03-01_2025-05-31,ok,4368,62847.0,2026-09-26T17:12:12+00:00
carga_programada,NE/2025-06-01_2025-08-31,ok,4416,63509.0,2026-09-26T17:12:12+00:00
carga_programada,NE/2025-09-01_2025-11-30,ok,4368,63052.0,2026-09-26T17:12:12+00:00
carga_programada,NE/2025-12-01_2026-02-28,ok,4320,62176.0,2026-09-26T17:12:13+00:00
carga_programada,NE/2026-03-01_2026-05-31,ok,4416,63457.0,2026-09-26T17:12:12+00:00
carga_programada,NE/2026-06-01_2026-08-31,ok,4416,63647.0,2026-09-26T17:55:45+00:00
carga_programada,NE/2026-09-01_2026-09-25,ok,1200,19298.0,2026-09-26T17:55:46+00:00
carga_programada,S/2021-03-05_2021-05-31,ok,4176,60940.0,2026-09-26T17:12:05+00:00
carga_programada,S/2021-06-01_2021-08-31,ok,4416,64344.0,2026-09-26T17:12:05+00:00
carga_programada,S/2021-09-01_2021-11-30,ok,4368,63993.0,2026-09-26T17:12:05+00:00
carga_programada,S/2021-12-01_2022-02-28,ok,4320,62835.0,2026-09-26T17:12:05+00:00
carga_programada,S/2022-03-01_2022-05-31,ok,4416,66727.0,2026-09-26T17:12:06+00:00
carga_programada,S/2022-06-01_2022-08-31,ok,4416,64316.0,2026-09-26T17:12:06+00:00
carga_programada,S/2022-09-01_2022-11-30,ok,4368,63680.0,2026-09-26T17:12:06+00:00
carga_programada,S/2022-12-01_2023-02-28,ok,4320,62877.0,2026-09-26T17:12:06+00:00
carga_programada,S/2023-03-01_2023-05-31,ok,4416,64625.0,2026-09-26T17:12:06+00:00
carga_programada,S/2023-06-01_2023-08-31,ok,4416,64261.0,2026-09-26T17:12:06+00:00
carga_programada,S/2023-09-01_2023-11-30,ok,4368,63601.0,2026-09-26T17:12:06+00:00
carga_programada,S/2023-12-01_2024-02-29,ok,4368,63282.0,2026-09-26T17:12:07+00:00
carga_programada,S/2024-03-01_2024-05-31,ok,4416,64106.0,2026-09-26T17:12:07+00:00
carga_programada,S/2024-06-01_2024-08-31,ok,4416,64253.0,2026-09-26T17:12:07+00:00
carga_programada,S/2024-09-01_2024-11-30,ok,4368,63398.0,2026-09-26T17:12:07+00:00
carga_programada,S/2024-12-01_2025-02-28,ok,4320,62566.0,2026-09-26T17:12:07+00:00
carga_programada,S/2025-03-01_2025-05-31,ok,4416,64030.0,2026-09-26T17:12:08+00:00
carga_programada,S/2025-06-01_2025-08-31,ok,4416,64221.0,2026-09-26T17:12:08+00:00
carga_programada,S/2025-09-01_2025-11-30,ok,4368,63541.0,2026-09-26T17:12:08+00:00
carga_programada,S/2025-12-01_2026-02-28,ok,4320,62429.0,2026-09-26T17:12:08+00:00
carga_programada,S/2026-03-01_2026-05-31,ok,4416,64015.0,2026-09-26T17:12:08+00:00
carga_programada,S/2026-06-01_2026-08-31,ok,4416,64187.0,2026-09-26T17:55:45+00:00
carga_programada,S/2026-09-01_2026-09-25,ok,1200,19828.0,2026-09-26T17:55:45+00:00
carga_programada,SECO/2021-03-05_2021-05-31,ok,4224,59893.0,2026-09-26T17:12:00+00:00
carga_programada,SECO/2021-06-01_2021-08-31,ok,4416,62747.0,2026-09-26T17:12:01+00:00
carga_programada,SECO/2021-09-01_2021-11-30,ok,4368,61833.0,2026-09-26T17:12:02+00:00
carga_programada,SECO/2021-12-01_2022-02-28,ok,4320,61065.0,2026-09-26T17:12:02+00:00
carga_programada,SECO/2022-03-01_2022-05-31,ok,4416,62746.0,2026-09-26T17:12:02+00:00
carga_programada,SECO/2022-06-01_2022-08-31,ok,4416,62676.0,2026-09-26T17:12:02+00:00
carga_programada,SECO/2022-09-01_2022-11-30,ok,4368,61977.0,2026-09-26T17:12:02+00:00
carga_programada,SECO/2022-12-01_2023-02-28,ok,4320,61177.0,2026-09-26T17:12:02+00:00
carga_programada,SECO/2023-03-01_2023-05-31,ok,4416,62532.0,2026-09-26T17:12:03+00:00
carga_programada,SECO/2023-06-01_2023-08-31,ok,4416,62688.0,2026-09-26T17:12:03+00:00
carga_programada,SECO/2023-09-01_2023-11-30,ok,4368,61926.0,2026-09-26T17:12:03+00:00
carga_programada,SECO/2023-12-01_2024-02-29,ok,4368,61768.0,2026-09-26T17:12:03+00:00
carga_programada,SECO/2024-03-01_2024-05-31,ok,4368,61774.0,2026-09-26T17:12:03+00:00
carga_programada,SECO/2024-06-01_2024-08-31,ok,4416,62447.0,2026-09-26T17:12:04+00:00
carga_programada,SECO/2024-09-01_2024-11-30,ok,4368,61915.0,2026-09-26T17:12:04+00:00
carga_programada,SECO/2024-12-01_2025-02-28,ok,4320,61054.0,2026-09-26T17:12:04+00:00
carga_programada,SECO/2025-03-01_2025-05-31,ok,4416,62437.0,2026-09-26T17:12:04+00:00
carga_programada,SECO/2025-06-01_2025-08-31,ok,4416,62503.0,2026-09-26T17:12:04+00:00
carga_programada,SECO/2025-09-01_2025-11-30,ok,4368,61789.0,2026-09-26T17:12:04+00:00
carga_programada,SECO/2025-12-01_2026-02-28,ok,4320,61038.0,2026-09-26T17:12:04+00:00
carga_programada,SECO/2026-03-01_2026-05-31,ok,4416,62367.0,2026-09-26T17:12:05+00:00
carga_programada,SECO/2026-06-01_2026-08-31,ok,4416,62566.0,2026-09-26T17:55:45+00:00
carga_programada,SECO/2026-09-01_2026-09-25,ok,1200,18902.0,2026-09-26T17:55:45+00:00
carga_verificada,AC/2016-01-01_2016-03-31,ok,4370,132806.0,2026-09-26T17:07:15+00:00
carga_verificada,AC/2016-04-01_2016-06-30,ok,4368,135685.0,2026-09-26T17:07:15+00:00
carga_verificada,AC/2016-07-01_2016-09-30,ok,4416,140149.0,2026-09-26T17:07:16+00:00
carga_verificada,AC/2016-10-01_2016-12-31,ok,4414,133914.0,2026-09-26T17:07:16+00:00
carga_verificada,AC/2017-01-01_2017-03-31,ok,4322,133139.0,2026-09-26T17:07:16+00:00
carga_verificada,AC/2017-04-01_2017-06-30,ok,4368,140769.0,2026-09-26T17:07:17+00:00
carga_verificada,AC/2017-07-01_2017-09-30,ok,4416,134854.0,2026-09-26T17:07:17+00:00
carga_verificada,AC/2017-10-01_2017-12-31,ok,4414,134631.0,2026-09-26T17:07:17+00:00
carga_verificada,AC/2018-01-01_2018-03-31,ok,4322,134285.0,2026-09-26T17:07:17+00:00
carga_verificada,AC/2018-04-01_2018-06-30,ok,4368,134517.0,2026-09-26T17:07:18+00:00
carga_verificada,AC/2018-07-01_2018-09-30,ok,4416,135865.0,2026-09-26T17:07:20+00:00
carga_verificada,AC/2018-10-01_2018-12-31,ok,4414,135305.0,2026-09-26T17:07:19+00:00
carga_verificada,AC/2019-01-01_2019-03-31,ok,4322,158775.0,2026-09-26T17:07:20+00:00
carga_verificada,AC/2019-04-01_2019-06-30,ok,4368,183176.0,2026-09-26T17:07:20+00:00
carga_verificada,AC/2019-07-01_2019-09-30,ok,4416,189283.0,2026-09-26T17:07:21+00:00
carga_verificada,AC/2019-10-01_2019-12-31,ok,4416,194687.0,2026-09-26T17:07:21+00:00
carga_verificada,AC/2020-01-01_2020-03-31,ok,4368,204580.0,2026-09-26T17:07:21+00:00
carga_verificada,AC/2020-04-01_2020-06-30,ok,4368,187249.0,2026-09-26T17:07:21+00:00
carga_verificada,AC/2020-07-01_2020-09-30,ok,4416,192629.0,2026-09-26T17:07:22+00:00
carga_verificada,AC/2020-10-01_2020-12-31,ok,4416,207922.0,2026-09-26T17:07:22+00:00
carga_verificada,AC/2021-01-01_2021-03-31,ok,4320,188009.0,2026-09-26T17:07:22+00:00
carga_verificada,AC/2021-04-01_2021-06-30,ok,4368,190797.0,2026-09-26T17:07:22+00:00
carga_verificada,AC/2021-07-01_2021-09-30,ok,4416,209634.0,2026-09-26T17:07:23+00:00
carga_verificada,AC/2021-10-01_2021-12-31,ok,4416,195317.0,2026-09-26T17:07:23+00:00
carga_verificada,AC/2022-01-01_2022-03-31,ok,4320,184848.0,2026-09-26T17:07:23+00:00
carga_verificada,AC/2022-04-01_2022-06-30,ok,4368,179523.0,2026-09-26T17:07:23+00:00
carga_verificada,AC/2022-07-01_2022-09-30,ok,4416,187726.0,2026-09-26T17:07:24+00:00
carga_verificada,AC/2022-10-01_2022-12-31,ok,4416,192730.0,2026-09-26T17:07:24+00:00
carga_verificada,AC/2023-01-01_2023-03-31,ok,4320,195841.0,2026-09-26T17:07:24+00:00
carga_verificada,AC/2023-04-01_2023-06-30,ok,4368,204299.0,2026-09-26T17:07:24+00:00
carga_verificada,AC/2023-07-01_2023-09-30,ok,4416,191093.0,2026-09-26T17:07:26+00:00
carga_verificada,AC/2023-10-01_2023-12-31,ok,4416,206474.0,2026-09-26T17:07:26+00:00
carga_verificada,AC/2024-01-01_2024-03-31,ok,4368,198750.0,2026-09-26T17:07:26+00:00
carga_verificada,AC/2024-04-01_2024-06-30,ok,4368,193310.0,2026-09-26T17:07:26+00:00
carga_verificada,AC/2024-07-01_2024-09-30,ok,4416,223525.0,2026-09-26T17:07:27+00:00
carga_verificada,AC/2024-10-01_2024-12-31,ok,4416,190998.0,2026-09-26T17:07:27+00:00
carga_verificada,AC/2025-01-01_2025-03-31,ok,4320,204171.0,2026-09-26T17:07:27+00:00
carga_verificada,AC/2025-04-01_2025-06-30,ok,4368,190946.0,2026-09-26T17:07:27+00:00
carga_verificada,AC/2025-07-01_2025-09-30,ok,4416,207499.0,2026-09-26T17:07:28+00:00
carga_verificada,AC/2025-10-01_2025-12-31,ok,4416,211063.0,2026-09-26T17:07:28+00:00
carga_verificada,AC/2026-01-01_2026-03-31,ok,4320,199793.0,2026-09-26T17:07:28+00:00
carga_verificada,AC/2026-04-01_2026-06-30,ok,4368,217657.0,2026-09-26T17:07:28+00:00
carga_verificada,AC/2026-07-01_2026-09-25,ok,4176,199318.0,2026-09-26T17:55:41+00:00
carga_verificada,ALPE/2016-01-01_2016-03-31,ok,4370,194004.0,2026-09-26T17:08:52+00:00
carga_verificada,ALPE/2016-04-01_2016-06-30,ok,4368,172898.0,2026-09-26T17:08:52+00:00
carga_verificada,ALPE/2016-07-01_2016-09-30,ok,4416,177284.0,2026-09-26T17:08:52+00:00
carga_verificada,ALPE/2016-10-01_2016-12-31,ok,4414,173129.0,2026-09-26T17:08:52+00:00
carga_verificada,ALPE/2017-01-01_2017-03-31,ok,4322,174309.0,2026-09-26T17:08:52+00:00
carga_verificada,ALPE/2017-04-01_2017-06-30,ok,4368,179475.0,2026-09-26T17:08:53+00:00
carga_verificada,ALPE/2017-07-01_2017-09-30,ok,4416,190103.0,2026-09-26T17:08:53+00:00
carga_verificada,ALPE/2017-10-01_2017-12-31,ok,4414,175729.0,2026-09-26T17:08:53+00:00
carga_verificada,ALPE/2018-01-01_2018-03-31,ok,4322,171286.0,2026-09-26T17:08:53+00:00
carga_verificada,ALPE/2018-04-01_2018-06-30,ok,4368,179119.0,2026-09-26T17:08:54+00:00
carga_verificada,ALPE/2018-07-01_2018-09-30,ok,4416,175321.0,2026-09-26T17:08:54+00:00
carga_verificada,ALPE/2018-10-01_2018-12-31,ok,4414,178369.0,2026-09-26T17:08:54+00:00
carga_verificada,ALPE/2019-01-01_2019-03-31,ok,4322,205036.0,2026-09-26T17:08:54+00:00
carga_verificada,ALPE/2019-04-01_2019-06-30,ok,4368,235683.0,2026-09-26T17:08:56+00:00
carga_verificada,ALPE/2019-07-01_2019-09-30,ok,4416,244222.0,2026-09-26T17:08:56+00:00
carga_verificada,ALPE/2019-10-01_2019-12-31,ok,4416,254774.0,2026-09-26T17:08:56+00:00
carga_verificada,ALPE/2020-01-01_2020-03-31,ok,4368,243235.0,2026-09-26T17:08:56+00:00
carga_verificada,ALPE/2020-04-01_2020-06-30,ok,4368,234549.0,2026-09-26T17:08:57+00:00
carga_verificada,ALPE/2020-07-01_2020-09-30,ok,4416,253399.0,2026-09-26T17:08:57+00:00
carga_verificada,ALPE/2020-10-01_2020-12-31,ok,4416,244723.0,2026-09-26T17:08:57+00:00
carga_verificada,ALPE/2021-01-01_2021-03-31,ok,4320,237996.0,2026-09-26T17:08:57+00:00
carga_verificada,ALPE/2021-04-01_2021-06-30,ok,4368,232355.0,2026-09-26T17:08:58+00:00
carga_verificada,ALPE/2021-07-01_2021-09-30,ok,4416,241600.0,2026-09-26T17:08:58+00:00
carga_verificada,ALPE/2021-10-01_2021-12-31,ok,4416,232306.0,2026-09-26T17:08:58+00:00
carga_verificada,ALPE/2022-01-01_2022-03-31,ok,4320,224247.0,2026-09-26T17:08:58+00:00
carga_verificada,ALPE/2022-04-01_2022-06-30,ok,4368,224128.0,2026-09-26T17:08:59+00:00
carga_verificada,ALPE/2022-07-01_2022-09-30,ok,4416,220169.0,2026-09-26T17:08:59+00:00
carga_verificada,ALPE/2022-10-01_2022-12-31,ok,4416,224134.0,2026-09-26T17:08:59+00:00
carga_verificada,ALPE/2023-01-01_2023-03-31,ok,4320,215754.0,2026-09-26T17:08:59+00:00
carga_verificada,ALPE/2023-04-01_2023-06-30,ok,4368,224081.0,2026-09-26T17:09:01+00:00
carga_verificada,ALPE/2023-07-01_2023-09-30,ok,4416,227726.0,2026-09-26T17:09:01+00:00
carga_verificada,ALPE/2023-10-01_2023-12-31,ok,4416,233956.0,2026-09-26T17:09:01+00:00
carga_verificada,ALPE/2024-01-01_2024-03-31,ok,4368,227064.0,2026-09-26T17:09:01+00:00
carga_verificada,ALPE/2024-04-01_2024-06-30,ok,4368,224813.0,2026-09-26T17:09:02+00:00
carga_verificada,ALPE/2024-07-01_2024-09-30,ok,4416,226854.0,2026-09-26T17:09:02+00:00
carga_verificada,ALPE/2024-10-01_2024-12-31,ok,4416,240508.0,2026-09-26T17:09:02+00:00
carga_verificada,ALPE/2025-01-01_2025-03-31,ok,4320,228845.0,2026-09-26T17:09:02+00:00
carga_verificada,ALPE/2025-04-01_2025-06-30,ok,4368,246277.0,2026-09-26T17:09:03+00:00
carga_verificada,ALPE/2025-07-01_2025-09-30,ok,4416,227654.0,2026-09-26T17:09:03+00:00
carga_verificada,ALPE/2025-10-01_2025-12-31,ok,4416,230091.0,2026-09-26T17:09:03+00:00
carga_verificada,ALPE/2026-01-01_2026-03-31,ok,4320,251946.0,2026-09-26T17:09:03+00:00
carga_verificada,ALPE/2026-04-01_2026-06-30,ok,4368,230404.0,2026-09-26T17:09:04+00:00
carga_verificada,ALPE/2026-07-01_2026-09-25,ok,4176,219348.0,2026-09-26T17:55:42+00:00
carga_verificada,AM/2016-01-01_2016-03-31,ok,4370,140753.0,2026-09-26T17:10:54+00:00
carga_verificada,AM/2016-04-01_2016-06-30,ok,4368,140854.0,2026-09-26T17:10:57+00:00
carga_verificada,AM/2016-07-01_2016-09-30,ok,4416,146869.0,2026-09-26T17:10:57+00:00
carga_verificada,AM/2016-10-01_2016-12-31,ok,4414,142194.0,2026-09-26T17:10:57+00:00
carga_verificada,AM/2017-01-01_2017-03-31,ok,4322,139952.0,2026-09-26T17:10:57+00:00
carga_verificada,AM/2017-04-01_2017-06-30,ok,4368,160542.0,2026-09-26T17:10:58+00:00
carga_verificada,AM/2017-07-01_2017-09-30,ok,4416,142366.0,2026-09-26T17:10:59+00:00
carga_verificada,AM/2017-10-01_2017-12-31,ok,4414,148212.0,2026-09-26T17:10:59+00:00
carga_verificada,AM/2018-01-01_2018-03-31,ok,4322,141440.0,2026-09-26T17:10:59+00:00
carga_verificada,AM/2018-04-01_2018-06-30,ok,4368,147212.0,2026-09-26T17:10:59+00:00
carga_verificada,AM/2018-07-01_2018-09-30,ok,4416,148989.0,2026-09-26T17:10:59+00:00
carga_verificada,AM/2018-10-01_2018-12-31,ok,4414,163107.0,2026-09-26T17:11:00+00:00
carga_verificada,AM/2019-01-01_2019-03-31,ok,4322,172719.0,2026-09-26T17:11:00+00:00
carga_verificada,AM/2019-04-01_2019-06-30,ok,4368,196667.0,2026-09-26T17:11:00+00:00
carga_verificada,AM/2019-07-01_2019-09-30,ok,4416,197488.0,2026-09-26T17:11:00+00:00
carga_verificada,AM/2019-10-01_2019-12-31,ok,4416,206013.0,2026-09-26T17:11:01+00:00
carga_verificada,AM/2020-01-01_2020-03-31,ok,4368,200425.0,2026-09-26T17:11:01+00:00
carga_verificada,AM/2020-04-01_2020-06-30,ok,4368,195204.0,2026-09-26T17:11:01+00:00
carga_verificada,AM/2020-07-01_2020-09-30,ok,4416,199165.0,2026-09-26T17:11:02+00:00
carga_verificada,AM/2020-10-01_2020-12-31,ok,4416,200395.0,2026-09-26T17:11:03+00:00
carga_verificada,AM/2021-01-01_2021-03-31,ok,4320,195143.0,2026-09-26T17:11:03+00:00
carga_verificada,AM/2021-04-01_2021-06-30,ok,4368,195839.0,2026-09-26T17:11:02+00:00
carga_verificada,AM/2021-07-01_2021-09-30,ok,4416,199889.0,2026-09-26T17:11:03+00:00
carga_verificada,AM/2021-10-01_2021-12-31,ok,4416,203707.0,2026-09-26T17:11:03+00:00
carga_verificada,AM/2022-01-01_2022-03-31,ok,4320,189355.0,2026-09-26T17:11:04+00:00
carga_verificada,AM/2022-04-01_2022-06-30,ok,4368,195084.0,2026-09-26T17:11:04+00:00
carga_verificada,AM/2022-07-01_2022-09-30,ok,4416,194419.0,2026-09-26T17:11:04+00:00
carga_verificada,AM/2022-10-01_2022-12-31,ok,4416,207501.0,2026-09-26T17:11:04+00:00
carga_verificada,AM/2023-01-01_2023-03-31,ok,4320,206784.0,2026-09-26T17:11:06+00:00
carga_verificada,AM/2023-04-01_2023-06-30,ok,4368,205133.0,2026-09-26T17:11:06+00:00
carga_verificada,AM/2023-07-01_2023-09-30,ok,4416,227864.0,2026-09-26T17:11:06+00:00
carga_verificada,AM/2023-10-01_2023-12-31,ok,4416,226957.0,2026-09-26T17:11:06+00:00
carga_verificada,AM/2024-01-01_2024-03-31,ok,4368,203333.0,2026-09-26T17:11:06+00:00
carga_verificada,AM/2024-04-01_2024-06-30,ok,4368,199663.0,2026-09-26T17:11:07+00:00
carga_verificada,AM/2024-07-01_2024-09-30,ok,4416,198390.0,2026-09-26T17:11:07+00:00
carga_verificada,AM/2024-10-01_2024-12-31,ok,4416,210419.0,2026-09-26T17:11:07+00:00
carga_verificada,AM/2025-01-01_2025-03-31,ok,4320,196597.0,2026-09-26T17:11:07+00:00
carga_verificada,AM/2025-04-01_2025-06-30,ok,4368,196525.0,2026-09-26T17:11:09+00:00
carga_verificada,AM/2025-07-01_2025-09-30,ok,4416,199683.0,2026-09-26T17:11:09+00:00
carga_verificada,AM/2025-10-01_2025-12-31,ok,4416,216227.0,2026-09-26T17:11:09+00:00
carga_verificada,AM/2026-01-01_2026-03-31,ok,4320,220707.0,2026-09-26T17:11:09+00:00
carga_verificada,AM/2026-04-01_2026-06-30,ok,4368,199444.0,2026-09-26T17:11:09+00:00
carga_verificada,AM/2026-07-01_2026-09-25,ok,4176,197956.0,2026-09-26T17:55:44+00:00
carga_verificada,AP/2016-01-01_2016-03-31,ok,4370,133586.0,2026-09-26T17:10:37+00:00
carga_verificada,AP/2016-04-01_2016-06-30,ok,4368,132994.0,2026-09-26T17:10:37+00:00
carga_verificada,AP/2016-07-01_2016-09-30,ok,4416,134302.0,2026-09-26T17:10:37+00:00
carga_verificada,AP/2016-10-01_2016-12-31,ok,4414,134046.0,2026-09-26T17:10:37+00:00
carga_verificada,AP/2017-01-01_2017-03-31,ok,4322,149364.0,2026-09-26T17:10:39+00:00
carga_verificada,AP/2017-04-01_2017-06-30,ok,4368,146395.0,2026-09-26T17:10:38+00:00
carga_verificada,AP/2017-07-01_2017-09-30,ok,4416,148441.0,2026-09-26T17:10:39+00:00
carga_verificada,AP/2017-10-01_2017-12-31,ok,4414,152680.0,2026-09-26T17:10:39+00:00
carga_verificada,AP/2018-01-01_2018-03-31,ok,4322,128317.0,2026-09-26T17:10:39+00:00
carga_verificada,AP/2018-04-01_2018-06-30,ok,4368,130157.0,2026-09-26T17:10:40+00:00
carga_verificada,AP/2018-07-01_2018-09-30,ok,4416,133291.0,2026-09-26T17:10:40+00:00
carga_verificada,AP/2018-10-01_2018-12-31,ok,4414,152470.0,2026-09-26T17:10:40+00:00
carga_verificada,AP/2019-01-01_2019-03-31,ok,4322,166259.0,2026-09-26T17:10:40+00:00
carga_verificada,AP/2019-04-01_2019-06-30,ok,4368,196752.0,2026-09-26T17:10:42+00:00
carga_verificada,AP/2019-07-01_2019-09-30,ok,4416,218176.0,2026-09-26T17:10:42+00:00
carga_verificada,AP/2019-10-01_2019-12-31,ok,4416,236196.0,2026-09-26T17:10:42+00:00
carga_verificada,AP/2020-01-01_2020-03-31,ok,4368,209563.0,2026-09-26T17:10:42+00:00
carga_verificada,AP/2020-04-01_2020-06-30,ok,4368,216710.0,2026-09-26T17:10:44+00:00
carga_verificada,AP/2020-07-01_2020-09-30,ok,4416,220838.0,2026-09-26T17:10:44+00:00
carga_verificada,AP/2020-10-01_2020-12-31,ok,4416,218366.0,2026-09-26T17:10:44+00:00
carga_verificada,AP/2021-01-01_2021-03-31,ok,4320,199736.0,2026-09-26T17:10:44+00:00
carga_verificada,AP/2021-04-01_2021-06-30,ok,4368,190593.0,2026-09-26T17:10:45+00:00
carga_verificada,AP/2021-07-01_2021-09-30,ok,4416,207490.0,2026-09-26T17:10:46+00:00
carga_verificada,AP/2021-10-01_2021-12-31,ok,4416,206558.0,2026-09-26T17:10:47+00:00
carga_verificada,AP/2022-01-01_2022-03-31,ok,4320,175852.0,2026-09-26T17:10:47+00:00
carga_verificada,AP/2022-04-01_2022-06-30,ok,4368,178600.0,2026-09-26T17:10:47+00:00
carga_verificada,AP/2022-07-01_2022-09-30,ok,4416,188653.0,2026-09-26T17:10:47+00:00
carga_verificada,AP/2022-10-01_2022-12-31,ok,4416,204058.0,2026-09-26T17:10:48+00:00
carga_verificada,AP/2023-01-01_2023-03-31,ok,4320,191229.0,2026-09-26T17:10:49+00:00
carga_verificada,AP/2023-04-01_2023-06-30,ok,4368,192700.0,2026-09-26T17:10:49+00:00
carga_verificada,AP/2023-07-01_2023-09-30,ok,4416,192131.0,2026-09-26T17:10:49+00:00
carga_verificada,AP/2023-10-01_2023-12-31,ok,4416,197825.0,2026-09-26T17:10:49+00:00
carga_verificada,AP/2024-01-01_2024-03-31,ok,4368,192897.0,2026-09-26T17:10:51+00:00
carga_verificada,AP/2024-04-01_2024-06-30,ok,4368,194377.0,2026-09-26T17:10:51+00:00
carga_verificada,AP/2024-07-01_2024-09-30,ok,4416,195256.0,2026-09-26T17:10:51+00:00
carga_verificada,AP/2024-10-01_2024-12-31,ok,4416,192816.0,2026-09-26T17:10:51+00:00
carga_verificada,AP/2025-01-01_2025-03-31,ok,4320,187794.0,2026-09-26T17:10:53+00:00
carga_verificada,AP/2025-04-01_2025-06-30,ok,4368,196459.0,2026-09-26T17:10:53+00:00
carga_verificada,AP/2025-07-01_2025-09-30,ok,4416,228128.0,2026-09-26T17:10:53+00:00
carga_verificada,AP/2025-10-01_2025-12-31,ok,4416,207389.0,2026-09-26T17:10:53+00:00
carga_verificada,AP/2026-01-01_2026-03-31,ok,4320,199648.0,2026-09-26T17:10:55+00:00
carga_verificada,AP/2026-04-01_2026-06-30,ok,4368,212837.0,2026-09-26T17:10:55+00:00
carga_verificada,AP/2026-07-01_2026-09-25,ok,4176,186266.0,2026-09-26T17:55:44+00:00
carga_verificada,BAOE/2016-01-01_2016-03-31,ok,4370,136201.0,2026-09-26T17:08:38+00:00
carga_verificada,BAOE/2016-04-01_2016-06-30,ok,4368,138021.0,2026-09-26T17:08:38+00:00
carga_verificada,BAOE/2016-07-01_2016-09-30,ok,4416,137469.0,2026-09-26T17:08:39+00:00
carga_verificada,BAOE/2016-10-01_2016-12-31,ok,4414,139244.0,2026-09-26T17:08:39+00:00
carga_verificada,BAOE/2017-01-01_2017-03-31,ok,4322,136291.0,2026-09-26T17:08:39+00:00
carga_verificada,BAOE/2017-04-01_2017-06-30,ok,4368,136886.0,2026-09-26T17:08:39+00:00
carga_verificada,BAOE/2017-07-01_2017-09-30,ok,4416,136611.0,2026-09-26T17:08:40+00:00
carga_verificada,BAOE/2017-10-01_2017-12-31,ok,4414,162122.0,2026-09-26T17:08:40+00:00
carga_verificada,BAOE/2018-01-01_2018-03-31,ok,4322,142456.0,2026-09-26T17:08:40+00:00
carga_verificada,BAOE/2018-04-01_2018-06-30,ok,4368,138158.0,2026-09-26T17:08:41+00:00
carga_verificada,BAOE/2018-07-01_2018-09-30,ok,4416,142202.0,2026-09-26T17:08:41+00:00
carga_verificada,BAOE/2018-10-01_2018-12-31,ok,4414,140585.0,2026-09-26T17:08:41+00:00
carga_verificada,BAOE/2019-01-01_2019-03-31,ok,4322,166991.0,2026-09-26T17:08:41+00:00
carga_verificada,BAOE/2019-04-01_2019-06-30,ok,4368,196845.0,2026-09-26T17:08:42+00:00
carga_verificada,BAOE/2019-07-01_2019-09-30,ok,4416,196713.0,2026-09-26T17:08:42+00:00
carga_verificada,BAOE/2019-10-01_2019-12-31,ok,4416,214425.0,2026-09-26T17:08:42+00:00
carga_verificada,BAOE/2020-01-01_2020-03-31,ok,4368,243941.0,2026-09-26T17:08:42+00:00
carga_verificada,BAOE/2020-04-01_2020-06-30,ok,4368,236064.0,2026-09-26T17:08:43+00:00
carga_verificada,BAOE/2020-07-01_2020-09-30,ok,4416,250577.0,2026-09-26T17:08:43+00:00
carga_verificada,BAOE/2020-10-01_2020-12-31,ok,4416,244281.0,2026-09-26T17:08:43+00:00
carga_verificada,BAOE/2021-01-01_2021-03-31,ok,4320,244768.0,2026-09-26T17:08:43+00:00
carga_verificada,BAOE/2021-04-01_2021-06-30,ok,4368,248763.0,2026-09-26T17:08:44+00:00
carga_verificada,BAOE/2021-07-01_2021-09-30,ok,4416,244979.0,2026-09-26T17:08:44+00:00
carga_verificada,BAOE/2021-10-01_2021-12-31,ok,4416,241674.0,2026-09-26T17:08:44+00:00
carga_verificada,BAOE/2022-01-01_2022-03-31,ok,4320,227425.0,2026-09-26T17:08:44+00:00
carga_verificada,BAOE/2022-04-01_2022-06-30,ok,4368,224379.0,2026-09-26T17:08:45+00:00
carga_verificada,BAOE/2022-07-01_2022-09-30,ok,4416,225563.0,2026-09-26T17:08:45+00:00
carga_verificada,BAOE/2022-10-01_2022-12-31,ok,4416,226277.0,2026-09-26T17:08:45+00:00
carga_verificada,BAOE/2023-01-01_2023-03-31,ok,4320,233447.0,2026-09-26T17:08:45+00:00
carga_verificada,BAOE/2023-04-01_2023-06-30,ok,4368,231707.0,2026-09-26T17:08:46+00:00
carga_verificada,BAOE/2023-07-01_2023-09-30,ok,4416,243320.0,2026-09-26T17:08:46+00:00
carga_verificada,BAOE/2023-10-01_2023-12-31,ok,4416,241933.0,2026-09-26T17:08:46+00:00
carga_verificada,BAOE/2024-01-01_2024-03-31,ok,4368,231605.0,2026-09-26T17:08:46+00:00
carga_verificada,BAOE/2024-04-01_2024-06-30,ok,4368,250725.0,2026-09-26T17:08:47+00:00
carga_verificada,BAOE/2024-07-01_2024-09-30,ok,4416,235223.0,2026-09-26T17:08:48+00:00
carga_verificada,BAOE/2024-10-01_2024-12-31,ok,4416,235109.0,2026-09-26T17:08:49+00:00
carga_verificada,BAOE/2025-01-01_2025-03-31,ok,4320,227864.0,2026-09-26T17:08:49+00:00
carga_verificada,BAOE/2025-04-01_2025-06-30,ok,4368,251685.0,2026-09-26T17:08:49+00:00
carga_verificada,BAOE/2025-07-01_2025-09-30,ok,4416,232350.0,2026-09-26T17:08:50+00:00
carga_verificada,BAOE/2025-10-01_2025-12-31,ok,4416,251914.0,2026-09-26T17:08:51+00:00
carga_verificada,BAOE/2026-01-01_2026-03-31,ok,4320,240773.0,2026-09-26T17:08:51+00:00
carga_verificada,BAOE/2026-04-01_2026-06-30,ok,4368,239155.0,2026-09-26T17:08:51+00:00
carga_verificada,BAOE/2026-07-01_2026-09-25,ok,4176,227610.0,2026-09-26T17:55:42+00:00
carga_verificada,BASE/2016-01-01_2016-03-31,ok,4370,172300.0,2026-09-26T17:08:25+00:00
carga_verificada,BASE/2016-04-01_2016-06-30,ok,4368,172076.0,2026-09-26T17:08:25+00:00
carga_verificada,BASE/2016-07-01_2016-09-30,ok,4416,172241.0,2026-09-26T17:08:25+00:00
carga_verificada,BASE/2016-10-01_2016-12-31,ok,4414,174002.0,2026-09-26T17:08:25+00:00
carga_verificada,BASE/2017-01-01_2017-03-31,ok,4322,170071.0,2026-09-26T17:08:27+00:00
carga_verificada,BASE/2017-04-01_2017-06-30,ok,4368,174037.0,2026-09-26T17:08:27+00:00
carga_verificada,BASE/2017-07-01_2017-09-30,ok,4416,173624.0,2026-09-26T17:08:27+00:00
carga_verificada,BASE/2017-10-01_2017-12-31,ok,4414,175566.0,2026-09-26T17:08:27+00:00
carga_verificada,BASE/2018-01-01_2018-03-31,ok,4322,179974.0,2026-09-26T17:08:28+00:00
carga_verificada,BASE/2018-04-01_2018-06-30,ok,4368,173980.0,2026-09-26T17:08:28+00:00
carga_verificada,BASE/2018-07-01_2018-09-30,ok,4416,187775.0,2026-09-26T17:08:28+00:00
carga_verificada,BASE/2018-10-01_2018-12-31,ok,4414,175269.0,2026-09-26T17:08:28+00:00
carga_verificada,BASE/2019-01-01_2019-03-31,ok,4322,199649.0,2026-09-26T17:08:29+00:00
carga_verificada,BASE/2019-04-01_2019-06-30,ok,4368,235456.0,2026-09-26T17:08:29+00:00
carga_verificada,BASE/2019-07-01_2019-09-30,ok,4416,229769.0,2026-09-26T17:08:29+00:00
carga_verificada,BASE/2019-10-01_2019-12-31,ok,4416,237123.0,2026-09-26T17:08:29+00:00
carga_verificada,BASE/2020-01-01_2020-03-31,ok,4368,242320.0,2026-09-26T17:08:31+00:00
carga_verificada,BASE/2020-04-01_2020-06-30,ok,4368,235562.0,2026-09-26T17:08:31+00:00
carga_verificada,BASE/2020-07-01_2020-09-30,ok,4416,242447.0,2026-09-26T17:08:31+00:00
carga_verificada,BASE/2020-10-01_2020-12-31,ok,4416,236173.0,2026-09-26T17:08:31+00:00
carga_verificada,BASE/2021-01-01_2021-03-31,ok,4320,232917.0,2026-09-26T17:08:32+00:00
carga_verificada,BASE/2021-04-01_2021-06-30,ok,4368,233181.0,2026-09-26T17:08:32+00:00
carga_verificada,BASE/2021-07-01_2021-09-30,ok,4416,235410.0,2026-09-26T17:08:32+00:00
carga_verificada,BASE/2021-10-01_2021-12-31,ok,4416,234408.0,2026-09-26T17:08:32+00:00
carga_verificada,BASE/2022-01-01_2022-03-31,ok,4320,222117.0,2026-09-26T17:08:33+00:00
carga_verificada,BASE/2022-04-01_2022-06-30,ok,4368,221236.0,2026-09-26T17:08:33+00:00
carga_verificada,BASE/2022-07-01_2022-09-30,ok,4416,220031.0,2026-09-26T17:08:33+00:00
carga_verificada,BASE/2022-10-01_2022-12-31,ok,4416,222197.0,2026-09-26T17:08:33+00:00
carga_verificada,BASE/2023-01-01_2023-03-31,ok,4320,234409.0,2026-09-26T17:08:34+00:00
carga_verificada,BASE/2023-04-01_2023-06-30,ok,4368,223942.0,2026-09-26T17:08:34+00:00
carga_verificada,BASE/2023-07-01_2023-09-30,ok,4416,227275.0,2026-09-26T17:08:34+00:00
carga_verificada,BASE/2023-10-01_2023-12-31,ok,4416,229658.0,2026-09-26T17:08:34+00:00
carga_verificada,BASE/2024-01-01_2024-03-31,ok,4368,228217.0,2026-09-26T17:08:36+00:00
carga_verificada,BASE/2024-04-01_2024-06-30,ok,4368,229668.0,2026-09-26T17:08:36+00:00
carga_verificada,BASE/2024-07-01_2024-09-30,ok,4416,230135.0,2026-09-26T17:08:36+00:00
carga_verificada,BASE/2024-10-01_2024-12-31,ok,4416,230612.0,2026-09-26T17:08:36+00:00
carga_verificada,BASE/2025-01-01_2025-03-31,ok,4320,223813.0,2026-09-26T17:08:36+00:00
carga_verificada,BASE/2025-04-01_2025-06-30,ok,4368,222580.0,2026-09-26T17:08:37+00:00
carga_verificada,BASE/2025-07-01_2025-09-30,ok,4416,228962.0,2026-09-26T17:08:37+00:00
carga_verificada,BASE/2025-10-01_2025-12-31,ok,4416,237754.0,2026-09-26T17:08:37+00:00
carga_verificada,BASE/2026-01-01_2026-03-31,ok,4320,230067.0,2026-09-26T17:08:37+00:00
carga_verificada,BASE/2026-04-01_2026-06-30,ok,4368,223610.0,2026-09-26T17:08:38+00:00
carga_verificada,BASE/2026-07-01_2026-09-25,ok,4176,215867.0,2026-09-26T17:55:42+00:00
carga_verificada,CE/2016-01-01,sem_dados,0,,
carga_verificada,CE/2016-04-01,sem_dados,0,,
carga_verificada,CE/2016-07-01,sem_dados,0,,
carga_verificada,CE/2016-10-01,sem_dados,0,,
carga_verificada,CE/2017-01-01_2017-03-31,ok,4322,140284.0,2026-09-26T17:09:21+00:00
carga_verificada,CE/2017-04-01_2017-06-30,ok,4368,142629.0,2026-09-26T17:09:22+00:00
carga_verificada,CE/2017-07-01_2017-09-30,ok,4416,181794.0,2026-09-26T17:09:22+00:00
carga_verificada,CE/2017-10-01_2017-12-31,ok,4414,179879.0,2026-09-26T17:09:22+00:00
carga_verificada,CE/2018-01-01_2018-03-31,ok,4322,180864.0,2026-09-26T17:09:22+00:00
carga_verificada,CE/2018-04-01_2018-06-30,ok,4368,177288.0,2026-09-26T17:09:24+00:00
carga_verificada,CE/2018-07-01_2018-09-30,ok,4416,177187.0,2026-09-26T17:09:24+00:00
carga_verificada,CE/2018-10-01_2018-12-31,ok,4414,176972.0,2026-09-26T17:09:24+00:00
carga_verificada,CE/2019-01-01_2019-03-31,ok,4322,214112.0,2026-09-26T17:09:24+00:00
carga_verificada,CE/2019-04-01_2019-06-30,ok,4368,241821.0,2026-09-26T17:09:24+00:00
carga_verificada,CE/2019-07-01_2019-09-30,ok,4416,247659.0,2026-09-26T17:09:25+00:00
carga_verificada,CE/2019-10-01_2019-12-31,ok,4416,239835.0,2026-09-26T17:09:25+00:00
carga_verificada,CE/2020-01-01_2020-03-31,ok,4368,237241.0,2026-09-26T17:09:25+00:00
carga_verificada,CE/2020-04-01_2020-06-30,ok,4368,254020.0,2026-09-26T17:09:25+00:00
carga_verificada,CE/2020-07-01_2020-09-30,ok,4416,239609.0,2026-09-26T17:09:26+00:00
carga_verificada,CE/2020-10-01_2020-12-31,ok,4416,238867.0,2026-09-26T17:09:26+00:00
carga_verificada,CE/2021-01-01_2021-03-31,ok,4320,251177.0,2026-09-26T17:09:26+00:00
carga_verificada,CE/2021-04-01_2021-06-30,ok,4368,252470.0,2026-09-26T17:09:26+00:00
carga_verificada,CE/2021-07-01_2021-09-30,ok,4416,247462.0,2026-09-26T17:09:27+00:00
carga_verificada,CE/2021-10-01_2021-12-31,ok,4416,238440.0,2026-09-26T17:09:27+00:00
carga_verificada,CE/2022-01-01_2022-03-31,ok,4320,228448.0,2026-09-26T17:09:27+00:00
carga_verificada,CE/2022-04-01_2022-06-30,ok,4368,228457.0,2026-09-26T17:09:27+00:00
carga_verificada,CE/2022-07-01_2022-09-30,ok,4416,221419.0,2026-09-26T17:09:29+00:00
carga_verificada,CE/2022-10-01_2022-12-31,ok,4416,224005.0,2026-09-26T17:09:28+00:00
carga_verificada,CE/2023-01-01_2023-03-31,ok,4320,223221.0,2026-09-26T17:09:29+00:00
carga_verificada,CE/2023-04-01_2023-06-30,ok,4368,236851.0,2026-09-26T17:09:29+00:00
carga_verificada,CE/2023-07-01_2023-09-30,ok,4416,254153.0,2026-09-26T17:09:30+00:00
carga_verificada,CE/2023-10-01_2023-12-31,ok,4416,248039.0,2026-09-26T17:09:30+00:00
carga_verificada,CE/2024-01-01_2024-03-31,ok,4368,230930.0,2026-09-26T17:09:30+00:00
carga_verificada,CE/2024-04-01_2024-06-30,ok,4368,236529.0,2026-09-26T17:09:30+00:00
carga_verificada,CE/2024-07-01_2024-09-30,ok,4416,236142.0,2026-09-26T17:09:31+00:00
carga_verificada,CE/2024-10-01_2024-12-31,ok,4416,231618.0,2026-09-26T17:09:32+00:00
carga_verificada,CE/2025-01-01_2025-03-31,ok,4320,222051.0,2026-09-26T17:09:31+00:00
carga_verificada,CE/2025-04-01_2025-06-30,ok,4368,230867.0,2026-09-26T17:09:32+00:00
carga_verificada,CE/2025-07-01_2025-09-30,ok,4416,232808.0,2026-09-26T17:09:32+00:00
carga_verificada,CE/2025-10-01_2025-12-31,ok,4416,230419.0,2026-09-26T17:09:32+00:00
carga_verificada,CE/2026-01-01_2026-03-31,ok,4320,240351.0,2026-09-26T17:09:33+00:00
carga_verificada,CE/2026-04-01_2026-06-30,ok,4368,242998.0,2026-09-26T17:09:33+00:00
carga_verificada,CE/2026-07-01_2026-09-25,ok,4176,218122.0,2026-09-26T17:55:43+00:00
carga_verificada,DF/2016-01-01_2016-03-31,ok,4370,188451.0,2026-09-26T17:06:49+00:00
carga_verificada,DF/2016-04-01_2016-06-30,ok,4368,193966.0,2026-09-26T17:06:49+00:00
carga_verificada,DF/2016-07-01_2016-09-30,ok,4416,189963.0,2026-09-26T17:06:49+00:00
carga_verificada,DF/2016-10-01_2016-12-31,ok,4414,181817.0,2026-09-26T17:06:51+00:00
carga_verificada,DF/2017-01-01_2017-03-31,ok,4322,180020.0,2026-09-26T17:06:51+00:00
carga_verificada,DF/2017-04-01_2017-06-30,ok,4368,182282.0,2026-09-26T17:06:51+00:00
carga_verificada,DF/2017-07-01_2017-09-30,ok,4416,189232.0,2026-09-26T17:06:51+00:00
carga_verificada,DF/2017-10-01_2017-12-31,ok,4414,183919.0,2026-09-26T17:06:52+00:00
carga_verificada,DF/2018-01-01_2018-03-31,ok,4322,179408.0,2026-09-26T17:06:52+00:00
carga_verificada,DF/2018-04-01_2018-06-30,ok,4368,180595.0,2026-09-26T17:06:52+00:00
carga_verificada,DF/2018-07-01_2018-09-30,ok,4416,180050.0,2026-09-26T17:06:52+00:00
carga_verificada,DF/2018-10-01_2018-12-31,ok,4414,180704.0,2026-09-26T17:06:53+00:00
carga_verificada,DF/2019-01-01_2019-03-31,ok,4322,208643.0,2026-09-26T17:06:53+00:00
carga_verificada,DF/2019-04-01_2019-06-30,ok,4368,251083.0,2026-09-26T17:06:53+00:00
carga_verificada,DF/2019-07-01_2019-09-30,ok,4416,245118.0,2026-09-26T17:06:53+00:00
carga_verificada,DF/2019-10-01_2019-12-31,ok,4416,251054.0,2026-09-26T17:06:53+00:00
carga_verificada,DF/2020-01-01_2020-03-31,ok,4368,236645.0,2026-09-26T17:06:55+00:00
carga_verificada,DF/2020-04-01_2020-06-30,ok,4368,234244.0,2026-09-26T17:06:55+00:00
carga_verificada,DF/2020-07-01_2020-09-30,ok,4416,250981.0,2026-09-26T17:06:55+00:00
carga_verificada,DF/2020-10-01_2020-12-31,ok,4416,249843.0,2026-09-26T17:06:55+00:00
carga_verificada,DF/2021-01-01_2021-03-31,ok,4320,231545.0,2026-09-26T17:06:55+00:00
carga_verificada,DF/2021-04-01_2021-06-30,ok,4368,235647.0,2026-09-26T17:06:56+00:00
carga_verificada,DF/2021-07-01_2021-09-30,ok,4416,236180.0,2026-09-26T17:06:56+00:00
carga_verificada,DF/2021-10-01_2021-12-31,ok,4416,239622.0,2026-09-26T17:06:56+00:00
carga_verificada,DF/2022-01-01_2022-03-31,ok,4320,236276.0,2026-09-26T17:06:56+00:00
carga_verificada,DF/2022-04-01_2022-06-30,ok,4368,219194.0,2026-09-26T17:06:57+00:00
carga_verificada,DF/2022-07-01_2022-09-30,ok,4416,229928.0,2026-09-26T17:06:57+00:00
carga_verificada,DF/2022-10-01_2022-12-31,ok,4416,226783.0,2026-09-26T17:06:57+00:00
carga_verificada,DF/2023-01-01_2023-03-31,ok,4320,229837.0,2026-09-26T17:06:57+00:00
carga_verificada,DF/2023-04-01_2023-06-30,ok,4368,236284.0,2026-09-26T17:06:57+00:00
carga_verificada,DF/2023-07-01_2023-09-30,ok,4416,245824.0,2026-09-26T17:06:58+00:00
carga_verificada,DF/2023-10-01_2023-12-31,ok,4416,246588.0,2026-09-26T17:06:58+00:00
carga_verificada,DF/2024-01-01_2024-03-31,ok,4368,236988.0,2026-09-26T17:06:58+00:00
carga_verificada,DF/2024-04-01_2024-06-30,ok,4368,230858.0,2026-09-26T17:06:58+00:00
carga_verificada,DF/2024-07-01_2024-09-30,ok,4416,237393.0,2026-09-26T17:07:00+00:00
carga_verificada,DF/2024-10-01_2024-12-31,ok,4416,238573.0,2026-09-26T17:07:00+00:00
carga_verificada,DF/2025-01-01_2025-03-31,ok,4320,231771.0,2026-09-26T17:07:00+00:00
carga_verificada,DF/2025-04-01_2025-06-30,ok,4368,232797.0,2026-09-26T17:07:00+00:00
carga_verificada,DF/2025-07-01_2025-09-30,ok,4416,226033.0,2026-09-26T17:07:01+00:00
carga_verificada,DF/2025-10-01_2025-12-31,ok,4416,254715.0,2026-09-26T17:07:01+00:00
carga_verificada,DF/2026-01-01_2026-03-31,ok,4320,246460.0,2026-09-26T17:07:01+00:00
carga_verificada,DF/2026-04-01_2026-06-30,ok,4368,233576.0,2026-09-26T17:07:01+00:00
carga_verificada,DF/2026-07-01_2026-09-25,ok,4176,224780.0,2026-09-26T17:55:40+00:00
carga_verificada,ES/2016-01-01_2016-03-31,ok,4370,175571.0,2026-09-26T17:06:08+00:00
carga_verificada,ES/2016-04-01_2016-06-30,ok,4368,175367.0,2026-09-26T17:06:09+00:00
carga_verificada,ES/2016-07-01_2016-09-30,ok,4416,178438.0,2026-09-26T17:06:10+00:00
carga_verificada,ES/2016-10-01_2016-12-31,ok,4414,175988.0,2026-09-26T17:06:10+00:00
carga_verificada,ES/2017-01-01_2017-03-31,ok,4322,172203.0,2026-09-26T17:06:10+00:00
carga_verificada,ES/2017-04-01_2017-06-30,ok,4368,187576.0,2026-09-26T17:06:10+00:00
carga_verificada,ES/2017-07-01_2017-09-30,ok,4416,187710.0,2026-09-26T17:06:11+00:00
carga_verificada,ES/2017-10-01_2017-12-31,ok,4414,190101.0,2026-09-26T17:06:11+00:00
carga_verificada,ES/2018-01-01_2018-03-31,ok,4322,173476.0,2026-09-26T17:06:11+00:00
carga_verificada,ES/2018-04-01_2018-06-30,ok,4368,181083.0,2026-09-26T17:06:11+00:00
carga_verificada,ES/2018-07-01_2018-09-30,ok,4416,177462.0,2026-09-26T17:06:11+00:00
carga_verificada,ES/2018-10-01_2018-12-31,ok,4414,179676.0,2026-09-26T17:06:11+00:00
carga_verificada,ES/2019-01-01_2019-03-31,ok,4322,205247.0,2026-09-26T17:06:12+00:00
carga_verificada,ES/2019-04-01_2019-06-30,ok,4368,234856.0,2026-09-26T17:06:12+00:00
carga_verificada,ES/2019-07-01_2019-09-30,ok,4416,242170.0,2026-09-26T17:06:12+00:00
carga_verificada,ES/2019-10-01_2019-12-31,ok,4416,238289.0,2026-09-26T17:06:13+00:00
carga_verificada,ES/2020-01-01_2020-03-31,ok,4368,238724.0,2026-09-26T17:06:13+00:00
carga_verificada,ES/2020-04-01_2020-06-30,ok,4368,253914.0,2026-09-26T17:06:13+00:00
carga_verificada,ES/2020-07-01_2020-09-30,ok,4416,259419.0,2026-09-26T17:06:13+00:00
carga_verificada,ES/2020-10-01_2020-12-31,ok,4416,249676.0,2026-09-26T17:06:13+00:00
carga_verificada,ES/2021-01-01_2021-03-31,ok,4320,257480.0,2026-09-26T17:06:14+00:00
carga_verificada,ES/2021-04-01_2021-06-30,ok,4368,240059.0,2026-09-26T17:06:14+00:00
carga_verificada,ES/2021-07-01_2021-09-30,ok,4416,256862.0,2026-09-26T17:06:14+00:00
carga_verificada,ES/2021-10-01_2021-12-31,ok,4416,261290.0,2026-09-26T17:06:14+00:00
carga_verificada,ES/2022-01-01_2022-03-31,ok,4320,231992.0,2026-09-26T17:06:15+00:00
carga_verificada,ES/2022-04-01_2022-06-30,ok,4368,225965.0,2026-09-26T17:06:15+00:00
carga_verificada,ES/2022-07-01_2022-09-30,ok,4416,219604.0,2026-09-26T17:06:15+00:00
carga_verificada,ES/2022-10-01_2022-12-31,ok,4416,239374.0,2026-09-26T17:06:15+00:00
carga_verificada,ES/2023-01-01_2023-03-31,ok,4320,231315.0,2026-09-26T17:06:17+00:00
carga_verificada,ES/2023-04-01_2023-06-30,ok,4368,236558.0,2026-09-26T17:06:17+00:00
carga_verificada,ES/2023-07-01_2023-09-30,ok,4416,244108.0,2026-09-26T17:06:17+00:00
carga_verificada,ES/2023-10-01_2023-12-31,ok,4416,241473.0,2026-09-26T17:06:17+00:00
carga_verificada,ES/2024-01-01_2024-03-31,ok,4368,229729.0,2026-09-26T17:06:19+00:00
carga_verificada,ES/2024-04-01_2024-06-30,ok,4368,244535.0,2026-09-26T17:06:19+00:00
carga_verificada,ES/2024-07-01_2024-09-30,ok,4416,241162.0,2026-09-26T17:06:19+00:00
carga_verificada,ES/2024-10-01_2024-12-31,ok,4416,232947.0,2026-09-26T17:06:19+00:00
carga_verificada,ES/2025-01-01_2025-03-31,ok,4320,240599.0,2026-09-26T17:06:21+00:00
carga_verificada,ES/2025-04-01_2025-06-30,ok,4368,233978.0,2026-09-26T17:06:21+00:00
carga_verificada,ES/2025-07-01_2025-09-30,ok,4416,226138.0,2026-09-26T17:06:21+00:00
carga_verificada,ES/2025-10-01_2025-12-31,ok,4416,248844.0,2026-09-26T17:06:21+00:00
carga_verificada,ES/2026-01-01_2026-03-31,ok,4320,246133.0,2026-09-26T17:06:21+00:00
carga_verificada,ES/2026-04-01_2026-06-30,ok,4368,237970.0,2026-09-26T17:06:22+00:00
carga_verificada,ES/2026-07-01_2026-09-25,ok,4176,233202.0,2026-09-26T17:55:40+00:00
carga_verificada,GO/2016-01-01_2016-03-31,ok,4370,90543.0,2026-09-26T17:07:02+00:00
carga_verificada,GO/2016-04-01_2016-06-30,ok,4368,97700.0,2026-09-26T17:07:02+00:00
carga_verificada,GO/2016-07-01_2016-09-30,ok,4416,88047.0,2026-09-26T17:07:02+00:00
carga_verificada,GO/2016-10-01_2016-12-31,ok,4414,88884.0,2026-09-26T17:07:03+00:00
carga_verificada,GO/2017-01-01_2017-03-31,ok,4322,175051.0,2026-09-26T17:07:03+00:00
carga_verificada,GO/2017-04-01_2017-06-30,ok,4368,175956.0,2026-09-26T17:07:03+00:00
carga_verificada,GO/2017-07-01_2017-09-30,ok,4416,184045.0,2026-09-26T17:07:03+00:00
carga_verificada,GO/2017-10-01_2017-12-31,ok,4414,177466.0,2026-09-26T17:07:05+00:00
carga_verificada,GO/2018-01-01_2018-03-31,ok,4322,185976.0,2026-09-26T17:07:05+00:00
carga_verificada,GO/2018-04-01_2018-06-30,ok,4368,177809.0,2026-09-26T17:07:05+00:00
carga_verificada,GO/2018-07-01_2018-09-30,ok,4416,177234.0,2026-09-26T17:07:05+00:00
carga_verificada,GO/2018-10-01_2018-12-31,ok,4414,178639.0,2026-09-26T17:07:06+00:00
carga_verificada,GO/2019-01-01_2019-03-31,ok,4322,221156.0,2026-09-26T17:07:06+00:00
carga_verificada,GO/2019-04-01_2019-06-30,ok,4368,237094.0,2026-09-26T17:07:06+00:00
carga_verificada,GO/2019-07-01_2019-09-30,ok,4416,254163.0,2026-09-26T17:07:06+00:00
carga_verificada,GO/2019-10-01_2019-12-31,ok,4416,257281.0,2026-09-26T17:07:07+00:00
carga_verificada,GO/2020-01-01_2020-03-31,ok,4368,259060.0,2026-09-26T17:07:07+00:00
carga_verificada,GO/2020-04-01_2020-06-30,ok,4368,238055.0,2026-09-26T17:07:07+00:00
carga_verificada,GO/2020-07-01_2020-09-30,ok,4416,241916.0,2026-09-26T17:07:07+00:00
carga_verificada,GO/2020-10-01_2020-12-31,ok,4416,245449.0,2026-09-26T17:07:08+00:00
carga_verificada,GO/2021-01-01_2021-03-31,ok,4320,250253.0,2026-09-26T17:07:08+00:00
carga_verificada,GO/2021-04-01_2021-06-30,ok,4368,251767.0,2026-09-26T17:07:08+00:00
carga_verificada,GO/2021-07-01_2021-09-30,ok,4416,258281.0,2026-09-26T17:07:08+00:00
carga_verificada,GO/2021-10-01_2021-12-31,ok,4416,244738.0,2026-09-26T17:07:09+00:00
carga_verificada,GO/2022-01-01_2022-03-31,ok,4320,240254.0,2026-09-26T17:07:09+00:00
carga_verificada,GO/2022-04-01_2022-06-30,ok,4368,227480.0,2026-09-26T17:07:09+00:00
carga_verificada,GO/2022-07-01_2022-09-30,ok,4416,231678.0,2026-09-26T17:07:09+00:00
carga_verificada,GO/2022-10-01_2022-12-31,ok,4416,238486.0,2026-09-26T17:07:11+00:00
carga_verificada,GO/2023-01-01_2023-03-31,ok,4320,235766.0,2026-09-26T17:07:11+00:00
carga_verificada,GO/2023-04-01_2023-06-30,ok,4368,241553.0,2026-09-26T17:07:11+00:00
carga_verificada,GO/2023-07-01_2023-09-30,ok,4416,232863.0,2026-09-26T17:07:11+00:00
carga_verificada,GO/2023-10-01_2023-12-31,ok,4416,239849.0,2026-09-26T17:07:12+00:00
carga_verificada,GO/2024-01-01_2024-03-31,ok,4368,246745.0,2026-09-26T17:07:12+00:00
carga_verificada,GO/2024-04-01_2024-06-30,ok,4368,237600.0,2026-09-26T17:07:12+00:00
carga_verificada,GO/2024-07-01_2024-09-30,ok,4416,236016.0,2026-09-26T17:07:12+00:00
carga_verificada,GO/2024-10-01_2024-12-31,ok,4416,234926.0,2026-09-26T17:07:13+00:00
carga_verificada,GO/2025-01-01_2025-03-31,ok,4320,239510.0,2026-09-26T17:07:13+00:00
carga_verificada,GO/2025-04-01_2025-06-30,ok,4368,231307.0,2026-09-26T17:07:13+00:00
carga_verificada,GO/2025-07-01_2025-09-30,ok,4416,233172.0,2026-09-26T17:07:13+00:00
carga_verificada,GO/2025-10-01_2025-12-31,ok,4416,245081.0,2026-09-26T17:07:14+00:00
carga_verificada,GO/2026-01-01_2026-03-31,ok,4320,240920.0,2026-09-26T17:07:14+00:00
carga_verificada,GO/2026-04-01_2026-06-30,ok,4368,235431.0,2026-09-26T17:07:14+00:00
carga_verificada,GO/2026-07-01_2026-09-25,ok,4176,232982.0,2026-09-26T17:55:41+00:00
carga_verificada,MA/2016-01-01_2016-03-31,ok,4370,172326.0,2026-09-26T17:10:22+00:00
carga_verificada,MA/2016-04-01_2016-06-30,ok,4368,173625.0,2026-09-26T17:10:22+00:00
carga_verificada,MA/2016-07-01_2016-09-30,ok,4416,173982.0,2026-09-26T17:10:22+00:00
carga_verificada,MA/2016-10-01_2016-12-31,ok,4414,179231.0,2026-09-26T17:10:22+00:00
carga_verificada,MA/2017-01-01_2017-03-31,ok,4322,185389.0,2026-09-26T17:10:24+00:00
carga_verificada,MA/2017-04-01_2017-06-30,ok,4368,174060.0,2026-09-26T17:10:24+00:00
carga_verificada,MA/2017-07-01_2017-09-30,ok,4416,175246.0,2026-09-26T17:10:24+00:00
carga_verificada,MA/2017-10-01_2017-12-31,ok,4414,179815.0,2026-09-26T17:10:24+00:00
carga_verificada,MA/2018-01-01_2018-03-31,ok,4322,178220.0,2026-09-26T17:10:25+00:00
carga_verificada,MA/2018-04-01_2018-06-30,ok,4368,183556.0,2026-09-26T17:10:25+00:00
carga_verificada,MA/2018-07-01_2018-09-30,ok,4416,168994.0,2026-09-26T17:10:25+00:00
carga_verificada,MA/2018-10-01_2018-12-31,ok,4414,171888.0,2026-09-26T17:10:25+00:00
carga_verificada,MA/2019-01-01_2019-03-31,ok,4322,197657.0,2026-09-26T17:10:26+00:00
carga_verificada,MA/2019-04-01_2019-06-30,ok,4368,229970.0,2026-09-26T17:10:27+00:00
carga_verificada,MA/2019-07-01_2019-09-30,ok,4416,238048.0,2026-09-26T17:10:27+00:00
carga_verificada,MA/2019-10-01_2019-12-31,ok,4416,249719.0,2026-09-26T17:10:27+00:00
carga_verificada,MA/2020-01-01_2020-03-31,ok,4368,237872.0,2026-09-26T17:10:27+00:00
carga_verificada,MA/2020-04-01_2020-06-30,ok,4368,231798.0,2026-09-26T17:10:28+00:00
carga_verificada,MA/2020-07-01_2020-09-30,ok,4416,238175.0,2026-09-26T17:10:28+00:00
carga_verificada,MA/2020-10-01_2020-12-31,ok,4416,254654.0,2026-09-26T17:10:29+00:00
carga_verificada,MA/2021-01-01_2021-03-31,ok,4320,246521.0,2026-09-26T17:10:28+00:00
carga_verificada,MA/2021-04-01_2021-06-30,ok,4368,243578.0,2026-09-26T17:10:30+00:00
carga_verificada,MA/2021-07-01_2021-09-30,ok,4416,249059.0,2026-09-26T17:10:31+00:00
carga_verificada,MA/2021-10-01_2021-12-31,ok,4416,243981.0,2026-09-26T17:10:31+00:00
carga_verificada,MA/2022-01-01_2022-03-31,ok,4320,231660.0,2026-09-26T17:10:31+00:00
carga_verificada,MA/2022-04-01_2022-06-30,ok,4368,226601.0,2026-09-26T17:10:31+00:00
carga_verificada,MA/2022-07-01_2022-09-30,ok,4416,231031.0,2026-09-26T17:10:32+00:00
carga_verificada,MA/2022-10-01_2022-12-31,ok,4416,229028.0,2026-09-26T17:10:32+00:00
carga_verificada,MA/2023-01-01_2023-03-31,ok,4320,222920.0,2026-09-26T17:10:32+00:00
carga_verificada,MA/2023-04-01_2023-06-30,ok,4368,223855.0,2026-09-26T17:10:32+00:00
carga_verificada,MA/2023-07-01_2023-09-30,ok,4416,231054.0,2026-09-26T17:10:33+00:00
carga_verificada,MA/2023-10-01_2023-12-31,ok,4416,243443.0,2026-09-26T17:10:33+00:00
carga_verificada,MA/2024-01-01_2024-03-31,ok,4368,227617.0,2026-09-26T17:10:33+00:00
carga_verificada,MA/2024-04-01_2024-06-30,ok,4368,217953.0,2026-09-26T17:10:33+00:00
carga_verificada,MA/2024-07-01_2024-09-30,ok,4416,226781.0,2026-09-26T17:10:35+00:00
carga_verificada,MA/2024-10-01_2024-12-31,ok,4416,224906.0,2026-09-26T17:10:35+00:00
carga_verificada,MA/2025-01-01_2025-03-31,ok,4320,217988.0,2026-09-26T17:10:35+00:00
carga_verificada,MA/2025-04-01_2025-06-30,ok,4368,222858.0,2026-09-26T17:10:35+00:00
carga_verificada,MA/2025-07-01_2025-09-30,ok,4416,225641.0,2026-09-26T17:10:35+00:00
carga_verificada,MA/2025-10-01_2025-12-31,ok,4416,225759.0,2026-09-26T17:10:36+00:00
carga_verificada,MA/2026-01-01_2026-03-31,ok,4320,225279.0,2026-09-26T17:10:36+00:00
carga_verificada,MA/2026-04-01_2026-06-30,ok,4368,227954.0,2026-09-26T17:10:36+00:00
carga_verificada,MA/2026-07-01_2026-09-25,ok,4176,218207.0,2026-09-26T17:55:44+00:00
carga_verificada,MG/2016-01-01_2016-03-31,ok,4370,173923.0,2026-09-26T17:05:59+00:00
carga_verificada,MG/2016-04-01_2016-06-30,ok,4368,175672.0,2026-09-26T17:05:59+00:00
carga_verificada,MG/2016-07-01_2016-09-30,ok,4416,177931.0,2026-09-26T17:05:59+00:00
carga_verificada,MG/2016-10-01_2016-12-31,ok,4414,172963.0,2026-09-26T17:06:00+00:00
carga_verificada,MG/2017-01-01_2017-03-31,ok,4322,170039.0,2026-09-26T17:06:00+00:00
carga_verificada,MG/2017-04-01_2017-06-30,ok,4368,172148.0,2026-09-26T17:06:00+00:00
carga_verificada,MG/2017-07-01_2017-09-30,ok,4416,181281.0,2026-09-26T17:06:00+00:00
carga_verificada,MG/2017-10-01_2017-12-31,ok,4414,180441.0,2026-09-26T17:06:00+00:00
carga_verificada,MG/2018-01-01_2018-03-31,ok,4322,172024.0,2026-09-26T17:06:01+00:00
carga_verificada,MG/2018-04-01_2018-06-30,ok,4368,174390.0,2026-09-26T17:06:01+00:00
carga_verificada,MG/2018-07-01_2018-09-30,ok,4416,174412.0,2026-09-26T17:06:01+00:00
carga_verificada,MG/2018-10-01_2018-12-31,ok,4414,175466.0,2026-09-26T17:06:01+00:00
carga_verificada,MG/2019-01-01_2019-03-31,ok,4322,203295.0,2026-09-26T17:06:02+00:00
carga_verificada,MG/2019-04-01_2019-06-30,ok,4368,239577.0,2026-09-26T17:06:02+00:00
carga_verificada,MG/2019-07-01_2019-09-30,ok,4416,237925.0,2026-09-26T17:06:02+00:00
carga_verificada,MG/2019-10-01_2019-12-31,ok,4416,242496.0,2026-09-26T17:06:02+00:00
carga_verificada,MG/2020-01-01_2020-03-31,ok,4368,242884.0,2026-09-26T17:06:02+00:00
carga_verificada,MG/2020-04-01_2020-06-30,ok,4368,237274.0,2026-09-26T17:06:03+00:00
carga_verificada,MG/2020-07-01_2020-09-30,ok,4416,239321.0,2026-09-26T17:06:03+00:00
carga_verificada,MG/2020-10-01_2020-12-31,ok,4416,249227.0,2026-09-26T17:06:03+00:00
carga_verificada,MG/2021-01-01_2021-03-31,ok,4320,236130.0,2026-09-26T17:06:03+00:00
carga_verificada,MG/2021-04-01_2021-06-30,ok,4368,235386.0,2026-09-26T17:06:04+00:00
carga_verificada,MG/2021-07-01_2021-09-30,ok,4416,238868.0,2026-09-26T17:06:05+00:00
carga_verificada,MG/2021-10-01_2021-12-31,ok,4416,235167.0,2026-09-26T17:06:04+00:00
carga_verificada,MG/2022-01-01_2022-03-31,ok,4320,229265.0,2026-09-26T17:06:04+00:00
carga_verificada,MG/2022-04-01_2022-06-30,ok,4368,222132.0,2026-09-26T17:06:05+00:00
carga_verificada,MG/2022-07-01_2022-09-30,ok,4416,219781.0,2026-09-26T17:06:05+00:00
carga_verificada,MG/2022-10-01_2022-12-31,ok,4416,224917.0,2026-09-26T17:06:05+00:00
carga_verificada,MG/2023-01-01_2023-03-31,ok,4320,216220.0,2026-09-26T17:06:05+00:00
carga_verificada,MG/2023-04-01_2023-06-30,ok,4368,226630.0,2026-09-26T17:06:05+00:00
carga_verificada,MG/2023-07-01_2023-09-30,ok,4416,226365.0,2026-09-26T17:06:06+00:00
carga_verificada,MG/2023-10-01_2023-12-31,ok,4416,232033.0,2026-09-26T17:06:06+00:00
carga_verificada,MG/2024-01-01_2024-03-31,ok,4368,223335.0,2026-09-26T17:06:06+00:00
carga_verificada,MG/2024-04-01_2024-06-30,ok,4368,224247.0,2026-09-26T17:06:06+00:00
carga_verificada,MG/2024-07-01_2024-09-30,ok,4416,229337.0,2026-09-26T17:06:06+00:00
carga_verificada,MG/2024-10-01_2024-12-31,ok,4416,228869.0,2026-09-26T17:06:07+00:00
carga_verificada,MG/2025-01-01_2025-03-31,ok,4320,221432.0,2026-09-26T17:06:07+00:00
carga_verificada,MG/2025-04-01_2025-06-30,ok,4368,222742.0,2026-09-26T17:06:07+00:00
carga_verificada,MG/2025-07-01_2025-09-30,ok,4416,224314.0,2026-09-26T17:06:07+00:00
carga_verificada,MG/2025-10-01_2025-12-31,ok,4416,233711.0,2026-09-26T17:06:08+00:00
carga_verificada,MG/2026-01-01_2026-03-31,ok,4320,225202.0,2026-09-26T17:06:08+00:00
carga_verificada,MG/2026-04-01_2026-06-30,ok,4368,222998.0,2026-09-26T17:06:08+00:00
carga_verificada,MG/2026-07-01_2026-09-25,ok,4176,216374.0,2026-09-26T17:55:40+00:00
carga_verificada,MS/2016-01-01_2016-03-31,ok,4370,173562.0,2026-09-26T17:06:34+00:00
carga_verificada,MS/2016-04-01_2016-06-30,ok,4368,170552.0,2026-09-26T17:06:35+00:00
carga_verificada,MS/2016-07-01_2016-09-30,ok,4416,170740.0,2026-09-26T17:06:35+00:00
carga_verificada,MS/2016-10-01_2016-12-31,ok,4414,182982.0,2026-09-26T17:06:35+00:00
carga_verificada,MS/2017-01-01_2017-03-31,ok,4322,171024.0,2026-09-26T17:06:36+00:00
carga_verificada,MS/2017-04-01_2017-06-30,ok,4368,169991.0,2026-09-26T17:06:36+00:00
carga_verificada,MS/2017-07-01_2017-09-30,ok,4416,172646.0,2026-09-26T17:06:36+00:00
carga_verificada,MS/2017-10-01_2017-12-31,ok,4414,175799.0,2026-09-26T17:06:36+00:00
carga_verificada,MS/2018-01-01_2018-03-31,ok,4322,170631.0,2026-09-26T17:06:37+00:00
carga_verificada,MS/2018-04-01_2018-06-30,ok,4368,179595.0,2026-09-26T17:06:37+00:00
carga_verificada,MS/2018-07-01_2018-09-30,ok,4416,171421.0,2026-09-26T17:06:37+00:00
carga_verificada,MS/2018-10-01_2018-12-31,ok,4414,176624.0,2026-09-26T17:06:37+00:00
carga_verificada,MS/2019-01-01_2019-03-31,ok,4322,208104.0,2026-09-26T17:06:37+00:00
carga_verificada,MS/2019-04-01_2019-06-30,ok,4368,245025.0,2026-09-26T17:06:39+00:00
carga_verificada,MS/2019-07-01_2019-09-30,ok,4416,265843.0,2026-09-26T17:06:39+00:00
carga_verificada,MS/2019-10-01_2019-12-31,ok,4416,255003.0,2026-09-26T17:06:39+00:00
carga_verificada,MS/2020-01-01_2020-03-31,ok,4368,240772.0,2026-09-26T17:06:39+00:00
carga_verificada,MS/2020-04-01_2020-06-30,ok,4368,250573.0,2026-09-26T17:06:40+00:00
carga_verificada,MS/2020-07-01_2020-09-30,ok,4416,249301.0,2026-09-26T17:06:40+00:00
carga_verificada,MS/2020-10-01_2020-12-31,ok,4416,265956.0,2026-09-26T17:06:40+00:00
carga_verificada,MS/2021-01-01_2021-03-31,ok,4320,254963.0,2026-09-26T17:06:40+00:00
carga_verificada,MS/2021-04-01_2021-06-30,ok,4368,244927.0,2026-09-26T17:06:41+00:00
carga_verificada,MS/2021-07-01_2021-09-30,ok,4416,249209.0,2026-09-26T17:06:41+00:00
carga_verificada,MS/2021-10-01_2021-12-31,ok,4416,241920.0,2026-09-26T17:06:41+00:00
carga_verificada,MS/2022-01-01_2022-03-31,ok,4320,227861.0,2026-09-26T17:06:41+00:00
carga_verificada,MS/2022-04-01_2022-06-30,ok,4368,231279.0,2026-09-26T17:06:43+00:00
carga_verificada,MS/2022-07-01_2022-09-30,ok,4416,239808.0,2026-09-26T17:06:43+00:00
carga_verificada,MS/2022-10-01_2022-12-31,ok,4416,240035.0,2026-09-26T17:06:43+00:00
carga_verificada,MS/2023-01-01_2023-03-31,ok,4320,236063.0,2026-09-26T17:06:43+00:00
carga_verificada,MS/2023-04-01_2023-06-30,ok,4368,244997.0,2026-09-26T17:06:43+00:00
carga_verificada,MS/2023-07-01_2023-09-30,ok,4416,249238.0,2026-09-26T17:06:44+00:00
carga_verificada,MS/2023-10-01_2023-12-31,ok,4416,256631.0,2026-09-26T17:06:44+00:00
carga_verificada,MS/2024-01-01_2024-03-31,ok,4368,243999.0,2026-09-26T17:06:44+00:00
carga_verificada,MS/2024-04-01_2024-06-30,ok,4368,233974.0,2026-09-26T17:06:45+00:00
carga_verificada,MS/2024-07-01_2024-09-30,ok,4416,249517.0,2026-09-26T17:06:45+00:00
carga_verificada,MS/2024-10-01_2024-12-31,ok,4416,244100.0,2026-09-26T17:06:45+00:00
carga_verificada,MS/2025-01-01_2025-03-31,ok,4320,243791.0,2026-09-26T17:06:45+00:00
carga_verificada,MS/2025-04-01_2025-06-30,ok,4368,237506.0,2026-09-26T17:06:46+00:00
carga_verificada,MS/2025-07-01_2025-09-30,ok,4416,242720.0,2026-09-26T17:06:46+00:00
carga_verificada,MS/2025-10-01_2025-12-31,ok,4416,259291.0,2026-09-26T17:06:46+00:00
carga_verificada,MS/2026-01-01_2026-03-31,ok,4320,240122.0,2026-09-26T17:06:46+00:00
carga_verificada,MS/2026-04-01_2026-06-30,ok,4368,252443.0,2026-09-26T17:06:47+00:00
carga_verificada,MS/2026-07-01_2026-09-25,ok,4176,238617.0,2026-09-26T17:55:41+00:00
carga_verificada,MT/2016-01-01_2016-03-31,ok,4370,173539.0,2026-09-26T17:06:22+00:00
carga_verificada,MT/2016-04-01_2016-06-30,ok,4368,176481.0,2026-09-26T17:06:22+00:00
carga_verificada,MT/2016-07-01_2016-09-30,ok,4416,181102.0,2026-09-26T17:06:23+00:00
carga_verificada,MT/2016-10-01_2016-12-31,ok,4414,175156.0,2026-09-26T17:06:23+00:00
carga_verificada,MT/2017-01-01_2017-03-31,ok,4322,185067.0,2026-09-26T17:06:23+00:00
carga_verificada,MT/2017-04-01_2017-06-30,ok,4368,173797.0,2026-09-26T17:06:23+00:00
carga_verificada,MT/2017-07-01_2017-09-30,ok,4416,176772.0,2026-09-26T17:06:25+00:00
carga_verificada,MT/2017-10-01_2017-12-31,ok,4414,195319.0,2026-09-26T17:06:25+00:00
carga_verificada,MT/2018-01-01_2018-03-31,ok,4322,174603.0,2026-09-26T17:06:25+00:00
carga_verificada,MT/2018-04-01_2018-06-30,ok,4368,178132.0,2026-09-26T17:06:25+00:00
carga_verificada,MT/2018-07-01_2018-09-30,ok,4416,185809.0,2026-09-26T17:06:25+00:00
carga_verificada,MT/2018-10-01_2018-12-31,ok,4414,181364.0,2026-09-26T17:06:26+00:00
carga_verificada,MT/2019-01-01_2019-03-31,ok,4322,209707.0,2026-09-26T17:06:26+00:00
carga_verificada,MT/2019-04-01_2019-06-30,ok,4368,244295.0,2026-09-26T17:06:26+00:00
carga_verificada,MT/2019-07-01_2019-09-30,ok,4416,242199.0,2026-09-26T17:06:26+00:00
carga_verificada,MT/2019-10-01_2019-12-31,ok,4416,264914.0,2026-09-26T17:06:27+00:00
carga_verificada,MT/2020-01-01_2020-03-31,ok,4368,247818.0,2026-09-26T17:06:27+00:00
carga_verificada,MT/2020-04-01_2020-06-30,ok,4368,259016.0,2026-09-26T17:06:27+00:00
carga_verificada,MT/2020-07-01_2020-09-30,ok,4416,245633.0,2026-09-26T17:06:27+00:00
carga_verificada,MT/2020-10-01_2020-12-31,ok,4416,246958.0,2026-09-26T17:06:28+00:00
carga_verificada,MT/2021-01-01_2021-03-31,ok,4320,244975.0,2026-09-26T17:06:29+00:00
carga_verificada,MT/2021-04-01_2021-06-30,ok,4368,252951.0,2026-09-26T17:06:29+00:00
carga_verificada,MT/2021-07-01_2021-09-30,ok,4416,255661.0,2026-09-26T17:06:28+00:00
carga_verificada,MT/2021-10-01_2021-12-31,ok,4416,241144.0,2026-09-26T17:06:29+00:00
carga_verificada,MT/2022-01-01_2022-03-31,ok,4320,235269.0,2026-09-26T17:06:30+00:00
carga_verificada,MT/2022-04-01_2022-06-30,ok,4368,223542.0,2026-09-26T17:06:30+00:00
carga_verificada,MT/2022-07-01_2022-09-30,ok,4416,225628.0,2026-09-26T17:06:30+00:00
carga_verificada,MT/2022-10-01_2022-12-31,ok,4416,230391.0,2026-09-26T17:06:30+00:00
carga_verificada,MT/2023-01-01_2023-03-31,ok,4320,224273.0,2026-09-26T17:06:31+00:00
carga_verificada,MT/2023-04-01_2023-06-30,ok,4368,240516.0,2026-09-26T17:06:31+00:00
carga_verificada,MT/2023-07-01_2023-09-30,ok,4416,249905.0,2026-09-26T17:06:31+00:00
carga_verificada,MT/2023-10-01_2023-12-31,ok,4416,239960.0,2026-09-26T17:06:31+00:00
carga_verificada,MT/2024-01-01_2024-03-31,ok,4368,242813.0,2026-09-26T17:06:31+00:00
carga_verificada,MT/2024-04-01_2024-06-30,ok,4368,238075.0,2026-09-26T17:06:32+00:00
carga_verificada,MT/2024-07-01_2024-09-30,ok,4416,233836.0,2026-09-26T17:06:32+00:00
carga_verificada,MT/2024-10-01_2024-12-31,ok,4416,235290.0,2026-09-26T17:06:32+00:00
carga_verificada,MT/2025-01-01_2025-03-31,ok,4320,232751.0,2026-09-26T17:06:32+00:00
carga_verificada,MT/2025-04-01_2025-06-30,ok,4368,239871.0,2026-09-26T17:06:33+00:00
carga_verificada,MT/2025-07-01_2025-09-30,ok,4416,229217.0,2026-09-26T17:06:33+00:00
carga_verificada,MT/2025-10-01_2025-12-31,ok,4416,248759.0,2026-09-26T17:06:33+00:00
carga_verificada,MT/2026-01-01_2026-03-31,ok,4320,242525.0,2026-09-26T17:06:33+00:00
carga_verificada,MT/2026-04-01_2026-06-30,ok,4368,237946.0,2026-09-26T17:06:34+00:00
carga_verificada,MT/2026-07-01_2026-09-25,ok,4176,238270.0,2026-09-26T17:55:40+00:00
carga_verificada,N/2016-01-01_2016-03-31,ok,4370,135068.0,2026-09-26T17:05:22+00:00
carga_verificada,N/2016-04-01_2016-06-30,ok,4368,134779.0,2026-09-26T17:05:22+00:00
carga_verificada,N/2016-07-01_2016-09-30,ok,4416,138130.0,2026-09-26T17:05:22+00:00
carga_verificada,N/2016-10-01_2016-12-31,ok,4414,136569.0,2026-09-26T17:05:23+00:00
carga_verificada,N/2017-01-01_2017-03-31,ok,4322,133442.0,2026-09-26T17:05:23+00:00
carga_verificada,N/2017-04-01_2017-06-30,ok,4368,136419.0,2026-09-26T17:05:23+00:00
carga_verificada,N/2017-07-01_2017-09-30,ok,4416,136996.0,2026-09-26T17:05:23+00:00
carga_verificada,N/2017-10-01_2017-12-31,ok,4414,136587.0,2026-09-26T17:05:24+00:00
carga_verificada,N/2018-01-01_2018-03-31,ok,4322,133619.0,2026-09-26T17:05:24+00:00
carga_verificada,N/2018-04-01_2018-06-30,ok,4368,134964.0,2026-09-26T17:05:24+00:00
carga_verificada,N/2018-07-01_2018-09-30,ok,4416,137276.0,2026-09-26T17:05:24+00:00
carga_verificada,N/2018-10-01_2018-12-31,ok,4414,136509.0,2026-09-26T17:05:24+00:00
carga_verificada,N/2019-01-01_2019-03-31,ok,4322,162286.0,2026-09-26T17:05:25+00:00
carga_verificada,N/2019-04-01_2019-06-30,ok,4368,196648.0,2026-09-26T17:05:25+00:00
carga_verificada,N/2019-07-01_2019-09-30,ok,4416,196335.0,2026-09-26T17:05:25+00:00
carga_verificada,N/2019-10-01_2019-12-31,ok,4416,201097.0,2026-09-26T17:05:25+00:00
carga_verificada,N/2020-01-01_2020-03-31,ok,4368,190528.0,2026-09-26T17:05:26+00:00
carga_verificada,N/2020-04-01_2020-06-30,ok,4368,192044.0,2026-09-26T17:05:27+00:00
carga_verificada,N/2020-07-01_2020-09-30,ok,4416,191769.0,2026-09-26T17:05:27+00:00
carga_verificada,N/2020-10-01_2020-12-31,ok,4416,215338.0,2026-09-26T17:05:27+00:00
carga_verificada,N/2021-01-01_2021-03-31,ok,4320,228957.0,2026-09-26T17:05:27+00:00
carga_verificada,N/2021-04-01_2021-06-30,ok,4368,222354.0,2026-09-26T17:05:28+00:00
carga_verificada,N/2021-07-01_2021-09-30,ok,4416,227479.0,2026-09-26T17:05:28+00:00
carga_verificada,N/2021-10-01_2021-12-31,ok,4416,242462.0,2026-09-26T17:05:28+00:00
carga_verificada,N/2022-01-01_2022-03-31,ok,4320,216556.0,2026-09-26T17:05:28+00:00
carga_verificada,N/2022-04-01_2022-06-30,ok,4368,212946.0,2026-09-26T17:05:29+00:00
carga_verificada,N/2022-07-01_2022-09-30,ok,4416,219397.0,2026-09-26T17:05:29+00:00
carga_verificada,N/2022-10-01_2022-12-31,ok,4416,227617.0,2026-09-26T17:05:29+00:00
carga_verificada,N/2023-01-01_2023-03-31,ok,4320,217844.0,2026-09-26T17:05:29+00:00
carga_verificada,N/2023-04-01_2023-06-30,ok,4368,226771.0,2026-09-26T17:05:29+00:00
carga_verificada,N/2023-07-01_2023-09-30,ok,4416,230383.0,2026-09-26T17:05:30+00:00
carga_verificada,N/2023-10-01_2023-12-31,ok,4416,234673.0,2026-09-26T17:05:30+00:00
carga_verificada,N/2024-01-01_2024-03-31,ok,4368,222964.0,2026-09-26T17:05:30+00:00
carga_verificada,N/2024-04-01_2024-06-30,ok,4368,225386.0,2026-09-26T17:05:30+00:00
carga_verificada,N/2024-07-01_2024-09-30,ok,4416,226348.0,2026-09-26T17:05:31+00:00
carga_verificada,N/2024-10-01_2024-12-31,ok,4416,224227.0,2026-09-26T17:05:31+00:00
carga_verificada,N/2025-01-01_2025-03-31,ok,4320,227177.0,2026-09-26T17:05:31+00:00
carga_verificada,N/2025-04-01_2025-06-30,ok,4368,221834.0,2026-09-26T17:05:31+00:00
carga_verificada,N/2025-07-01_2025-09-30,ok,4416,219682.0,2026-09-26T17:05:32+00:00
carga_verificada,N/2025-10-01_2025-12-31,ok,4416,226115.0,2026-09-26T17:05:32+00:00
carga_verificada,N/2026-01-01_2026-03-31,ok,4320,220840.0,2026-09-26T17:05:32+00:00
carga_verificada,N/2026-04-01_2026-06-30,ok,4368,226275.0,2026-09-26T17:05:32+00:00
carga_verificada,N/2026-07-01_2026-09-25,ok,4176,210209.0,2026-09-26T17:55:39+00:00
carga_verificada,NE/2016-01-01_2016-03-31,ok,4370,132998.0,2026-09-26T17:05:10+00:00
carga_verificada,NE/2016-04-01_2016-06-30,ok,4368,132580.0,2026-09-26T17:05:10+00:00
carga_verificada,NE/2016-07-01_2016-09-30,ok,4416,134116.0,2026-09-26T17:05:10+00:00
carga_verificada,NE/2016-10-01_2016-12-31,ok,4414,134205.0,2026-09-26T17:05:10+00:00
carga_verificada,NE/2017-01-01_2017-03-31,ok,4322,131561.0,2026-09-26T17:05:11+00:00
carga_verificada,NE/2017-04-01_2017-06-30,ok,4368,132609.0,2026-09-26T17:05:11+00:00
carga_verificada,NE/2017-07-01_2017-09-30,ok,4416,133627.0,2026-09-26T17:05:11+00:00
carga_verificada,NE/2017-10-01_2017-12-31,ok,4414,134022.0,2026-09-26T17:05:11+00:00
carga_verificada,NE/2018-01-01_2018-03-31,ok,4322,131666.0,2026-09-26T17:05:12+00:00
carga_verificada,NE/2018-04-01_2018-06-30,ok,4368,132567.0,2026-09-26T17:05:12+00:00
carga_verificada,NE/2018-07-01_2018-09-30,ok,4416,133841.0,2026-09-26T17:05:12+00:00
carga_verificada,NE/2018-10-01_2018-12-31,ok,4414,135582.0,2026-09-26T17:05:12+00:00
carga_verificada,NE/2019-01-01_2019-03-31,ok,4322,164544.0,2026-09-26T17:05:13+00:00
carga_verificada,NE/2019-04-01_2019-06-30,ok,4368,194326.0,2026-09-26T17:05:13+00:00
carga_verificada,NE/2019-07-01_2019-09-30,ok,4416,196184.0,2026-09-26T17:05:13+00:00
carga_verificada,NE/2019-10-01_2019-12-31,ok,4416,198189.0,2026-09-26T17:05:13+00:00
carga_verificada,NE/2020-01-01_2020-03-31,ok,4368,186268.0,2026-09-26T17:05:14+00:00
carga_verificada,NE/2020-04-01_2020-06-30,ok,4368,185467.0,2026-09-26T17:05:14+00:00
carga_verificada,NE/2020-07-01_2020-09-30,ok,4416,190679.0,2026-09-26T17:05:14+00:00
carga_verificada,NE/2020-10-01_2020-12-31,ok,4416,216106.0,2026-09-26T17:05:14+00:00
carga_verificada,NE/2021-01-01_2021-03-31,ok,4320,226014.0,2026-09-26T17:05:15+00:00
carga_verificada,NE/2021-04-01_2021-06-30,ok,4368,225624.0,2026-09-26T17:05:15+00:00
carga_verificada,NE/2021-07-01_2021-09-30,ok,4416,228015.0,2026-09-26T17:05:15+00:00
carga_verificada,NE/2021-10-01_2021-12-31,ok,4416,225011.0,2026-09-26T17:05:15+00:00
carga_verificada,NE/2022-01-01_2022-03-31,ok,4320,217378.0,2026-09-26T17:05:15+00:00
carga_verificada,NE/2022-04-01_2022-06-30,ok,4368,213672.0,2026-09-26T17:05:16+00:00
carga_verificada,NE/2022-07-01_2022-09-30,ok,4416,213572.0,2026-09-26T17:05:16+00:00
carga_verificada,NE/2022-10-01_2022-12-31,ok,4416,225656.0,2026-09-26T17:05:16+00:00
carga_verificada,NE/2023-01-01_2023-03-31,ok,4320,219712.0,2026-09-26T17:05:16+00:00
carga_verificada,NE/2023-04-01_2023-06-30,ok,4368,230538.0,2026-09-26T17:05:17+00:00
carga_verificada,NE/2023-07-01_2023-09-30,ok,4416,226578.0,2026-09-26T17:05:17+00:00
carga_verificada,NE/2023-10-01_2023-12-31,ok,4416,228689.0,2026-09-26T17:05:19+00:00
carga_verificada,NE/2024-01-01_2024-03-31,ok,4368,221438.0,2026-09-26T17:05:18+00:00
carga_verificada,NE/2024-04-01_2024-06-30,ok,4368,222434.0,2026-09-26T17:05:19+00:00
carga_verificada,NE/2024-07-01_2024-09-30,ok,4416,221773.0,2026-09-26T17:05:19+00:00
carga_verificada,NE/2024-10-01_2024-12-31,ok,4416,229367.0,2026-09-26T17:05:20+00:00
carga_verificada,NE/2025-01-01_2025-03-31,ok,4320,216640.0,2026-09-26T17:05:21+00:00
carga_verificada,NE/2025-04-01_2025-06-30,ok,4368,222720.0,2026-09-26T17:05:21+00:00
carga_verificada,NE/2025-07-01_2025-09-30,ok,4416,216015.0,2026-09-26T17:05:21+00:00
carga_verificada,NE/2025-10-01_2025-12-31,ok,4416,227899.0,2026-09-26T17:05:21+00:00
carga_verificada,NE/2026-01-01_2026-03-31,ok,4320,222517.0,2026-09-26T17:05:21+00:00
carga_verificada,NE/2026-04-01_2026-06-30,ok,4368,225109.0,2026-09-26T17:05:22+00:00
carga_verificada,NE/2026-07-01_2026-09-25,ok,4176,213535.0,2026-09-26T17:55:39+00:00
carga_verificada,PA/2016-01-01_2016-03-31,ok,4370,158995.0,2026-09-26T17:10:06+00:00
carga_verificada,PA/2016-04-01_2016-06-30,ok,4368,163229.0,2026-09-26T17:10:06+00:00
carga_verificada,PA/2016-07-01_2016-09-30,ok,4416,167501.0,2026-09-26T17:10:07+00:00
carga_verificada,PA/2016-10-01_2016-12-31,ok,4414,167054.0,2026-09-26T17:10:07+00:00
carga_verificada,PA/2017-01-01_2017-03-31,ok,4322,162155.0,2026-09-26T17:10:07+00:00
carga_verificada,PA/2017-04-01_2017-06-30,ok,4368,174331.0,2026-09-26T17:10:07+00:00
carga_verificada,PA/2017-07-01_2017-09-30,ok,4416,162966.0,2026-09-26T17:10:09+00:00
carga_verificada,PA/2017-10-01_2017-12-31,ok,4414,163520.0,2026-09-26T17:10:09+00:00
carga_verificada,PA/2018-01-01_2018-03-31,ok,4322,165841.0,2026-09-26T17:10:09+00:00
carga_verificada,PA/2018-04-01_2018-06-30,ok,4368,137081.0,2026-09-26T17:10:09+00:00
carga_verificada,PA/2018-07-01_2018-09-30,ok,4416,161124.0,2026-09-26T17:10:10+00:00
carga_verificada,PA/2018-10-01_2018-12-31,ok,4414,169451.0,2026-09-26T17:10:10+00:00
carga_verificada,PA/2019-01-01_2019-03-31,ok,4322,195565.0,2026-09-26T17:10:10+00:00
carga_verificada,PA/2019-04-01_2019-06-30,ok,4368,212169.0,2026-09-26T17:10:10+00:00
carga_verificada,PA/2019-07-01_2019-09-30,ok,4416,222891.0,2026-09-26T17:10:11+00:00
carga_verificada,PA/2019-10-01_2019-12-31,ok,4416,218972.0,2026-09-26T17:10:11+00:00
carga_verificada,PA/2020-01-01_2020-03-31,ok,4368,218744.0,2026-09-26T17:10:12+00:00
carga_verificada,PA/2020-04-01_2020-06-30,ok,4368,229428.0,2026-09-26T17:10:12+00:00
carga_verificada,PA/2020-07-01_2020-09-30,ok,4416,224259.0,2026-09-26T17:10:12+00:00
carga_verificada,PA/2020-10-01_2020-12-31,ok,4416,225042.0,2026-09-26T17:10:12+00:00
carga_verificada,PA/2021-01-01_2021-03-31,ok,4320,211894.0,2026-09-26T17:10:12+00:00
carga_verificada,PA/2021-04-01_2021-06-30,ok,4368,206205.0,2026-09-26T17:10:13+00:00
carga_verificada,PA/2021-07-01_2021-09-30,ok,4416,233461.0,2026-09-26T17:10:13+00:00
carga_verificada,PA/2021-10-01_2021-12-31,ok,4416,230195.0,2026-09-26T17:10:13+00:00
carga_verificada,PA/2022-01-01_2022-03-31,ok,4320,206881.0,2026-09-26T17:10:13+00:00
carga_verificada,PA/2022-04-01_2022-06-30,ok,4368,215244.0,2026-09-26T17:10:14+00:00
carga_verificada,PA/2022-07-01_2022-09-30,ok,4416,202660.0,2026-09-26T17:10:14+00:00
carga_verificada,PA/2022-10-01_2022-12-31,ok,4416,206015.0,2026-09-26T17:55:43+00:00
carga_verificada,PA/2023-01-01_2023-03-31,ok,4320,206671.0,2026-09-26T17:10:14+00:00
carga_verificada,PA/2023-04-01_2023-06-30,ok,4368,210477.0,2026-09-26T17:10:15+00:00
carga_verificada,PA/2023-07-01_2023-09-30,ok,4416,206855.0,2026-09-26T17:10:16+00:00
carga_verificada,PA/2023-10-01_2023-12-31,ok,4416,209357.0,2026-09-26T17:10:16+00:00
carga_verificada,PA/2024-01-01_2024-03-31,ok,4368,213766.0,2026-09-26T17:10:16+00:00
carga_verificada,PA/2024-04-01_2024-06-30,ok,4368,202516.0,2026-09-26T17:10:16+00:00
carga_verificada,PA/2024-07-01_2024-09-30,ok,4416,204105.0,2026-09-26T17:10:17+00:00
carga_verificada,PA/2024-10-01_2024-12-31,ok,4416,213801.0,2026-09-26T17:10:18+00:00
carga_verificada,PA/2025-01-01_2025-03-31,ok,4320,198044.0,2026-09-26T17:10:18+00:00
carga_verificada,PA/2025-04-01_2025-06-30,ok,4368,198022.0,2026-09-26T17:10:18+00:00
carga_verificada,PA/2025-07-01_2025-09-30,ok,4416,211539.0,2026-09-26T17:10:18+00:00
carga_verificada,PA/2025-10-01_2025-12-31,ok,4416,212738.0,2026-09-26T17:10:20+00:00
carga_verificada,PA/2026-01-01_2026-03-31,ok,4320,202659.0,2026-09-26T17:10:20+00:00
carga_verificada,PA/2026-04-01_2026-06-30,ok,4368,219021.0,2026-09-26T17:10:20+00:00
carga_verificada,PA/2026-07-01_2026-09-25,ok,4176,202395.0,2026-09-26T17:55:44+00:00
carga_verificada,PBRN/2016-01-01_2016-03-31,ok,4370,184823.0,2026-09-26T17:09:04+00:00
carga_verificada,PBRN/2016-04-01_2016-06-30,ok,4368,175573.0,2026-09-26T17:09:04+00:00
carga_verificada,PBRN/2016-07-01_2016-09-30,ok,4416,175355.0,2026-09-26T17:09:05+00:00
carga_verificada,PBRN/2016-10-01_2016-12-31,ok,4414,178742.0,2026-09-26T17:09:05+00:00
carga_verificada,PBRN/2017-01-01_2017-03-31,ok,4322,174983.0,2026-09-26T17:09:05+00:00
carga_verificada,PBRN/2017-04-01_2017-06-30,ok,4368,184414.0,2026-09-26T17:09:05+00:00
carga_verificada,PBRN/2017-07-01_2017-09-30,ok,4416,197206.0,2026-09-26T17:09:06+00:00
carga_verificada,PBRN/2017-10-01_2017-12-31,ok,4414,187157.0,2026-09-26T17:09:07+00:00
carga_verificada,PBRN/2018-01-01_2018-03-31,ok,4322,180453.0,2026-09-26T17:09:07+00:00
carga_verificada,PBRN/2018-04-01_2018-06-30,ok,4368,177176.0,2026-09-26T17:09:07+00:00
carga_verificada,PBRN/2018-07-01_2018-09-30,ok,4416,177368.0,2026-09-26T17:09:07+00:00
carga_verificada,PBRN/2018-10-01_2018-12-31,ok,4414,176603.0,2026-09-26T17:09:09+00:00
carga_verificada,PBRN/2019-01-01_2019-03-31,ok,4322,212830.0,2026-09-26T17:09:09+00:00
carga_verificada,PBRN/2019-04-01_2019-06-30,ok,4368,239484.0,2026-09-26T17:09:09+00:00
carga_verificada,PBRN/2019-07-01_2019-09-30,ok,4416,263764.0,2026-09-26T17:09:09+00:00
carga_verificada,PBRN/2019-10-01_2019-12-31,ok,4416,262874.0,2026-09-26T17:09:10+00:00
carga_verificada,PBRN/2020-01-01_2020-03-31,ok,4368,247872.0,2026-09-26T17:09:11+00:00
carga_verificada,PBRN/2020-04-01_2020-06-30,ok,4368,241177.0,2026-09-26T17:09:11+00:00
carga_verificada,PBRN/2020-07-01_2020-09-30,ok,4416,240395.0,2026-09-26T17:09:11+00:00
carga_verificada,PBRN/2020-10-01_2020-12-31,ok,4416,267025.0,2026-09-26T17:09:11+00:00
carga_verificada,PBRN/2021-01-01_2021-03-31,ok,4320,236777.0,2026-09-26T17:09:12+00:00
carga_verificada,PBRN/2021-04-01_2021-06-30,ok,4368,242636.0,2026-09-26T17:09:12+00:00
carga_verificada,PBRN/2021-07-01_2021-09-30,ok,4416,240729.0,2026-09-26T17:09:12+00:00
carga_verificada,PBRN/2021-10-01_2021-12-31,ok,4416,256624.0,2026-09-26T17:09:12+00:00
carga_verificada,PBRN/2022-01-01_2022-03-31,ok,4320,240338.0,2026-09-26T17:09:13+00:00
carga_verificada,PBRN/2022-04-01_2022-06-30,ok,4368,238959.0,2026-09-26T17:09:13+00:00
carga_verificada,PBRN/2022-07-01_2022-09-30,ok,4416,231733.0,2026-09-26T17:09:13+00:00
carga_verificada,PBRN/2022-10-01_2022-12-31,ok,4416,228798.0,2026-09-26T17:09:13+00:00
carga_verificada,PBRN/2023-01-01_2023-03-31,ok,4320,219051.0,2026-09-26T17:09:15+00:00
carga_verificada,PBRN/2023-04-01_2023-06-30,ok,4368,232546.0,2026-09-26T17:09:15+00:00
carga_verificada,PBRN/2023-07-01_2023-09-30,ok,4416,240080.0,2026-09-26T17:09:15+00:00
carga_verificada,PBRN/2023-10-01_2023-12-31,ok,4416,234655.0,2026-09-26T17:09:15+00:00
carga_verificada,PBRN/2024-01-01_2024-03-31,ok,4368,233384.0,2026-09-26T17:09:16+00:00
carga_verificada,PBRN/2024-04-01_2024-06-30,ok,4368,231436.0,2026-09-26T17:09:16+00:00
carga_verificada,PBRN/2024-07-01_2024-09-30,ok,4416,248286.0,2026-09-26T17:09:16+00:00
carga_verificada,PBRN/2024-10-01_2024-12-31,ok,4416,236920.0,2026-09-26T17:09:16+00:00
carga_verificada,PBRN/2025-01-01_2025-03-31,ok,4320,232581.0,2026-09-26T17:09:18+00:00
carga_verificada,PBRN/2025-04-01_2025-06-30,ok,4368,233905.0,2026-09-26T17:09:18+00:00
carga_verificada,PBRN/2025-07-01_2025-09-30,ok,4416,235400.0,2026-09-26T17:09:18+00:00
carga_verificada,PBRN/2025-10-01_2025-12-31,ok,4416,249637.0,2026-09-26T17:09:18+00:00
carga_verificada,PBRN/2026-01-01_2026-03-31,ok,4320,236864.0,2026-09-26T17:09:19+00:00
carga_verificada,PBRN/2026-04-01_2026-06-30,ok,4368,230497.0,2026-09-26T17:09:20+00:00
carga_verificada,PBRN/2026-07-01_2026-09-25,ok,4176,227989.0,2026-09-26T17:55:42+00:00
carga_verificada,PEN/2016-01-01,sem_dados,0,,
carga_verificada,PEN/2016-04-01,sem_dados,0,,
carga_verificada,PEN/2016-07-01,sem_dados,0,,
carga_verificada,PEN/2016-10-01,sem_dados,0,,
carga_verificada,PEN/2017-01-01,sem_dados,0,,
carga_verificada,PEN/2017-04-01,sem_dados,0,,
carga_verificada,PEN/2017-07-01,sem_dados,0,,
carga_verificada,PEN/2017-10-01,sem_dados,0,,
carga_verificada,PEN/2018-01-01,sem_dados,0,,
carga_verificada,PEN/2018-04-01,sem_dados,0,,
carga_verificada,PEN/2018-07-01,sem_dados,0,,
carga_verificada,PEN/2018-10-01,sem_dados,0,,
carga_verificada,PEN/2019-01-01,sem_dados,0,,
carga_verificada,PEN/2019-04-01,sem_dados,0,,
carga_verificada,PEN/2019-07-01,sem_dados,0,,
carga_verificada,PEN/2019-10-01,sem_dados,0,,
carga_verificada,PEN/2020-01-01,sem_dados,0,,
carga_verificada,PEN/2020-04-01,sem_dados,0,,
carga_verificada,PEN/2020-07-01,sem_dados,0,,
carga_verificada,PEN/2020-10-01_2020-12-31,ok,1488,56849.0,2026-09-26T17:11:53+00:00
carga_verificada,PEN/2021-01-01_2021-03-31,ok,4320,140044.0,2026-09-26T17:11:54+00:00
carga_verificada,PEN/2021-04-01_2021-06-30,ok,4368,144464.0,2026-09-26T17:11:54+00:00
carga_verificada,PEN/2021-07-01_2021-09-30,ok,4416,139027.0,2026-09-26T17:11:54+00:00
carga_verificada,PEN/2021-10-01_2021-12-31,ok,4416,141193.0,2026-09-26T17:11:54+00:00
carga_verificada,PEN/2022-01-01_2022-03-31,ok,4320,139226.0,2026-09-26T17:11:56+00:00
carga_verificada,PEN/2022-04-01_2022-06-30,ok,4368,142390.0,2026-09-26T17:11:56+00:00
carga_verificada,PEN/2022-07-01_2022-09-30,ok,4416,158319.0,2026-09-26T17:11:56+00:00
carga_verificada,PEN/2022-10-01_2022-12-31,ok,4416,136214.0,2026-09-26T17:11:56+00:00
carga_verificada,PEN/2023-01-01_2023-03-31,ok,4320,139980.0,2026-09-26T17:11:57+00:00
carga_verificada,PEN/2023-04-01_2023-06-30,ok,4368,163876.0,2026-09-26T17:11:57+00:00
carga_verificada,PEN/2023-07-01_2023-09-30,ok,4416,175861.0,2026-09-26T17:11:57+00:00
carga_verificada,PEN/2023-10-01_2023-12-31,ok,4416,171375.0,2026-09-26T17:11:57+00:00
carga_verificada,PEN/2024-01-01_2024-03-31,ok,4368,197393.0,2026-09-26T17:11:58+00:00
carga_verificada,PEN/2024-04-01_2024-06-30,ok,4368,171207.0,2026-09-26T17:11:58+00:00
carga_verificada,PEN/2024-07-01_2024-09-30,ok,4416,205089.0,2026-09-26T17:11:58+00:00
carga_verificada,PEN/2024-10-01_2024-12-31,ok,4416,175526.0,2026-09-26T17:11:58+00:00
carga_verificada,PEN/2025-01-01_2025-03-31,ok,4320,201680.0,2026-09-26T17:12:00+00:00
carga_verificada,PEN/2025-04-01_2025-06-30,ok,4368,174420.0,2026-09-26T17:12:00+00:00
carga_verificada,PEN/2025-07-01_2025-09-30,ok,4416,174245.0,2026-09-26T17:12:00+00:00
carga_verificada,PEN/2025-10-01_2025-12-31,ok,4416,177949.0,2026-09-26T17:12:00+00:00
carga_verificada,PEN/2026-01-01_2026-03-31,ok,4320,171307.0,2026-09-26T17:12:01+00:00
carga_verificada,PEN/2026-04-01_2026-06-30,ok,4368,190531.0,2026-09-26T17:12:01+00:00
carga_verificada,PEN/2026-07-01_2026-09-25,ok,4176,186189.0,2026-09-26T17:55:45+00:00
carga_verificada,PENE/2016-01-01,sem_dados,0,,
carga_verificada,PENE/2016-04-01,sem_dados,0,,
carga_verificada,PENE/2016-07-01,sem_dados,0,,
carga_verificada,PENE/2016-10-01,sem_dados,0,,
carga_verificada,PENE/2017-01-01,sem_dados,0,,
carga_verificada,PENE/2017-04-01,sem_dados,0,,
carga_verificada,PENE/2017-07-01,sem_dados,0,,
carga_verificada,PENE/2017-10-01,sem_dados,0,,
carga_verificada,PENE/2018-01-01,sem_dados,0,,
carga_verificada,PENE/2018-04-01,sem_dados,0,,
carga_verificada,PENE/2018-07-01,sem_dados,0,,
carga_verificada,PENE/2018-10-01,sem_dados,0,,
carga_verificada,PENE/2019-01-01,sem_dados,0,,
carga_verificada,PENE/2019-04-01,sem_dados,0,,
carga_verificada,PENE/2019-07-01,sem_dados,0,,
carga_verificada,PENE/2019-10-01,sem_dados,0,,
carga_verificada,PENE/2020-01-01,sem_dados,0,,
carga_verificada,PENE/2020-04-01,sem_dados,0,,
carga_verificada,PENE/2020-07-01,sem_dados,0,,
carga_verificada,PENE/2020-10-01_2020-12-31,ok,1488,54948.0,2026-09-26T17:11:42+00:00
carga_verificada,PENE/2021-01-01_2021-03-31,ok,4320,153417.0,2026-09-26T17:11:43+00:00
carga_verificada,PENE/2021-04-01_2021-06-30,ok,4368,141433.0,2026-09-26T17:11:43+00:00
carga_verificada,PENE/2021-07-01_2021-09-30,ok,4416,162023.0,2026-09-26T17:11:43+00:00
carga_verificada,PENE/2021-10-01_2021-12-31,ok,4416,144452.0,2026-09-26T17:11:44+00:00
carga_verificada,PENE/2022-01-01_2022-03-31,ok,4320,142800.0,2026-09-26T17:11:45+00:00
carga_verificada,PENE/2022-04-01_2022-06-30,ok,4368,143591.0,2026-09-26T17:11:45+00:00
carga_verificada,PENE/2022-07-01_2022-09-30,ok,4416,142913.0,2026-09-26T17:11:45+00:00
carga_verificada,PENE/2022-10-01_2022-12-31,ok,4416,162905.0,2026-09-26T17:11:45+00:00
carga_verificada,PENE/2023-01-01_2023-03-31,ok,4320,141326.0,2026-09-26T17:11:46+00:00
carga_verificada,PENE/2023-04-01_2023-06-30,ok,4368,175083.0,2026-09-26T17:11:46+00:00
carga_verificada,PENE/2023-07-01_2023-09-30,ok,4416,180008.0,2026-09-26T17:11:46+00:00
carga_verificada,PENE/2023-10-01_2023-12-31,ok,4416,205949.0,2026-09-26T17:11:46+00:00
carga_verificada,PENE/2024-01-01_2024-03-31,ok,4368,199494.0,2026-09-26T17:11:47+00:00
carga_verificada,PENE/2024-04-01_2024-06-30,ok,4368,177595.0,2026-09-26T17:11:47+00:00
carga_verificada,PENE/2024-07-01_2024-09-30,ok,4416,182919.0,2026-09-26T17:11:48+00:00
carga_verificada,PENE/2024-10-01_2024-12-31,ok,4416,205896.0,2026-09-26T17:11:48+00:00
carga_verificada,PENE/2025-01-01_2025-03-31,ok,4320,201867.0,2026-09-26T17:11:48+00:00
carga_verificada,PENE/2025-04-01_2025-06-30,ok,4368,179536.0,2026-09-26T17:11:48+00:00
carga_verificada,PENE/2025-07-01_2025-09-30,ok,4416,181723.0,2026-09-26T17:11:50+00:00
carga_verificada,PENE/2025-10-01_2025-12-31,ok,4416,180172.0,2026-09-26T17:11:50+00:00
carga_verificada,PENE/2026-01-01_2026-03-31,ok,4320,181025.0,2026-09-26T17:11:50+00:00
carga_verificada,PENE/2026-04-01_2026-06-30,ok,4368,178757.0,2026-09-26T17:11:50+00:00
carga_verificada,PENE/2026-07-01_2026-09-25,ok,4176,183648.0,2026-09-26T17:55:45+00:00
carga_verificada,PES/2016-01-01,sem_dados,0,,
carga_verificada,PES/2016-04-01,sem_dados,0,,
carga_verificada,PES/2016-07-01,sem_dados,0,,
carga_verificada,PES/2016-10-01,sem_dados,0,,
carga_verificada,PES/2017-01-01,sem_dados,0,,
carga_verificada,PES/2017-04-01,sem_dados,0,,
carga_verificada,PES/2017-07-01,sem_dados,0,,
carga_verificada,PES/2017-10-01,sem_dados,0,,
carga_verificada,PES/2018-01-01,sem_dados,0,,
carga_verificada,PES/2018-04-01,sem_dados,0,,
carga_verificada,PES/2018-07-01,sem_dados,0,,
carga_verificada,PES/2018-10-01,sem_dados,0,,
carga_verificada,PES/2019-01-01,sem_dados,0,,
carga_verificada,PES/2019-04-01,sem_dados,0,,
carga_verificada,PES/2019-07-01,sem_dados,0,,
carga_verificada,PES/2019-10-01,sem_dados,0,,
carga_verificada,PES/2020-01-01,sem_dados,0,,
carga_verificada,PES/2020-04-01,sem_dados,0,,
carga_verificada,PES/2020-07-01,sem_dados,0,,
carga_verificada,PES/2020-10-01_2020-12-31,ok,1488,53426.0,2026-09-26T17:11:32+00:00
carga_verificada,PES/2021-01-01_2021-03-31,ok,4320,139518.0,2026-09-26T17:11:33+00:00
carga_verificada,PES/2021-04-01_2021-06-30,ok,4368,140657.0,2026-09-26T17:11:33+00:00
carga_verificada,PES/2021-07-01_2021-09-30,ok,4416,140484.0,2026-09-26T17:11:33+00:00
carga_verificada,PES/2021-10-01_2021-12-31,ok,4416,140604.0,2026-09-26T17:11:34+00:00
carga_verificada,PES/2022-01-01_2022-03-31,ok,4320,139379.0,2026-09-26T17:11:34+00:00
carga_verificada,PES/2022-04-01_2022-06-30,ok,4368,138505.0,2026-09-26T17:11:35+00:00
carga_verificada,PES/2022-07-01_2022-09-30,ok,4416,140635.0,2026-09-26T17:11:35+00:00
carga_verificada,PES/2022-10-01_2022-12-31,ok,4416,143829.0,2026-09-26T17:11:35+00:00
carga_verificada,PES/2023-01-01_2023-03-31,ok,4320,148215.0,2026-09-26T17:11:35+00:00
carga_verificada,PES/2023-04-01_2023-06-30,ok,4368,169742.0,2026-09-26T17:11:36+00:00
carga_verificada,PES/2023-07-01_2023-09-30,ok,4416,195668.0,2026-09-26T17:11:36+00:00
carga_verificada,PES/2023-10-01_2023-12-31,ok,4416,178907.0,2026-09-26T17:11:36+00:00
carga_verificada,PES/2024-01-01_2024-03-31,ok,4368,177342.0,2026-09-26T17:11:36+00:00
carga_verificada,PES/2024-04-01_2024-06-30,ok,4368,203885.0,2026-09-26T17:11:37+00:00
carga_verificada,PES/2024-07-01_2024-09-30,ok,4416,177218.0,2026-09-26T17:11:38+00:00
carga_verificada,PES/2024-10-01_2024-12-31,ok,4416,181649.0,2026-09-26T17:11:38+00:00
carga_verificada,PES/2025-01-01_2025-03-31,ok,4320,173852.0,2026-09-26T17:11:38+00:00
carga_verificada,PES/2025-04-01_2025-06-30,ok,4368,185407.0,2026-09-26T17:11:38+00:00
carga_verificada,PES/2025-07-01_2025-09-30,ok,4416,184569.0,2026-09-26T17:11:39+00:00
carga_verificada,PES/2025-10-01_2025-12-31,ok,4416,206070.0,2026-09-26T17:11:39+00:00
carga_verificada,PES/2026-01-01_2026-03-31,ok,4320,173759.0,2026-09-26T17:11:39+00:00
carga_verificada,PES/2026-04-01_2026-06-30,ok,4368,203853.0,2026-09-26T17:11:39+00:00
carga_verificada,PES/2026-07-01_2026-09-25,ok,4176,169517.0,2026-09-26T17:55:45+00:00
carga_verificada,PESE/2016-01-01,sem_dados,0,,
carga_verificada,PESE/2016-04-01,sem_dados,0,,
carga_verificada,PESE/2016-07-01,sem_dados,0,,
carga_verificada,PESE/2016-10-01,sem_dados,0,,
carga_verificada,PESE/2017-01-01,sem_dados,0,,
carga_verificada,PESE/2017-04-01,sem_dados,0,,
carga_verificada,PESE/2017-07-01,sem_dados,0,,
carga_verificada,PESE/2017-10-01,sem_dados,0,,
carga_verificada,PESE/2018-01-01,sem_dados,0,,
carga_verificada,PESE/2018-04-01,sem_dados,0,,
carga_verificada,PESE/2018-07-01,sem_dados,0,,
carga_verificada,PESE/2018-10-01,sem_dados,0,,
carga_verificada,PESE/2019-01-01,sem_dados,0,,
carga_verificada,PESE/2019-04-01,sem_dados,0,,
carga_verificada,PESE/2019-07-01,sem_dados,0,,
carga_verificada,PESE/2019-10-01,sem_dados,0,,
carga_verificada,PESE/2020-01-01,sem_dados,0,,
carga_verificada,PESE/2020-04-01,sem_dados,0,,
carga_verificada,PESE/2020-07-01,sem_dados,0,,
carga_verificada,PESE/2020-10-01_2020-12-31,ok,1488,52629.0,2026-09-26T17:11:23+00:00
carga_verificada,PESE/2021-01-01_2021-03-31,ok,4320,138249.0,2026-09-26T17:11:23+00:00
carga_verificada,PESE/2021-04-01_2021-06-30,ok,4368,161702.0,2026-09-26T17:11:24+00:00
carga_verificada,PESE/2021-07-01_2021-09-30,ok,4416,141756.0,2026-09-26T17:11:24+00:00
carga_verificada,PESE/2021-10-01_2021-12-31,ok,4416,161233.0,2026-09-26T17:11:25+00:00
carga_verificada,PESE/2022-01-01_2022-03-31,ok,4320,156037.0,2026-09-26T17:11:25+00:00
carga_verificada,PESE/2022-04-01_2022-06-30,ok,4368,141776.0,2026-09-26T17:11:25+00:00
carga_verificada,PESE/2022-07-01_2022-09-30,ok,4416,145569.0,2026-09-26T17:11:26+00:00
carga_verificada,PESE/2022-10-01_2022-12-31,ok,4416,163294.0,2026-09-26T17:11:26+00:00
carga_verificada,PESE/2023-01-01_2023-03-31,ok,4320,160085.0,2026-09-26T17:11:26+00:00
carga_verificada,PESE/2023-04-01_2023-06-30,ok,4368,167402.0,2026-09-26T17:11:27+00:00
carga_verificada,PESE/2023-07-01_2023-09-30,ok,4416,181436.0,2026-09-26T17:11:27+00:00
carga_verificada,PESE/2023-10-01_2023-12-31,ok,4416,185993.0,2026-09-26T17:11:27+00:00
carga_verificada,PESE/2024-01-01_2024-03-31,ok,4368,175980.0,2026-09-26T17:11:27+00:00
carga_verificada,PESE/2024-04-01_2024-06-30,ok,4368,179698.0,2026-09-26T17:11:27+00:00
carga_verificada,PESE/2024-07-01_2024-09-30,ok,4416,183158.0,2026-09-26T17:11:28+00:00
carga_verificada,PESE/2024-10-01_2024-12-31,ok,4416,181006.0,2026-09-26T17:11:29+00:00
carga_verificada,PESE/2025-01-01_2025-03-31,ok,4320,178026.0,2026-09-26T17:11:29+00:00
carga_verificada,PESE/2025-04-01_2025-06-30,ok,4368,180264.0,2026-09-26T17:11:29+00:00
carga_verificada,PESE/2025-07-01_2025-09-30,ok,4416,177719.0,2026-09-26T17:11:29+00:00
carga_verificada,PESE/2025-10-01_2025-12-31,ok,4416,178063.0,2026-09-26T17:11:30+00:00
carga_verificada,PESE/2026-01-01_2026-03-31,ok,4320,172527.0,2026-09-26T17:11:30+00:00
carga_verificada,PESE/2026-04-01_2026-06-30,ok,4368,178735.0,2026-09-26T17:11:30+00:00
carga_verificada,PESE/2026-07-01_2026-09-25,ok,4176,167913.0,2026-09-26T17:55:45+00:00
carga_verificada,PI/2016-01-01_2016-03-31,ok,4370,180080.0,2026-09-26T17:09:33+00:00
carga_verificada,PI/2016-04-01_2016-06-30,ok,4368,199723.0,2026-09-26T17:09:35+00:00
carga_verificada,PI/2016-07-01_2016-09-30,ok,4416,179040.0,2026-09-26T17:09:34+00:00
carga_verificada,PI/2016-10-01_2016-12-31,ok,4414,174608.0,2026-09-26T17:09:35+00:00
carga_verificada,PI/2017-01-01_2017-03-31,ok,4322,184671.0,2026-09-26T17:09:35+00:00
carga_verificada,PI/2017-04-01_2017-06-30,ok,4368,172352.0,2026-09-26T17:09:35+00:00
carga_verificada,PI/2017-07-01_2017-09-30,ok,4416,181096.0,2026-09-26T17:09:35+00:00
carga_verificada,PI/2017-10-01_2017-12-31,ok,4414,200477.0,2026-09-26T17:09:36+00:00
carga_verificada,PI/2018-01-01_2018-03-31,ok,4322,186342.0,2026-09-26T17:09:36+00:00
carga_verificada,PI/2018-04-01_2018-06-30,ok,4368,177215.0,2026-09-26T17:09:36+00:00
carga_verificada,PI/2018-07-01_2018-09-30,ok,4416,185101.0,2026-09-26T17:09:36+00:00
carga_verificada,PI/2018-10-01_2018-12-31,ok,4414,174895.0,2026-09-26T17:09:37+00:00
carga_verificada,PI/2019-01-01_2019-03-31,ok,4322,210064.0,2026-09-26T17:09:38+00:00
carga_verificada,PI/2019-04-01_2019-06-30,ok,4368,239596.0,2026-09-26T17:09:38+00:00
carga_verificada,PI/2019-07-01_2019-09-30,ok,4416,250221.0,2026-09-26T17:09:38+00:00
carga_verificada,PI/2019-10-01_2019-12-31,ok,4416,246990.0,2026-09-26T17:09:38+00:00
carga_verificada,PI/2020-01-01_2020-03-31,ok,4368,241565.0,2026-09-26T17:09:38+00:00
carga_verificada,PI/2020-04-01_2020-06-30,ok,4368,231495.0,2026-09-26T17:09:39+00:00
carga_verificada,PI/2020-07-01_2020-09-30,ok,4416,248761.0,2026-09-26T17:09:39+00:00
carga_verificada,PI/2020-10-01_2020-12-31,ok,4416,242236.0,2026-09-26T17:09:39+00:00
carga_verificada,PI/2021-01-01_2021-03-31,ok,4320,233429.0,2026-09-26T17:09:39+00:00
carga_verificada,PI/2021-04-01_2021-06-30,ok,4368,231702.0,2026-09-26T17:09:41+00:00
carga_verificada,PI/2021-07-01_2021-09-30,ok,4416,235001.0,2026-09-26T17:09:41+00:00
carga_verificada,PI/2021-10-01_2021-12-31,ok,4416,253480.0,2026-09-26T17:09:41+00:00
carga_verificada,PI/2022-01-01_2022-03-31,ok,4320,223060.0,2026-09-26T17:09:41+00:00
carga_verificada,PI/2022-04-01_2022-06-30,ok,4368,219827.0,2026-09-26T17:09:42+00:00
carga_verificada,PI/2022-07-01_2022-09-30,ok,4416,237076.0,2026-09-26T17:09:42+00:00
carga_verificada,PI/2022-10-01_2022-12-31,ok,4416,226224.0,2026-09-26T17:09:43+00:00
carga_verificada,PI/2023-01-01_2023-03-31,ok,4320,230123.0,2026-09-26T17:09:42+00:00
carga_verificada,PI/2023-04-01_2023-06-30,ok,4368,242685.0,2026-09-26T17:09:43+00:00
carga_verificada,PI/2023-07-01_2023-09-30,ok,4416,251769.0,2026-09-26T17:09:44+00:00
carga_verificada,PI/2023-10-01_2023-12-31,ok,4416,254149.0,2026-09-26T17:09:44+00:00
carga_verificada,PI/2024-01-01_2024-03-31,ok,4368,239932.0,2026-09-26T17:09:44+00:00
carga_verificada,PI/2024-04-01_2024-06-30,ok,4368,239060.0,2026-09-26T17:09:44+00:00
carga_verificada,PI/2024-07-01_2024-09-30,ok,4416,234141.0,2026-09-26T17:09:45+00:00
carga_verificada,PI/2024-10-01_2024-12-31,ok,4416,237697.0,2026-09-26T17:09:45+00:00
carga_verificada,PI/2025-01-01_2025-03-31,ok,4320,235353.0,2026-09-26T17:09:45+00:00
carga_verificada,PI/2025-04-01_2025-06-30,ok,4368,234503.0,2026-09-26T17:09:45+00:00
carga_verificada,PI/2025-07-01_2025-09-30,ok,4416,240590.0,2026-09-26T17:09:47+00:00
carga_verificada,PI/2025-10-01_2025-12-31,ok,4416,237213.0,2026-09-26T17:09:47+00:00
carga_verificada,PI/2026-01-01_2026-03-31,ok,4320,245918.0,2026-09-26T17:09:47+00:00
carga_verificada,PI/2026-04-01_2026-06-30,ok,4368,241668.0,2026-09-26T17:09:47+00:00
carga_verificada,PI/2026-07-01_2026-09-25,ok,4176,241030.0,2026-09-26T17:55:43+00:00
carga_verificada,PR/2016-01-01_2016-03-31,ok,4370,170647.0,2026-09-26T17:07:42+00:00
carga_verificada,PR/2016-04-01_2016-06-30,ok,4368,177156.0,2026-09-26T17:07:42+00:00
carga_verificada,PR/2016-07-01_2016-09-30,ok,4416,173942.0,2026-09-26T17:07:43+00:00
carga_verificada,PR/2016-10-01_2016-12-31,ok,4414,178498.0,2026-09-26T17:07:43+00:00
carga_verificada,PR/2017-01-01_2017-03-31,ok,4322,186532.0,2026-09-26T17:07:43+00:00
carga_verificada,PR/2017-04-01_2017-06-30,ok,4368,185699.0,2026-09-26T17:07:43+00:00
carga_verificada,PR/2017-07-01_2017-09-30,ok,4416,175168.0,2026-09-26T17:07:44+00:00
carga_verificada,PR/2017-10-01_2017-12-31,ok,4414,183324.0,2026-09-26T17:07:45+00:00
carga_verificada,PR/2018-01-01_2018-03-31,ok,4322,195277.0,2026-09-26T17:07:45+00:00
carga_verificada,PR/2018-04-01_2018-06-30,ok,4368,182025.0,2026-09-26T17:07:45+00:00
carga_verificada,PR/2018-07-01_2018-09-30,ok,4416,177144.0,2026-09-26T17:07:45+00:00
carga_verificada,PR/2018-10-01_2018-12-31,ok,4414,175977.0,2026-09-26T17:07:46+00:00
carga_verificada,PR/2019-01-01_2019-03-31,ok,4322,204704.0,2026-09-26T17:07:46+00:00
carga_verificada,PR/2019-04-01_2019-06-30,ok,4368,247770.0,2026-09-26T17:07:46+00:00
carga_verificada,PR/2019-07-01_2019-09-30,ok,4416,244090.0,2026-09-26T17:07:46+00:00
carga_verificada,PR/2019-10-01_2019-12-31,ok,4416,252833.0,2026-09-26T17:07:48+00:00
carga_verificada,PR/2020-01-01_2020-03-31,ok,4368,238967.0,2026-09-26T17:07:48+00:00
carga_verificada,PR/2020-04-01_2020-06-30,ok,4368,239448.0,2026-09-26T17:07:48+00:00
carga_verificada,PR/2020-07-01_2020-09-30,ok,4416,244571.0,2026-09-26T17:07:48+00:00
carga_verificada,PR/2020-10-01_2020-12-31,ok,4416,255172.0,2026-09-26T17:07:50+00:00
carga_verificada,PR/2021-01-01_2021-03-31,ok,4320,249447.0,2026-09-26T17:07:50+00:00
carga_verificada,PR/2021-04-01_2021-06-30,ok,4368,234294.0,2026-09-26T17:07:50+00:00
carga_verificada,PR/2021-07-01_2021-09-30,ok,4416,243849.0,2026-09-26T17:07:50+00:00
carga_verificada,PR/2021-10-01_2021-12-31,ok,4416,237785.0,2026-09-26T17:07:51+00:00
carga_verificada,PR/2022-01-01_2022-03-31,ok,4320,222746.0,2026-09-26T17:07:51+00:00
carga_verificada,PR/2022-04-01_2022-06-30,ok,4368,221359.0,2026-09-26T17:07:51+00:00
carga_verificada,PR/2022-07-01_2022-09-30,ok,4416,226996.0,2026-09-26T17:07:51+00:00
carga_verificada,PR/2022-10-01_2022-12-31,ok,4416,235710.0,2026-09-26T17:07:52+00:00
carga_verificada,PR/2023-01-01_2023-03-31,ok,4320,220875.0,2026-09-26T17:07:52+00:00
carga_verificada,PR/2023-04-01_2023-06-30,ok,4368,227109.0,2026-09-26T17:07:52+00:00
carga_verificada,PR/2023-07-01_2023-09-30,ok,4416,232939.0,2026-09-26T17:07:52+00:00
carga_verificada,PR/2023-10-01_2023-12-31,ok,4416,236037.0,2026-09-26T17:07:53+00:00
carga_verificada,PR/2024-01-01_2024-03-31,ok,4368,226797.0,2026-09-26T17:07:53+00:00
carga_verificada,PR/2024-04-01_2024-06-30,ok,4368,224614.0,2026-09-26T17:07:53+00:00
carga_verificada,PR/2024-07-01_2024-09-30,ok,4416,230896.0,2026-09-26T17:07:53+00:00
carga_verificada,PR/2024-10-01_2024-12-31,ok,4416,235542.0,2026-09-26T17:07:54+00:00
carga_verificada,PR/2025-01-01_2025-03-31,ok,4320,226871.0,2026-09-26T17:07:54+00:00
carga_verificada,PR/2025-04-01_2025-06-30,ok,4368,225653.0,2026-09-26T17:07:54+00:00
carga_verificada,PR/2025-07-01_2025-09-30,ok,4416,221650.0,2026-09-26T17:07:54+00:00
carga_verificada,PR/2025-10-01_2025-12-31,ok,4416,233805.0,2026-09-26T17:07:56+00:00
carga_verificada,PR/2026-01-01_2026-03-31,ok,4320,224613.0,2026-09-26T17:07:56+00:00
carga_verificada,PR/2026-04-01_2026-06-30,ok,4368,233020.0,2026-09-26T17:07:56+00:00
carga_verificada,PR/2026-07-01_2026-09-25,ok,4176,219016.0,2026-09-26T17:55:41+00:00
carga_verificada,RJ/2016-01-01_2016-03-31,ok,4370,169734.0,2026-09-26T17:05:33+00:00
carga_verificada,RJ/2016-04-01_2016-06-30,ok,4368,170776.0,2026-09-26T17:05:33+00:00
carga_verificada,RJ/2016-07-01_2016-09-30,ok,4416,171639.0,2026-09-26T17:05:33+00:00
carga_verificada,RJ/2016-10-01_2016-12-31,ok,4414,173429.0,2026-09-26T17:05:34+00:00
carga_verificada,RJ/2017-01-01_2017-03-31,ok,4322,167643.0,2026-09-26T17:05:34+00:00
carga_verificada,RJ/2017-04-01_2017-06-30,ok,4368,169784.0,2026-09-26T17:05:34+00:00
carga_verificada,RJ/2017-07-01_2017-09-30,ok,4416,172144.0,2026-09-26T17:05:34+00:00
carga_verificada,RJ/2017-10-01_2017-12-31,ok,4414,179567.0,2026-09-26T17:05:35+00:00
carga_verificada,RJ/2018-01-01_2018-03-31,ok,4322,168787.0,2026-09-26T17:05:35+00:00
carga_verificada,RJ/2018-04-01_2018-06-30,ok,4368,171738.0,2026-09-26T17:05:35+00:00
carga_verificada,RJ/2018-07-01_2018-09-30,ok,4416,173320.0,2026-09-26T17:05:35+00:00
carga_verificada,RJ/2018-10-01_2018-12-31,ok,4414,173174.0,2026-09-26T17:05:36+00:00
carga_verificada,RJ/2019-01-01_2019-03-31,ok,4322,202734.0,2026-09-26T17:05:36+00:00
carga_verificada,RJ/2019-04-01_2019-06-30,ok,4368,229591.0,2026-09-26T17:05:36+00:00
carga_verificada,RJ/2019-07-01_2019-09-30,ok,4416,257113.0,2026-09-26T17:05:37+00:00
carga_verificada,RJ/2019-10-01_2019-12-31,ok,4416,240812.0,2026-09-26T17:05:37+00:00
carga_verificada,RJ/2020-01-01_2020-03-31,ok,4368,234074.0,2026-09-26T17:05:38+00:00
carga_verificada,RJ/2020-04-01_2020-06-30,ok,4368,232831.0,2026-09-26T17:05:38+00:00
carga_verificada,RJ/2020-07-01_2020-09-30,ok,4416,240330.0,2026-09-26T17:05:38+00:00
carga_verificada,RJ/2020-10-01_2020-12-31,ok,4416,241243.0,2026-09-26T17:05:38+00:00
carga_verificada,RJ/2021-01-01_2021-03-31,ok,4320,235239.0,2026-09-26T17:05:39+00:00
carga_verificada,RJ/2021-04-01_2021-06-30,ok,4368,236195.0,2026-09-26T17:05:39+00:00
carga_verificada,RJ/2021-07-01_2021-09-30,ok,4416,234115.0,2026-09-26T17:05:39+00:00
carga_verificada,RJ/2021-10-01_2021-12-31,ok,4416,232989.0,2026-09-26T17:05:39+00:00
carga_verificada,RJ/2022-01-01_2022-03-31,ok,4320,225879.0,2026-09-26T17:05:40+00:00
carga_verificada,RJ/2022-04-01_2022-06-30,ok,4368,215439.0,2026-09-26T17:05:40+00:00
carga_verificada,RJ/2022-07-01_2022-09-30,ok,4416,217669.0,2026-09-26T17:05:40+00:00
carga_verificada,RJ/2022-10-01_2022-12-31,ok,4416,223057.0,2026-09-26T17:05:40+00:00
carga_verificada,RJ/2023-01-01_2023-03-31,ok,4320,219812.0,2026-09-26T17:05:41+00:00
carga_verificada,RJ/2023-04-01_2023-06-30,ok,4368,227999.0,2026-09-26T17:05:41+00:00
carga_verificada,RJ/2023-07-01_2023-09-30,ok,4416,226032.0,2026-09-26T17:05:41+00:00
carga_verificada,RJ/2023-10-01_2023-12-31,ok,4416,232046.0,2026-09-26T17:05:41+00:00
carga_verificada,RJ/2024-01-01_2024-03-31,ok,4368,225563.0,2026-09-26T17:05:42+00:00
carga_verificada,RJ/2024-04-01_2024-06-30,ok,4368,222516.0,2026-09-26T17:05:42+00:00
carga_verificada,RJ/2024-07-01_2024-09-30,ok,4416,223410.0,2026-09-26T17:05:42+00:00
carga_verificada,RJ/2024-10-01_2024-12-31,ok,4416,228859.0,2026-09-26T17:05:42+00:00
carga_verificada,RJ/2025-01-01_2025-03-31,ok,4320,217844.0,2026-09-26T17:05:42+00:00
carga_verificada,RJ/2025-04-01_2025-06-30,ok,4368,224558.0,2026-09-26T17:05:43+00:00
carga_verificada,RJ/2025-07-01_2025-09-30,ok,4416,228239.0,2026-09-26T17:05:43+00:00
carga_verificada,RJ/2025-10-01_2025-12-31,ok,4416,231832.0,2026-09-26T17:05:43+00:00
carga_verificada,RJ/2026-01-01_2026-03-31,ok,4320,225866.0,2026-09-26T17:05:43+00:00
carga_verificada,RJ/2026-04-01_2026-06-30,ok,4368,227329.0,2026-09-26T17:05:44+00:00
carga_verificada,RJ/2026-07-01_2026-09-25,ok,4176,216605.0,2026-09-26T17:55:39+00:00
carga_verificada,RO/2016-01-01_2016-03-31,ok,4370,168135.0,2026-09-26T17:07:29+00:00
carga_verificada,RO/2016-04-01_2016-06-30,ok,4368,172103.0,2026-09-26T17:07:29+00:00
carga_verificada,RO/2016-07-01_2016-09-30,ok,4416,179101.0,2026-09-26T17:07:30+00:00
carga_verificada,RO/2016-10-01_2016-12-31,ok,4414,175668.0,2026-09-26T17:07:30+00:00
carga_verificada,RO/2017-01-01_2017-03-31,ok,4322,173935.0,2026-09-26T17:07:31+00:00
carga_verificada,RO/2017-04-01_2017-06-30,ok,4368,168128.0,2026-09-26T17:07:31+00:00
carga_verificada,RO/2017-07-01_2017-09-30,ok,4416,187481.0,2026-09-26T17:07:30+00:00
carga_verificada,RO/2017-10-01_2017-12-31,ok,4414,170866.0,2026-09-26T17:07:31+00:00
carga_verificada,RO/2018-01-01_2018-03-31,ok,4322,168917.0,2026-09-26T17:07:31+00:00
carga_verificada,RO/2018-04-01_2018-06-30,ok,4368,169568.0,2026-09-26T17:07:32+00:00
carga_verificada,RO/2018-07-01_2018-09-30,ok,4416,182224.0,2026-09-26T17:07:32+00:00
carga_verificada,RO/2018-10-01_2018-12-31,ok,4414,172850.0,2026-09-26T17:07:32+00:00
carga_verificada,RO/2019-01-01_2019-03-31,ok,4322,198247.0,2026-09-26T17:07:32+00:00
carga_verificada,RO/2019-04-01_2019-06-30,ok,4368,228869.0,2026-09-26T17:07:33+00:00
carga_verificada,RO/2019-07-01_2019-09-30,ok,4416,236072.0,2026-09-26T17:07:33+00:00
carga_verificada,RO/2019-10-01_2019-12-31,ok,4416,240438.0,2026-09-26T17:07:33+00:00
carga_verificada,RO/2020-01-01_2020-03-31,ok,4368,242947.0,2026-09-26T17:07:33+00:00
carga_verificada,RO/2020-04-01_2020-06-30,ok,4368,241003.0,2026-09-26T17:07:34+00:00
carga_verificada,RO/2020-07-01_2020-09-30,ok,4416,250534.0,2026-09-26T17:07:34+00:00
carga_verificada,RO/2020-10-01_2020-12-31,ok,4416,249670.0,2026-09-26T17:07:34+00:00
carga_verificada,RO/2021-01-01_2021-03-31,ok,4320,236656.0,2026-09-26T17:07:34+00:00
carga_verificada,RO/2021-04-01_2021-06-30,ok,4368,244660.0,2026-09-26T17:07:35+00:00
carga_verificada,RO/2021-07-01_2021-09-30,ok,4416,243848.0,2026-09-26T17:07:35+00:00
carga_verificada,RO/2021-10-01_2021-12-31,ok,4416,257396.0,2026-09-26T17:07:35+00:00
carga_verificada,RO/2022-01-01_2022-03-31,ok,4320,235588.0,2026-09-26T17:07:35+00:00
carga_verificada,RO/2022-04-01_2022-06-30,ok,4368,229125.0,2026-09-26T17:07:37+00:00
carga_verificada,RO/2022-07-01_2022-09-30,ok,4416,237832.0,2026-09-26T17:07:37+00:00
carga_verificada,RO/2022-10-01_2022-12-31,ok,4416,233422.0,2026-09-26T17:07:37+00:00
carga_verificada,RO/2023-01-01_2023-03-31,ok,4320,227089.0,2026-09-26T17:07:37+00:00
carga_verificada,RO/2023-04-01_2023-06-30,ok,4368,235287.0,2026-09-26T17:07:38+00:00
carga_verificada,RO/2023-07-01_2023-09-30,ok,4416,232025.0,2026-09-26T17:07:38+00:00
carga_verificada,RO/2023-10-01_2023-12-31,ok,4416,235268.0,2026-09-26T17:07:38+00:00
carga_verificada,RO/2024-01-01_2024-03-31,ok,4368,236114.0,2026-09-26T17:07:38+00:00
carga_verificada,RO/2024-04-01_2024-06-30,ok,4368,229091.0,2026-09-26T17:07:39+00:00
carga_verificada,RO/2024-07-01_2024-09-30,ok,4416,241735.0,2026-09-26T17:07:39+00:00
carga_verificada,RO/2024-10-01_2024-12-31,ok,4416,257074.0,2026-09-26T17:07:39+00:00
carga_verificada,RO/2025-01-01_2025-03-31,ok,4320,221745.0,2026-09-26T17:07:39+00:00
carga_verificada,RO/2025-04-01_2025-06-30,ok,4368,234843.0,2026-09-26T17:07:41+00:00
carga_verificada,RO/2025-07-01_2025-09-30,ok,4416,228474.0,2026-09-26T17:07:41+00:00
carga_verificada,RO/2025-10-01_2025-12-31,ok,4416,243037.0,2026-09-26T17:07:41+00:00
carga_verificada,RO/2026-01-01_2026-03-31,ok,4320,237150.0,2026-09-26T17:07:41+00:00
carga_verificada,RO/2026-04-01_2026-06-30,ok,4368,227692.0,2026-09-26T17:07:42+00:00
carga_verificada,RO/2026-07-01_2026-09-25,ok,4176,227644.0,2026-09-26T17:55:41+00:00
carga_verificada,RR/2016-01-01,sem_dados,0,,
carga_verificada,RR/2016-04-01,sem_dados,0,,
carga_verificada,RR/2016-07-01,sem_dados,0,,
carga_verificada,RR/2016-10-01,sem_dados,0,,
carga_verificada,RR/2017-01-01,sem_dados,0,,
carga_verificada,RR/2017-04-01,sem_dados,0,,
carga_verificada,RR/2017-07-01,sem_dados,0,,
carga_verificada,RR/2017-10-01,sem_dados,0,,
carga_verificada,RR/2018-01-01,sem_dados,0,,
carga_verificada,RR/2018-04-01,sem_dados,0,,
carga_verificada,RR/2018-07-01,sem_dados,0,,
carga_verificada,RR/2018-10-01,sem_dados,0,,
carga_verificada,RR/2019-01-01,sem_dados,0,,
carga_verificada,RR/2019-04-01,sem_dados,0,,
carga_verificada,RR/2019-07-01,sem_dados,0,,
carga_verificada,RR/2019-10-01,sem_dados,0,,
carga_verificada,RR/2020-01-01,sem_dados,0,,
carga_verificada,RR/2020-04-01,sem_dados,0,,
carga_verificada,RR/2020-07-01,sem_dados,0,,
carga_verificada,RR/2020-10-01_2020-12-31,ok,1776,82298.0,2026-09-26T17:11:12+00:00
carga_verificada,RR/2021-01-01_2021-03-31,ok,4320,187385.0,2026-09-26T17:11:13+00:00
carga_verificada,RR/2021-04-01_2021-06-30,ok,4368,203174.0,2026-09-26T17:11:12+00:00
carga_verificada,RR/2021-07-01_2021-09-30,ok,4416,205792.0,2026-09-26T17:11:13+00:00
carga_verificada,RR/2021-10-01_2021-12-31,ok,4416,189626.0,2026-09-26T17:11:13+00:00
carga_verificada,RR/2022-01-01_2022-03-31,ok,4320,178017.0,2026-09-26T17:11:13+00:00
carga_verificada,RR/2022-04-01_2022-06-30,ok,4368,191319.0,2026-09-26T17:11:15+00:00
carga_verificada,RR/2022-07-01_2022-09-30,ok,4416,195713.0,2026-09-26T17:11:14+00:00
carga_verificada,RR/2022-10-01_2022-12-31,ok,4416,181673.0,2026-09-26T17:11:15+00:00
carga_verificada,RR/2023-01-01_2023-03-31,ok,4320,203813.0,2026-09-26T17:11:15+00:00
carga_verificada,RR/2023-04-01_2023-06-30,ok,4368,190227.0,2026-09-26T17:11:15+00:00
carga_verificada,RR/2023-07-01_2023-09-30,ok,4416,224346.0,2026-09-26T17:11:16+00:00
carga_verificada,RR/2023-10-01_2023-12-31,ok,4416,195320.0,2026-09-26T17:11:16+00:00
carga_verificada,RR/2024-01-01_2024-03-31,ok,4368,202572.0,2026-09-26T17:11:16+00:00
carga_verificada,RR/2024-04-01_2024-06-30,ok,4368,207896.0,2026-09-26T17:11:16+00:00
carga_verificada,RR/2024-07-01_2024-09-30,ok,4416,206011.0,2026-09-26T17:11:18+00:00
carga_verificada,RR/2024-10-01_2024-12-31,ok,4416,196580.0,2026-09-26T17:11:18+00:00
carga_verificada,RR/2025-01-01_2025-03-31,ok,4320,192000.0,2026-09-26T17:11:17+00:00
carga_verificada,RR/2025-04-01_2025-06-30,ok,4368,190037.0,2026-09-26T17:11:17+00:00
carga_verificada,RR/2025-07-01_2025-09-30,ok,4416,197074.0,2026-09-26T17:11:20+00:00
carga_verificada,RR/2025-10-01_2025-12-31,ok,4416,199708.0,2026-09-26T17:11:20+00:00
carga_verificada,RR/2026-01-01_2026-03-31,ok,4320,208398.0,2026-09-26T17:11:20+00:00
carga_verificada,RR/2026-04-01_2026-06-30,ok,4368,196788.0,2026-09-26T17:11:20+00:00
carga_verificada,RR/2026-07-01_2026-09-25,ok,4176,183473.0,2026-09-26T17:55:45+00:00
carga_verificada,RS/2016-01-01_2016-03-31,ok,4370,172843.0,2026-09-26T17:08:11+00:00
carga_verificada,RS/2016-04-01_2016-06-30,ok,4368,173287.0,2026-09-26T17:08:12+00:00
carga_verificada,RS/2016-07-01_2016-09-30,ok,4416,175859.0,2026-09-26T17:08:12+00:00
carga_verificada,RS/2016-10-01_2016-12-31,ok,4414,180612.0,2026-09-26T17:08:12+00:00
carga_verificada,RS/2017-01-01_2017-03-31,ok,4322,170476.0,2026-09-26T17:08:12+00:00
carga_verificada,RS/2017-04-01_2017-06-30,ok,4368,176688.0,2026-09-26T17:08:13+00:00
carga_verificada,RS/2017-07-01_2017-09-30,ok,4416,174334.0,2026-09-26T17:08:12+00:00
carga_verificada,RS/2017-10-01_2017-12-31,ok,4414,177564.0,2026-09-26T17:08:13+00:00
carga_verificada,RS/2018-01-01_2018-03-31,ok,4322,171698.0,2026-09-26T17:08:13+00:00
carga_verificada,RS/2018-04-01_2018-06-30,ok,4368,174404.0,2026-09-26T17:08:13+00:00
carga_verificada,RS/2018-07-01_2018-09-30,ok,4416,177059.0,2026-09-26T17:08:14+00:00
carga_verificada,RS/2018-10-01_2018-12-31,ok,4414,175074.0,2026-09-26T17:08:14+00:00
carga_verificada,RS/2019-01-01_2019-03-31,ok,4322,218329.0,2026-09-26T17:08:14+00:00
carga_verificada,RS/2019-04-01_2019-06-30,ok,4368,241349.0,2026-09-26T17:08:14+00:00
carga_verificada,RS/2019-07-01_2019-09-30,ok,4416,243146.0,2026-09-26T17:08:15+00:00
carga_verificada,RS/2019-10-01_2019-12-31,ok,4416,239840.0,2026-09-26T17:08:15+00:00
carga_verificada,RS/2020-01-01_2020-03-31,ok,4368,239542.0,2026-09-26T17:08:15+00:00
carga_verificada,RS/2020-04-01_2020-06-30,ok,4368,234640.0,2026-09-26T17:08:15+00:00
carga_verificada,RS/2020-07-01_2020-09-30,ok,4416,241521.0,2026-09-26T17:08:17+00:00
carga_verificada,RS/2020-10-01_2020-12-31,ok,4416,264563.0,2026-09-26T17:08:17+00:00
carga_verificada,RS/2021-01-01_2021-03-31,ok,4320,236249.0,2026-09-26T17:08:17+00:00
carga_verificada,RS/2021-04-01_2021-06-30,ok,4368,239880.0,2026-09-26T17:08:17+00:00
carga_verificada,RS/2021-07-01_2021-09-30,ok,4416,238537.0,2026-09-26T17:08:19+00:00
carga_verificada,RS/2021-10-01_2021-12-31,ok,4416,237576.0,2026-09-26T17:08:19+00:00
carga_verificada,RS/2022-01-01_2022-03-31,ok,4320,225646.0,2026-09-26T17:08:19+00:00
carga_verificada,RS/2022-04-01_2022-06-30,ok,4368,220545.0,2026-09-26T17:08:19+00:00
carga_verificada,RS/2022-07-01_2022-09-30,ok,4416,224101.0,2026-09-26T17:08:21+00:00
carga_verificada,RS/2022-10-01_2022-12-31,ok,4416,230523.0,2026-09-26T17:08:20+00:00
carga_verificada,RS/2023-01-01_2023-03-31,ok,4320,220515.0,2026-09-26T17:08:21+00:00
carga_verificada,RS/2023-04-01_2023-06-30,ok,4368,234129.0,2026-09-26T17:08:21+00:00
carga_verificada,RS/2023-07-01_2023-09-30,ok,4416,230161.0,2026-09-26T17:08:22+00:00
carga_verificada,RS/2023-10-01_2023-12-31,ok,4416,242839.0,2026-09-26T17:08:22+00:00
carga_verificada,RS/2024-01-01_2024-03-31,ok,4368,232401.0,2026-09-26T17:08:22+00:00
carga_verificada,RS/2024-04-01_2024-06-30,ok,4368,245138.0,2026-09-26T17:08:22+00:00
carga_verificada,RS/2024-07-01_2024-09-30,ok,4416,229739.0,2026-09-26T17:08:23+00:00
carga_verificada,RS/2024-10-01_2024-12-31,ok,4416,232765.0,2026-09-26T17:08:23+00:00
carga_verificada,RS/2025-01-01_2025-03-31,ok,4320,227942.0,2026-09-26T17:08:23+00:00
carga_verificada,RS/2025-04-01_2025-06-30,ok,4368,226811.0,2026-09-26T17:08:23+00:00
carga_verificada,RS/2025-07-01_2025-09-30,ok,4416,224855.0,2026-09-26T17:08:24+00:00
carga_verificada,RS/2025-10-01_2025-12-31,ok,4416,234446.0,2026-09-26T17:08:24+00:00
carga_verificada,RS/2026-01-01_2026-03-31,ok,4320,231884.0,2026-09-26T17:08:24+00:00
carga_verificada,RS/2026-04-01_2026-06-30,ok,4368,224064.0,2026-09-26T17:08:24+00:00
carga_verificada,RS/2026-07-01_2026-09-25,ok,4176,225718.0,2026-09-26T17:55:42+00:00
carga_verificada,S/2016-01-01_2016-03-31,ok,4370,140264.0,2026-09-26T17:05:00+00:00
carga_verificada,S/2016-04-01_2016-06-30,ok,4368,136081.0,2026-09-26T17:05:00+00:00
carga_verificada,S/2016-07-01_2016-09-30,ok,4416,136822.0,2026-09-26T17:05:01+00:00
carga_verificada,S/2016-10-01_2016-12-31,ok,4414,139725.0,2026-09-26T17:05:01+00:00
carga_verificada,S/2017-01-01_2017-03-31,ok,4322,134216.0,2026-09-26T17:05:01+00:00
carga_verificada,S/2017-04-01_2017-06-30,ok,4368,135651.0,2026-09-26T17:05:01+00:00
carga_verificada,S/2017-07-01_2017-09-30,ok,4416,137686.0,2026-09-26T17:05:01+00:00
carga_verificada,S/2017-10-01_2017-12-31,ok,4414,136749.0,2026-09-26T17:05:02+00:00
carga_verificada,S/2018-01-01_2018-03-31,ok,4322,133436.0,2026-09-26T17:05:02+00:00
carga_verificada,S/2018-04-01_2018-06-30,ok,4368,135213.0,2026-09-26T17:05:02+00:00
carga_verificada,S/2018-07-01_2018-09-30,ok,4416,137009.0,2026-09-26T17:05:02+00:00
carga_verificada,S/2018-10-01_2018-12-31,ok,4414,136668.0,2026-09-26T17:05:02+00:00
carga_verificada,S/2019-01-01_2019-03-31,ok,4322,165237.0,2026-09-26T17:05:03+00:00
carga_verificada,S/2019-04-01_2019-06-30,ok,4368,198967.0,2026-09-26T17:05:03+00:00
carga_verificada,S/2019-07-01_2019-09-30,ok,4416,201238.0,2026-09-26T17:05:03+00:00
carga_verificada,S/2019-10-01_2019-12-31,ok,4416,204259.0,2026-09-26T17:05:03+00:00
carga_verificada,S/2020-01-01_2020-03-31,ok,4368,190000.0,2026-09-26T17:05:04+00:00
carga_verificada,S/2020-04-01_2020-06-30,ok,4368,188131.0,2026-09-26T17:05:04+00:00
carga_verificada,S/2020-07-01_2020-09-30,ok,4416,190599.0,2026-09-26T17:05:04+00:00
carga_verificada,S/2020-10-01_2020-12-31,ok,4416,220828.0,2026-09-26T17:05:04+00:00
carga_verificada,S/2021-01-01_2021-03-31,ok,4320,227531.0,2026-09-26T17:05:04+00:00
carga_verificada,S/2021-04-01_2021-06-30,ok,4368,219913.0,2026-09-26T17:05:04+00:00
carga_verificada,S/2021-07-01_2021-09-30,ok,4416,230477.0,2026-09-26T17:05:05+00:00
carga_verificada,S/2021-10-01_2021-12-31,ok,4416,225412.0,2026-09-26T17:05:05+00:00
carga_verificada,S/2022-01-01_2022-03-31,ok,4320,217480.0,2026-09-26T17:05:05+00:00
carga_verificada,S/2022-04-01_2022-06-30,ok,4368,217342.0,2026-09-26T17:05:05+00:00
carga_verificada,S/2022-07-01_2022-09-30,ok,4416,215703.0,2026-09-26T17:05:06+00:00
carga_verificada,S/2022-10-01_2022-12-31,ok,4416,226313.0,2026-09-26T17:05:06+00:00
carga_verificada,S/2023-01-01_2023-03-31,ok,4320,215320.0,2026-09-26T17:05:06+00:00
carga_verificada,S/2023-04-01_2023-06-30,ok,4368,225260.0,2026-09-26T17:05:06+00:00
carga_verificada,S/2023-07-01_2023-09-30,ok,4416,226336.0,2026-09-26T17:05:06+00:00
carga_verificada,S/2023-10-01_2023-12-31,ok,4416,230426.0,2026-09-26T17:05:07+00:00
carga_verificada,S/2024-01-01_2024-03-31,ok,4368,232266.0,2026-09-26T17:05:07+00:00
carga_verificada,S/2024-04-01_2024-06-30,ok,4368,226603.0,2026-09-26T17:05:08+00:00
carga_verificada,S/2024-07-01_2024-09-30,ok,4416,223077.0,2026-09-26T17:05:08+00:00
carga_verificada,S/2024-10-01_2024-12-31,ok,4416,232061.0,2026-09-26T17:05:08+00:00
carga_verificada,S/2025-01-01_2025-03-31,ok,4320,217532.0,2026-09-26T17:05:08+00:00
carga_verificada,S/2025-04-01_2025-06-30,ok,4368,224694.0,2026-09-26T17:05:09+00:00
carga_verificada,S/2025-07-01_2025-09-30,ok,4416,216719.0,2026-09-26T17:05:09+00:00
carga_verificada,S/2025-10-01_2025-12-31,ok,4416,227263.0,2026-09-26T17:05:08+00:00
carga_verificada,S/2026-01-01_2026-03-31,ok,4320,223887.0,2026-09-26T17:05:09+00:00
carga_verificada,S/2026-04-01_2026-06-30,ok,4368,220423.0,2026-09-26T17:05:09+00:00
carga_verificada,S/2026-07-01_2026-09-25,ok,4176,212784.0,2026-09-26T17:55:39+00:00
carga_verificada,SC/2016-01-01_2016-03-31,ok,4370,188765.0,2026-09-26T17:07:57+00:00
carga_verificada,SC/2016-04-01_2016-06-30,ok,4368,176505.0,2026-09-26T17:07:57+00:00
carga_verificada,SC/2016-07-01_2016-09-30,ok,4416,177652.0,2026-09-26T17:07:57+00:00
carga_verificada,SC/2016-10-01_2016-12-31,ok,4414,183186.0,2026-09-26T17:07:57+00:00
carga_verificada,SC/2017-01-01_2017-03-31,ok,4322,172340.0,2026-09-26T17:07:58+00:00
carga_verificada,SC/2017-04-01_2017-06-30,ok,4368,175349.0,2026-09-26T17:07:58+00:00
carga_verificada,SC/2017-07-01_2017-09-30,ok,4416,181344.0,2026-09-26T17:07:58+00:00
carga_verificada,SC/2017-10-01_2017-12-31,ok,4414,196136.0,2026-09-26T17:07:58+00:00
carga_verificada,SC/2018-01-01_2018-03-31,ok,4322,187732.0,2026-09-26T17:07:58+00:00
carga_verificada,SC/2018-04-01_2018-06-30,ok,4368,185630.0,2026-09-26T17:08:00+00:00
carga_verificada,SC/2018-07-01_2018-09-30,ok,4416,177841.0,2026-09-26T17:08:00+00:00
carga_verificada,SC/2018-10-01_2018-12-31,ok,4414,178458.0,2026-09-26T17:08:00+00:00
carga_verificada,SC/2019-01-01_2019-03-31,ok,4322,213463.0,2026-09-26T17:08:00+00:00
carga_verificada,SC/2019-04-01_2019-06-30,ok,4368,241777.0,2026-09-26T17:08:01+00:00
carga_verificada,SC/2019-07-01_2019-09-30,ok,4416,243868.0,2026-09-26T17:08:02+00:00
carga_verificada,SC/2019-10-01_2019-12-31,ok,4416,244999.0,2026-09-26T17:08:02+00:00
carga_verificada,SC/2020-01-01_2020-03-31,ok,4368,240146.0,2026-09-26T17:08:02+00:00
carga_verificada,SC/2020-04-01_2020-06-30,ok,4368,239336.0,2026-09-26T17:08:03+00:00
carga_verificada,SC/2020-07-01_2020-09-30,ok,4416,244047.0,2026-09-26T17:08:03+00:00
carga_verificada,SC/2020-10-01_2020-12-31,ok,4416,250969.0,2026-09-26T17:08:03+00:00
carga_verificada,SC/2021-01-01_2021-03-31,ok,4320,246107.0,2026-09-26T17:08:03+00:00
carga_verificada,SC/2021-04-01_2021-06-30,ok,4368,244851.0,2026-09-26T17:08:05+00:00
carga_verificada,SC/2021-07-01_2021-09-30,ok,4416,261639.0,2026-09-26T17:08:05+00:00
carga_verificada,SC/2021-10-01_2021-12-31,ok,4416,237861.0,2026-09-26T17:08:05+00:00
carga_verificada,SC/2022-01-01_2022-03-31,ok,4320,226132.0,2026-09-26T17:08:05+00:00
carga_verificada,SC/2022-04-01_2022-06-30,ok,4368,218843.0,2026-09-26T17:08:07+00:00
carga_verificada,SC/2022-07-01_2022-09-30,ok,4416,228306.0,2026-09-26T17:08:07+00:00
carga_verificada,SC/2022-10-01_2022-12-31,ok,4416,233889.0,2026-09-26T17:08:07+00:00
carga_verificada,SC/2023-01-01_2023-03-31,ok,4320,225961.0,2026-09-26T17:08:07+00:00
carga_verificada,SC/2023-04-01_2023-06-30,ok,4368,229211.0,2026-09-26T17:08:08+00:00
carga_verificada,SC/2023-07-01_2023-09-30,ok,4416,238078.0,2026-09-26T17:08:08+00:00
carga_verificada,SC/2023-10-01_2023-12-31,ok,4416,244114.0,2026-09-26T17:08:09+00:00
carga_verificada,SC/2024-01-01_2024-03-31,ok,4368,231155.0,2026-09-26T17:08:08+00:00
carga_verificada,SC/2024-04-01_2024-06-30,ok,4368,227325.0,2026-09-26T17:08:09+00:00
carga_verificada,SC/2024-07-01_2024-09-30,ok,4416,242974.0,2026-09-26T17:08:09+00:00
carga_verificada,SC/2024-10-01_2024-12-31,ok,4416,237811.0,2026-09-26T17:08:09+00:00
carga_verificada,SC/2025-01-01_2025-03-31,ok,4320,225364.0,2026-09-26T17:08:10+00:00
carga_verificada,SC/2025-04-01_2025-06-30,ok,4368,227768.0,2026-09-26T17:08:10+00:00
carga_verificada,SC/2025-07-01_2025-09-30,ok,4416,223222.0,2026-09-26T17:08:10+00:00
carga_verificada,SC/2025-10-01_2025-12-31,ok,4416,232524.0,2026-09-26T17:08:10+00:00
carga_verificada,SC/2026-01-01_2026-03-31,ok,4320,241847.0,2026-09-26T17:08:11+00:00
carga_verificada,SC/2026-04-01_2026-06-30,ok,4368,244038.0,2026-09-26T17:08:11+00:00
carga_verificada,SC/2026-07-01_2026-09-25,ok,4176,219542.0,2026-09-26T17:55:41+00:00
carga_verificada,SECO/2016-01-01_2016-03-31,ok,4370,130015.0,2026-09-26T17:04:46+00:00
carga_verificada,SECO/2016-04-01_2016-06-30,ok,4368,130368.0,2026-09-26T17:04:46+00:00
carga_verificada,SECO/2016-07-01_2016-09-30,ok,4416,132006.0,2026-09-26T17:04:46+00:00
carga_verificada,SECO/2016-10-01_2016-12-31,ok,4414,131660.0,2026-09-26T17:04:46+00:00
carga_verificada,SECO/2017-01-01_2017-03-31,ok,4322,128590.0,2026-09-26T17:04:49+00:00
carga_verificada,SECO/2017-04-01_2017-06-30,ok,4368,130244.0,2026-09-26T17:04:49+00:00
carga_verificada,SECO/2017-07-01_2017-09-30,ok,4416,131838.0,2026-09-26T17:04:49+00:00
carga_verificada,SECO/2017-10-01_2017-12-31,ok,4414,131210.0,2026-09-26T17:04:49+00:00
carga_verificada,SECO/2018-01-01_2018-03-31,ok,4322,128383.0,2026-09-26T17:04:50+00:00
carga_verificada,SECO/2018-04-01_2018-06-30,ok,4368,130031.0,2026-09-26T17:04:50+00:00
carga_verificada,SECO/2018-07-01_2018-09-30,ok,4416,131773.0,2026-09-26T17:04:50+00:00
carga_verificada,SECO/2018-10-01_2018-12-31,ok,4414,131366.0,2026-09-26T17:04:50+00:00
carga_verificada,SECO/2019-01-01_2019-03-31,ok,4322,159126.0,2026-09-26T17:04:52+00:00
carga_verificada,SECO/2019-04-01_2019-06-30,ok,4368,191666.0,2026-09-26T17:04:52+00:00
carga_verificada,SECO/2019-07-01_2019-09-30,ok,4416,202476.0,2026-09-26T17:04:52+00:00
carga_verificada,SECO/2019-10-01_2019-12-31,ok,4416,203782.0,2026-09-26T17:04:52+00:00
carga_verificada,SECO/2020-01-01_2020-03-31,ok,4368,184297.0,2026-09-26T17:04:53+00:00
carga_verificada,SECO/2020-04-01_2020-06-30,ok,4368,185152.0,2026-09-26T17:04:53+00:00
carga_verificada,SECO/2020-07-01_2020-09-30,ok,4416,189773.0,2026-09-26T17:04:53+00:00
carga_verificada,SECO/2020-10-01_2020-12-31,ok,4416,213034.0,2026-09-26T17:04:53+00:00
carga_verificada,SECO/2021-01-01_2021-03-31,ok,4320,215942.0,2026-09-26T17:04:54+00:00
carga_verificada,SECO/2021-04-01_2021-06-30,ok,4368,216320.0,2026-09-26T17:04:54+00:00
carga_verificada,SECO/2021-07-01_2021-09-30,ok,4416,221486.0,2026-09-26T17:04:54+00:00
carga_verificada,SECO/2021-10-01_2021-12-31,ok,4416,217200.0,2026-09-26T17:04:54+00:00
carga_verificada,SECO/2022-01-01_2022-03-31,ok,4320,210237.0,2026-09-26T17:04:55+00:00
carga_verificada,SECO/2022-04-01_2022-06-30,ok,4368,206608.0,2026-09-26T17:04:55+00:00
carga_verificada,SECO/2022-07-01_2022-09-30,ok,4416,209742.0,2026-09-26T17:04:55+00:00
carga_verificada,SECO/2022-10-01_2022-12-31,ok,4416,213783.0,2026-09-26T17:04:55+00:00
carga_verificada,SECO/2023-01-01_2023-03-31,ok,4320,207900.0,2026-09-26T17:04:57+00:00
carga_verificada,SECO/2023-04-01_2023-06-30,ok,4368,218611.0,2026-09-26T17:04:57+00:00
carga_verificada,SECO/2023-07-01_2023-09-30,ok,4416,219681.0,2026-09-26T17:04:57+00:00
carga_verificada,SECO/2023-10-01_2023-12-31,ok,4416,226924.0,2026-09-26T17:04:56+00:00
carga_verificada,SECO/2024-01-01_2024-03-31,ok,4368,219587.0,2026-09-26T17:04:57+00:00
carga_verificada,SECO/2024-04-01_2024-06-30,ok,4368,216271.0,2026-09-26T17:04:58+00:00
carga_verificada,SECO/2024-07-01_2024-09-30,ok,4416,215902.0,2026-09-26T17:04:58+00:00
carga_verificada,SECO/2024-10-01_2024-12-31,ok,4416,219219.0,2026-09-26T17:04:58+00:00
carga_verificada,SECO/2025-01-01_2025-03-31,ok,4320,210411.0,2026-09-26T17:04:58+00:00
carga_verificada,SECO/2025-04-01_2025-06-30,ok,4368,216363.0,2026-09-26T17:04:59+00:00
carga_verificada,SECO/2025-07-01_2025-09-30,ok,4416,210180.0,2026-09-26T17:04:59+00:00
carga_verificada,SECO/2025-10-01_2025-12-31,ok,4416,220863.0,2026-09-26T17:04:59+00:00
carga_verificada,SECO/2026-01-01_2026-03-31,ok,4320,214217.0,2026-09-26T17:04:59+00:00
carga_verificada,SECO/2026-04-01_2026-06-30,ok,4368,215043.0,2026-09-26T17:05:00+00:00
carga_verificada,SECO/2026-07-01_2026-09-25,ok,4176,206708.0,2026-09-26T17:55:39+00:00
carga_verificada,SP/2016-01-01_2016-03-31,ok,4370,167144.0,2026-09-26T17:05:44+00:00
carga_verificada,SP/2016-04-01_2016-06-30,ok,4368,169527.0,2026-09-26T17:05:44+00:00
carga_verificada,SP/2016-07-01_2016-09-30,ok,4416,170482.0,2026-09-26T17:05:45+00:00
carga_verificada,SP/2016-10-01_2016-12-31,ok,4414,171240.0,2026-09-26T17:05:45+00:00
carga_verificada,SP/2017-01-01_2017-03-31,ok,4322,165383.0,2026-09-26T17:05:45+00:00
carga_verificada,SP/2017-04-01_2017-06-30,ok,4368,169957.0,2026-09-26T17:05:45+00:00
carga_verificada,SP/2017-07-01_2017-09-30,ok,4416,170052.0,2026-09-26T17:05:47+00:00
carga_verificada,SP/2017-10-01_2017-12-31,ok,4414,172140.0,2026-09-26T17:05:47+00:00
carga_verificada,SP/2018-01-01_2018-03-31,ok,4322,166272.0,2026-09-26T17:05:47+00:00
carga_verificada,SP/2018-04-01_2018-06-30,ok,4368,170586.0,2026-09-26T17:05:47+00:00
carga_verificada,SP/2018-07-01_2018-09-30,ok,4416,173466.0,2026-09-26T17:05:49+00:00
carga_verificada,SP/2018-10-01_2018-12-31,ok,4414,176297.0,2026-09-26T17:05:49+00:00
carga_verificada,SP/2019-01-01_2019-03-31,ok,4322,196288.0,2026-09-26T17:05:49+00:00
carga_verificada,SP/2019-04-01_2019-06-30,ok,4368,236033.0,2026-09-26T17:05:49+00:00
carga_verificada,SP/2019-07-01_2019-09-30,ok,4416,239683.0,2026-09-26T17:05:50+00:00
carga_verificada,SP/2019-10-01_2019-12-31,ok,4416,237028.0,2026-09-26T17:05:50+00:00
carga_verificada,SP/2020-01-01_2020-03-31,ok,4368,230297.0,2026-09-26T17:05:50+00:00
carga_verificada,SP/2020-04-01_2020-06-30,ok,4368,235325.0,2026-09-26T17:05:50+00:00
carga_verificada,SP/2020-07-01_2020-09-30,ok,4416,240693.0,2026-09-26T17:05:51+00:00
carga_verificada,SP/2020-10-01_2020-12-31,ok,4416,245104.0,2026-09-26T17:05:51+00:00
carga_verificada,SP/2021-01-01_2021-03-31,ok,4320,228423.0,2026-09-26T17:05:51+00:00
carga_verificada,SP/2021-04-01_2021-06-30,ok,4368,230141.0,2026-09-26T17:05:51+00:00
carga_verificada,SP/2021-07-01_2021-09-30,ok,4416,231658.0,2026-09-26T17:05:52+00:00
carga_verificada,SP/2021-10-01_2021-12-31,ok,4416,231819.0,2026-09-26T17:05:52+00:00
carga_verificada,SP/2022-01-01_2022-03-31,ok,4320,225798.0,2026-09-26T17:05:53+00:00
carga_verificada,SP/2022-04-01_2022-06-30,ok,4368,217898.0,2026-09-26T17:05:52+00:00
carga_verificada,SP/2022-07-01_2022-09-30,ok,4416,216213.0,2026-09-26T17:05:54+00:00
carga_verificada,SP/2022-10-01_2022-12-31,ok,4416,222414.0,2026-09-26T17:05:54+00:00
carga_verificada,SP/2023-01-01_2023-03-31,ok,4320,214984.0,2026-09-26T17:05:54+00:00
carga_verificada,SP/2023-04-01_2023-06-30,ok,4368,229741.0,2026-09-26T17:05:54+00:00
carga_verificada,SP/2023-07-01_2023-09-30,ok,4416,222645.0,2026-09-26T17:05:55+00:00
carga_verificada,SP/2023-10-01_2023-12-31,ok,4416,231669.0,2026-09-26T17:05:55+00:00
carga_verificada,SP/2024-01-01_2024-03-31,ok,4368,218693.0,2026-09-26T17:05:55+00:00
carga_verificada,SP/2024-04-01_2024-06-30,ok,4368,220915.0,2026-09-26T17:05:55+00:00
carga_verificada,SP/2024-07-01_2024-09-30,ok,4416,222380.0,2026-09-26T17:05:57+00:00
carga_verificada,SP/2024-10-01_2024-12-31,ok,4416,230180.0,2026-09-26T17:05:57+00:00
carga_verificada,SP/2025-01-01_2025-03-31,ok,4320,216041.0,2026-09-26T17:05:57+00:00
carga_verificada,SP/2025-04-01_2025-06-30,ok,4368,216924.0,2026-09-26T17:05:57+00:00
carga_verificada,SP/2025-07-01_2025-09-30,ok,4416,218310.0,2026-09-26T17:05:58+00:00
carga_verificada,SP/2025-10-01_2025-12-31,ok,4416,223752.0,2026-09-26T17:05:58+00:00
carga_verificada,SP/2026-01-01_2026-03-31,ok,4320,225166.0,2026-09-26T17:05:58+00:00
carga_verificada,SP/2026-04-01_2026-06-30,ok,4368,217383.0,2026-09-26T17:05:58+00:00
carga_verificada,SP/2026-07-01_2026-09-25,ok,4176,210324.0,2026-09-26T17:55:40+00:00
carga_verificada,TON/2016-01-01_2016-03-31,ok,4370,172909.0,2026-09-26T17:09:50+00:00
carga_verificada,TON/2016-04-01_2016-06-30,ok,4368,175635.0,2026-09-26T17:09:49+00:00
carga_verificada,TON/2016-07-01_2016-09-30,ok,4416,170648.0,2026-09-26T17:09:50+00:00
carga_verificada,TON/2016-10-01_2016-12-31,ok,4414,169025.0,2026-09-26T17:09:50+00:00
carga_verificada,TON/2017-01-01_2017-03-31,ok,4322,166241.0,2026-09-26T17:09:50+00:00
carga_verificada,TON/2017-04-01_2017-06-30,ok,4368,170628.0,2026-09-26T17:09:51+00:00
carga_verificada,TON/2017-07-01_2017-09-30,ok,4416,175746.0,2026-09-26T17:09:51+00:00
carga_verificada,TON/2017-10-01_2017-12-31,ok,4414,183670.0,2026-09-26T17:09:52+00:00
carga_verificada,TON/2018-01-01_2018-03-31,ok,4322,166595.0,2026-09-26T17:09:51+00:00
carga_verificada,TON/2018-04-01_2018-06-30,ok,4368,168196.0,2026-09-26T17:09:53+00:00
carga_verificada,TON/2018-07-01_2018-09-30,ok,4416,174650.0,2026-09-26T17:09:53+00:00
carga_verificada,TON/2018-10-01_2018-12-31,ok,4414,172054.0,2026-09-26T17:09:53+00:00
carga_verificada,TON/2019-01-01_2019-03-31,ok,4322,196209.0,2026-09-26T17:09:53+00:00
carga_verificada,TON/2019-04-01_2019-06-30,ok,4368,240529.0,2026-09-26T17:09:54+00:00
carga_verificada,TON/2019-07-01_2019-09-30,ok,4416,239619.0,2026-09-26T17:09:54+00:00
carga_verificada,TON/2019-10-01_2019-12-31,ok,4416,245878.0,2026-09-26T17:09:54+00:00
carga_verificada,TON/2020-01-01_2020-03-31,ok,4368,232516.0,2026-09-26T17:09:54+00:00
carga_verificada,TON/2020-04-01_2020-06-30,ok,4368,247109.0,2026-09-26T17:09:56+00:00
carga_verificada,TON/2020-07-01_2020-09-30,ok,4416,236244.0,2026-09-26T17:09:56+00:00
carga_verificada,TON/2020-10-01_2020-12-31,ok,4416,257249.0,2026-09-26T17:09:56+00:00
carga_verificada,TON/2021-01-01_2021-03-31,ok,4320,232421.0,2026-09-26T17:09:56+00:00
carga_verificada,TON/2021-04-01_2021-06-30,ok,4368,229719.0,2026-09-26T17:09:57+00:00
carga_verificada,TON/2021-07-01_2021-09-30,ok,4416,233072.0,2026-09-26T17:09:57+00:00
carga_verificada,TON/2021-10-01_2021-12-31,ok,4416,251092.0,2026-09-26T17:09:57+00:00
carga_verificada,TON/2022-01-01_2022-03-31,ok,4320,226562.0,2026-09-26T17:09:57+00:00
carga_verificada,TON/2022-04-01_2022-06-30,ok,4368,229302.0,2026-09-26T17:09:58+00:00
carga_verificada,TON/2022-07-01_2022-09-30,ok,4416,232025.0,2026-09-26T17:09:58+00:00
carga_verificada,TON/2022-10-01_2022-12-31,ok,4416,231796.0,2026-09-26T17:09:58+00:00
carga_verificada,TON/2023-01-01_2023-03-31,ok,4320,217206.0,2026-09-26T17:09:58+00:00
carga_verificada,TON/2023-04-01_2023-06-30,ok,4368,240998.0,2026-09-26T17:10:01+00:00
carga_verificada,TON/2023-07-01_2023-09-30,ok,4416,238467.0,2026-09-26T17:10:01+00:00
carga_verificada,TON/2023-10-01_2023-12-31,ok,4416,261603.0,2026-09-26T17:10:01+00:00
carga_verificada,TON/2024-01-01_2024-03-31,ok,4368,235619.0,2026-09-26T17:10:01+00:00
carga_verificada,TON/2024-04-01_2024-06-30,ok,4368,238160.0,2026-09-26T17:10:03+00:00
carga_verificada,TON/2024-07-01_2024-09-30,ok,4416,236734.0,2026-09-26T17:10:03+00:00
carga_verificada,TON/2024-10-01_2024-12-31,ok,4416,245770.0,2026-09-26T17:10:03+00:00
carga_verificada,TON/2025-01-01_2025-03-31,ok,4320,230501.0,2026-09-26T17:10:03+00:00
carga_verificada,TON/2025-04-01_2025-06-30,ok,4368,227853.0,2026-09-26T17:10:04+00:00
carga_verificada,TON/2025-07-01_2025-09-30,ok,4416,228866.0,2026-09-26T17:10:04+00:00
carga_verificada,TON/2025-10-01_2025-12-31,ok,4416,244658.0,2026-09-26T17:10:04+00:00
carga_verificada,TON/2026-01-01_2026-03-31,ok,4320,233567.0,2026-09-26T17:10:04+00:00
carga_verificada,TON/2026-04-01_2026-06-30,ok,4368,234007.0,2026-09-26T17:10:06+00:00
carga_verificada,TON/2026-07-01_2026-09-25,ok,4176,238236.0,2026-09-26T17:55:43+00:00
coff_eolica_detail,RESTRICAO_COFF_EOLICA_DETAIL_2021_10.parquet,ok,1007280,6624799.0,2026-09-26T16:48:20+00:00
coff_eolica_detail,RESTRICAO_COFF_EOLICA_DETAIL_2021_11.parquet,ok,1004736,6516713.0,2026-09-26T16:48:21+00:00
coff_eolica_detail,RESTRICAO_COFF_EOLICA_DETAIL_2021_12.parquet,ok,1030272,6615612.0,2026-09-26T16:48:20+00:00
coff_eolica_detail,RESTRICAO_COFF_EOLICA_DETAIL_2022_01.parquet,ok,1065744,6805439.0,2026-09-26T16:48:21+00:00
coff_eolica_detail,RESTRICAO_COFF_EOLICA_DETAIL_2022_02.parquet,ok,978576,6402622.0,2026-09-26T16:48:20+00:00
coff_eolica_detail,RESTRICAO_COFF_EOLICA_DETAIL_2022_03.parquet,ok,1089648,6926470.0,2026-09-26T16:48:20+00:00
coff_eolica_detail,RESTRICAO_COFF_EOLICA_DETAIL_2022_04.parquet,ok,1049760,6767340.0,2026-09-26T16:48:24+00:00
coff_eolica_detail,RESTRICAO_COFF_EOLICA_DETAIL_2022_05.parquet,ok,1100640,7132727.0,2026-09-26T16:48:24+00:00
coff_eolica_detail,RESTRICAO_COFF_EOLICA_DETAIL_2022_06.parquet,ok,1072608,6993895.0,2026-09-26T16:48:25+00:00
coff_eolica_detail,RESTRICAO_COFF_EOLICA_DETAIL_2022_07.parquet,ok,1115904,7754938.0,2026-09-26T16:48:25+00:00
coff_eolica_detail,RESTRICAO_COFF_EOLICA_DETAIL_2022_08.parquet,ok,1125648,7809967.0,2026-09-26T16:48:25+00:00
coff_eolica_detail,RESTRICAO_COFF_EOLICA_DETAIL_2022_09.parquet,ok,1102176,7446677.0,2026-09-26T16:48:26+00:00
coff_eolica_detail,RESTRICAO_COFF_EOLICA_DETAIL_2022_10.parquet,ok,1157088,8048210.0,2026-09-26T16:48:29+00:00
coff_eolica_detail,RESTRICAO_COFF_EOLICA_DETAIL_2022_11.parquet,ok,1138272,7989037.0,2026-09-26T16:48:28+00:00
coff_eolica_detail,RESTRICAO_COFF_EOLICA_DETAIL_2022_12.parquet,ok,1187568,7890520.0,2026-09-26T16:48:29+00:00
coff_eolica_detail,RESTRICAO_COFF_EOLICA_DETAIL_2023_01.parquet,ok,1211328,8096267.0,2026-09-26T16:48:28+00:00
coff_eolica_detail,RESTRICAO_COFF_EOLICA_DETAIL_2023_02.parquet,ok,1108416,8065124.0,2026-09-26T16:48:31+00:00
coff_eolica_detail,RESTRICAO_COFF_EOLICA_DETAIL_2023_03.parquet,ok,1234416,8510754.0,2026-09-26T16:48:32+00:00
coff_eolica_detail,RESTRICAO_COFF_EOLICA_DETAIL_2023_04.parquet,ok,1201248,8249979.0,2026-09-26T16:48:33+00:00
coff_eolica_detail,RESTRICAO_COFF_EOLICA_DETAIL_2023_05.parquet,ok,1258944,8413353.0,2026-09-26T16:48:32+00:00
coff_eolica_detail,RESTRICAO_COFF_EOLICA_DETAIL_2023_06.parquet,ok,1223760,8790583.0,2026-09-26T16:48:35+00:00
coff_eolica_detail,RESTRICAO_COFF_EOLICA_DETAIL_2023_07.parquet,ok,1280160,8913626.0,2026-09-26T16:48:34+00:00
coff_eolica_detail,RESTRICAO_COFF_EOLICA_DETAIL_2023_08.parquet,ok,1289856,9195911.0,2026-09-26T16:48:39+00:00
coff_eolica_detail,RESTRICAO_COFF_EOLICA_DETAIL_2023_09.parquet,ok,1256112,8909712.0,2026-09-26T16:48:40+00:00
coff_eolica_detail,RESTRICAO_COFF_EOLICA_DETAIL_2023_10.parquet,ok,1307136,9971512.0,2026-09-26T16:48:37+00:00
coff_eolica_detail,RESTRICAO_COFF_EOLICA_DETAIL_2023_11.parquet,ok,1277136,8976938.0,2026-09-26T16:48:39+00:00
coff_eolica_detail,RESTRICAO_COFF_EOLICA_DETAIL_2023_12.parquet,ok,1342080,9442636.0,2026-09-26T16:48:40+00:00
coff_eolica_detail,RESTRICAO_COFF_EOLICA_DETAIL_2024_01.parquet,ok,1381728,9487499.0,2026-09-26T16:48:43+00:00
coff_eolica_detail,RESTRICAO_COFF_EOLICA_DETAIL_2024_02.parquet,ok,1306752,9103988.0,2026-09-26T16:48:48+00:00
coff_eolica_detail,RESTRICAO_COFF_EOLICA_DETAIL_2024_03.parquet,ok,1406880,9577410.0,2026-09-26T16:48:53+00:00
coff_eolica_detail,RESTRICAO_COFF_EOLICA_DETAIL_2024_04.parquet,ok,1382640,9747652.0,2026-09-26T16:48:52+00:00
coff_eolica_detail,RESTRICAO_COFF_EOLICA_DETAIL_2024_05.parquet,ok,1437360,9879134.0,2026-09-26T16:48:49+00:00
coff_eolica_detail,RESTRICAO_COFF_EOLICA_DETAIL_2024_06.parquet,ok,1398528,10114222.0,2026-09-26T16:48:49+00:00
coff_eolica_detail,RESTRICAO_COFF_EOLICA_DETAIL_2024_07.parquet,ok,1452624,10728345.0,2026-09-26T16:48:52+00:00
coff_eolica_detail,RESTRICAO_COFF_EOLICA_DETAIL_2024_08.parquet,ok,1464528,10611991.0,2026-09-26T16:48:56+00:00
coff_eolica_detail,RESTRICAO_COFF_EOLICA_DETAIL_2024_09.parquet,ok,1427712,10175026.0,2026-09-26T16:48:51+00:00
coff_eolica_detail,RESTRICAO_COFF_EOLICA_DETAIL_2024_10.parquet,ok,1491217,10803266.0,2026-09-26T16:48:52+00:00
coff_eolica_detail,RESTRICAO_COFF_EOLICA_DETAIL_2024_11.parquet,ok,1454400,10753871.0,2026-09-26T16:48:54+00:00
coff_eolica_detail,RESTRICAO_COFF_EOLICA_DETAIL_2024_12.parquet,ok,1506341,11014550.0,2026-09-26T16:48:57+00:00
coff_eolica_detail,RESTRICAO_COFF_EOLICA_DETAIL_2025_01.parquet,ok,1520736,12621204.0,2026-09-26T16:48:58+00:00
coff_eolica_detail,RESTRICAO_COFF_EOLICA_DETAIL_2025_02.parquet,ok,1377936,14090589.0,2026-09-26T16:49:02+00:00
coff_eolica_detail,RESTRICAO_COFF_EOLICA_DETAIL_2025_03.parquet,ok,1527264,11465749.0,2026-09-26T16:49:02+00:00
coff_eolica_detail,RESTRICAO_COFF_EOLICA_DETAIL_2025_04.parquet,ok,1482864,11293493.0,2026-09-26T16:48:59+00:00
coff_eolica_detail,RESTRICAO_COFF_EOLICA_DETAIL_2025_05.parquet,ok,1532640,11375165.0,2026-09-26T16:49:04+00:00
coff_eolica_detail,RESTRICAO_COFF_EOLICA_DETAIL_2025_06.parquet,ok,1486992,12700670.0,2026-09-26T16:49:06+00:00
coff_eolica_detail,RESTRICAO_COFF_EOLICA_DETAIL_2025_07.parquet,ok,1539744,15090771.0,2026-09-26T16:49:05+00:00
coff_eolica_detail,RESTRICAO_COFF_EOLICA_DETAIL_2025_08.parquet,ok,1545168,13750498.0,2026-09-26T16:49:05+00:00
coff_eolica_detail,RESTRICAO_COFF_EOLICA_DETAIL_2025_09.parquet,ok,1504320,12609078.0,2026-09-26T16:49:09+00:00
coff_eolica_detail,RESTRICAO_COFF_EOLICA_DETAIL_2025_10.parquet,ok,1554960,13156022.0,2026-09-26T16:49:07+00:00
coff_eolica_detail,RESTRICAO_COFF_EOLICA_DETAIL_2025_11.parquet,ok,1504800,12640152.0,2026-09-26T16:49:12+00:00
coff_eolica_detail,RESTRICAO_COFF_EOLICA_DETAIL_2025_12.parquet,ok,1560528,12231843.0,2026-09-26T16:49:10+00:00
coff_eolica_detail,RESTRICAO_COFF_EOLICA_DETAIL_2026_01.parquet,ok,1565376,11478122.0,2026-09-26T16:49:10+00:00
coff_eolica_detail,RESTRICAO_COFF_EOLICA_DETAIL_2026_02.parquet,ok,1414800,11770904.0,2026-09-26T16:49:16+00:00
coff_eolica_detail,RESTRICAO_COFF_EOLICA_DETAIL_2026_03.parquet,ok,1566864,13830685.0,2026-09-26T16:49:11+00:00
coff_eolica_detail,RESTRICAO_COFF_EOLICA_DETAIL_2026_04.parquet,ok,1516320,13635942.0,2026-09-26T16:49:19+00:00
coff_eolica_detail,RESTRICAO_COFF_EOLICA_DETAIL_2026_05.parquet,ok,1566864,14237419.0,2026-09-26T16:49:16+00:00
coff_eolica_detail,RESTRICAO_COFF_EOLICA_DETAIL_2026_06.parquet,ok,1516320,13746141.0,2026-09-26T16:49:16+00:00
coff_eolica_detail,RESTRICAO_COFF_EOLICA_DETAIL_2026_07.parquet,ok,1567632,13246231.0,2026-09-26T16:49:19+00:00
coff_eolica_detail,RESTRICAO_COFF_EOLICA_DETAIL_2026_08.parquet,ok,1568544,12772610.0,2026-09-26T16:49:17+00:00
coff_eolica_detail,RESTRICAO_COFF_EOLICA_DETAIL_2026_09.parquet,ok,1266000,12496525.0,2026-09-26T16:49:23+00:00
coff_eolica_tm,RESTRICAO_COFF_EOLICA_2021_10.parquet,ok,188976,2238414.0,2026-09-26T16:47:53+00:00
coff_eolica_tm,RESTRICAO_COFF_EOLICA_2021_11.parquet,ok,186720,2088750.0,2026-09-26T16:47:52+00:00
coff_eolica_tm,RESTRICAO_COFF_EOLICA_2021_12.parquet,ok,196080,2143247.0,2026-09-26T16:47:53+00:00
coff_eolica_tm,RESTRICAO_COFF_EOLICA_2022_01.parquet,ok,200880,2160624.0,2026-09-26T16:47:53+00:00
coff_eolica_tm,RESTRICAO_COFF_EOLICA_2022_02.parquet,ok,183648,2057766.0,2026-09-26T16:47:54+00:00
coff_eolica_tm,RESTRICAO_COFF_EOLICA_2022_03.parquet,ok,203856,2255479.0,2026-09-26T16:47:53+00:00
coff_eolica_tm,RESTRICAO_COFF_EOLICA_2022_04.parquet,ok,197328,2155872.0,2026-09-26T16:47:54+00:00
coff_eolica_tm,RESTRICAO_COFF_EOLICA_2022_05.parquet,ok,206592,2287728.0,2026-09-26T16:47:54+00:00
coff_eolica_tm,RESTRICAO_COFF_EOLICA_2022_06.parquet,ok,198576,2158369.0,2026-09-26T16:47:54+00:00
coff_eolica_tm,RESTRICAO_COFF_EOLICA_2022_07.parquet,ok,206832,2502303.0,2026-09-26T16:47:54+00:00
coff_eolica_tm,RESTRICAO_COFF_EOLICA_2022_08.parquet,ok,209616,2576713.0,2026-09-26T16:47:56+00:00
coff_eolica_tm,RESTRICAO_COFF_EOLICA_2022_09.parquet,ok,204432,2509194.0,2026-09-26T16:47:55+00:00
coff_eolica_tm,RESTRICAO_COFF_EOLICA_2022_10.parquet,ok,214272,2679439.0,2026-09-26T16:47:56+00:00
coff_eolica_tm,RESTRICAO_COFF_EOLICA_2022_11.parquet,ok,209904,2362463.0,2026-09-26T16:47:56+00:00
coff_eolica_tm,RESTRICAO_COFF_EOLICA_2022_12.parquet,ok,216048,2499956.0,2026-09-26T16:47:56+00:00
coff_eolica_tm,RESTRICAO_COFF_EOLICA_2023_01.parquet,ok,219696,2533150.0,2026-09-26T16:47:56+00:00
coff_eolica_tm,RESTRICAO_COFF_EOLICA_2023_02.parquet,ok,196320,2406856.0,2026-09-26T16:47:56+00:00
coff_eolica_tm,RESTRICAO_COFF_EOLICA_2023_03.parquet,ok,217728,2613881.0,2026-09-26T16:47:57+00:00
coff_eolica_tm,RESTRICAO_COFF_EOLICA_2023_04.parquet,ok,211680,2367275.0,2026-09-26T16:47:57+00:00
coff_eolica_tm,RESTRICAO_COFF_EOLICA_2023_05.parquet,ok,221088,2564945.0,2026-09-26T16:47:57+00:00
coff_eolica_tm,RESTRICAO_COFF_EOLICA_2023_06.parquet,ok,214752,2905822.0,2026-09-26T16:47:57+00:00
coff_eolica_tm,RESTRICAO_COFF_EOLICA_2023_07.parquet,ok,224400,3111835.0,2026-09-26T16:47:59+00:00
coff_eolica_tm,RESTRICAO_COFF_EOLICA_2023_08.parquet,ok,226320,3118391.0,2026-09-26T16:47:57+00:00
coff_eolica_tm,RESTRICAO_COFF_EOLICA_2023_09.parquet,ok,220320,3326215.0,2026-09-26T16:47:58+00:00
coff_eolica_tm,RESTRICAO_COFF_EOLICA_2023_10.parquet,ok,227664,3318833.0,2026-09-26T16:47:58+00:00
coff_eolica_tm,RESTRICAO_COFF_EOLICA_2023_11.parquet,ok,220320,3018375.0,2026-09-26T16:47:59+00:00
coff_eolica_tm,RESTRICAO_COFF_EOLICA_2023_12.parquet,ok,230016,3098734.0,2026-09-26T16:47:59+00:00
coff_eolica_tm,RESTRICAO_COFF_EOLICA_2024_01.parquet,ok,231984,2702440.0,2026-09-26T16:47:59+00:00
coff_eolica_tm,RESTRICAO_COFF_EOLICA_2024_02.parquet,ok,219888,2726660.0,2026-09-26T16:48:00+00:00
coff_eolica_tm,RESTRICAO_COFF_EOLICA_2024_03.parquet,ok,235680,2795723.0,2026-09-26T16:48:00+00:00
coff_eolica_tm,RESTRICAO_COFF_EOLICA_2024_04.parquet,ok,228960,2830457.0,2026-09-26T16:48:00+00:00
coff_eolica_tm,RESTRICAO_COFF_EOLICA_2024_05.parquet,ok,236592,3272193.0,2026-09-26T16:48:02+00:00
coff_eolica_tm,RESTRICAO_COFF_EOLICA_2024_06.parquet,ok,228960,3462283.0,2026-09-26T16:48:01+00:00
coff_eolica_tm,RESTRICAO_COFF_EOLICA_2024_07.parquet,ok,237264,3971926.0,2026-09-26T16:48:02+00:00
coff_eolica_tm,RESTRICAO_COFF_EOLICA_2024_08.parquet,ok,239328,4360354.0,2026-09-26T16:48:01+00:00
coff_eolica_tm,RESTRICAO_COFF_EOLICA_2024_09.parquet,ok,231120,4324853.0,2026-09-26T16:48:02+00:00
coff_eolica_tm,RESTRICAO_COFF_EOLICA_2024_10.parquet,ok,234048,3911506.0,2026-09-26T16:48:02+00:00
coff_eolica_tm,RESTRICAO_COFF_EOLICA_2024_11.parquet,ok,221136,3525276.0,2026-09-26T16:48:03+00:00
coff_eolica_tm,RESTRICAO_COFF_EOLICA_2024_12.parquet,ok,229776,3719705.0,2026-09-26T16:48:03+00:00
coff_eolica_tm,RESTRICAO_COFF_EOLICA_2025_01.parquet,ok,232128,3253368.0,2026-09-26T16:48:04+00:00
coff_eolica_tm,RESTRICAO_COFF_EOLICA_2025_02.parquet,ok,209664,3722753.0,2026-09-26T16:48:04+00:00
coff_eolica_tm,RESTRICAO_COFF_EOLICA_2025_03.parquet,ok,231840,3498526.0,2026-09-26T16:48:06+00:00
coff_eolica_tm,RESTRICAO_COFF_EOLICA_2025_04.parquet,ok,223200,3225522.0,2026-09-26T16:48:05+00:00
coff_eolica_tm,RESTRICAO_COFF_EOLICA_2025_05.parquet,ok,230640,4105618.0,2026-09-26T16:48:05+00:00
coff_eolica_tm,RESTRICAO_COFF_EOLICA_2025_06.parquet,ok,223536,3973542.0,2026-09-26T16:48:05+00:00
coff_eolica_tm,RESTRICAO_COFF_EOLICA_2025_07.parquet,ok,230592,4273457.0,2026-09-26T16:48:07+00:00
coff_eolica_tm,RESTRICAO_COFF_EOLICA_2025_08.parquet,ok,229152,4509482.0,2026-09-26T16:48:07+00:00
coff_eolica_tm,RESTRICAO_COFF_EOLICA_2025_09.parquet,ok,222096,4453066.0,2026-09-26T16:48:08+00:00
coff_eolica_tm,RESTRICAO_COFF_EOLICA_2025_10.parquet,ok,229152,4649456.0,2026-09-26T16:48:08+00:00
coff_eolica_tm,RESTRICAO_COFF_EOLICA_2025_11.parquet,ok,221760,4106610.0,2026-09-26T16:48:08+00:00
coff_eolica_tm,RESTRICAO_COFF_EOLICA_2025_12.parquet,ok,229152,3971259.0,2026-09-26T16:48:09+00:00
coff_eolica_tm,RESTRICAO_COFF_EOLICA_2026_01.parquet,ok,229152,4165544.0,2026-09-26T16:48:09+00:00
coff_eolica_tm,RESTRICAO_COFF_EOLICA_2026_02.parquet,ok,205824,2934696.0,2026-09-26T16:48:09+00:00
coff_eolica_tm,RESTRICAO_COFF_EOLICA_2026_03.parquet,ok,227664,3462171.0,2026-09-26T16:48:09+00:00
coff_eolica_tm,RESTRICAO_COFF_EOLICA_2026_04.parquet,ok,220320,3547016.0,2026-09-26T16:48:09+00:00
coff_eolica_tm,RESTRICAO_COFF_EOLICA_2026_05.parquet,ok,227664,4050889.0,2026-09-26T16:48:11+00:00
coff_eolica_tm,RESTRICAO_COFF_EOLICA_2026_06.parquet,ok,220320,3696290.0,2026-09-26T16:48:11+00:00
coff_eolica_tm,RESTRICAO_COFF_EOLICA_2026_07.parquet,ok,227664,4234747.0,2026-09-26T16:48:11+00:00
coff_eolica_tm,RESTRICAO_COFF_EOLICA_2026_08.parquet,ok,227664,4419695.0,2026-09-26T16:48:11+00:00
coff_eolica_tm,RESTRICAO_COFF_EOLICA_2026_09.parquet,ok,182784,3528148.0,2026-09-26T16:48:11+00:00
coff_solar_detail,RESTRICAO_COFF_FOTOVOLTAICA_DETAIL_2024_04.parquet,ok,479952,3224844.0,2026-09-26T16:59:48+00:00
coff_solar_detail,RESTRICAO_COFF_FOTOVOLTAICA_DETAIL_2024_05.parquet,ok,516728,3406434.0,2026-09-26T16:59:48+00:00
coff_solar_detail,RESTRICAO_COFF_FOTOVOLTAICA_DETAIL_2024_06.parquet,ok,516672,3404529.0,2026-09-26T16:59:50+00:00
coff_solar_detail,RESTRICAO_COFF_FOTOVOLTAICA_DETAIL_2024_07.parquet,ok,549264,3560793.0,2026-09-26T16:59:52+00:00
coff_solar_detail,RESTRICAO_COFF_FOTOVOLTAICA_DETAIL_2024_08.parquet,ok,558960,3664284.0,2026-09-26T16:59:49+00:00
coff_solar_detail,RESTRICAO_COFF_FOTOVOLTAICA_DETAIL_2024_09.parquet,ok,554016,3706048.0,2026-09-26T16:59:52+00:00
coff_solar_detail,RESTRICAO_COFF_FOTOVOLTAICA_DETAIL_2024_10.parquet,ok,587280,4126619.0,2026-09-26T16:59:50+00:00
coff_solar_detail,RESTRICAO_COFF_FOTOVOLTAICA_DETAIL_2024_11.parquet,ok,596880,4145005.0,2026-09-26T16:59:53+00:00
coff_solar_detail,RESTRICAO_COFF_FOTOVOLTAICA_DETAIL_2024_12.parquet,ok,633024,4529189.0,2026-09-26T16:59:58+00:00
coff_solar_detail,RESTRICAO_COFF_FOTOVOLTAICA_DETAIL_2025_01.parquet,ok,653520,4793503.0,2026-09-26T17:00:04+00:00
coff_solar_detail,RESTRICAO_COFF_FOTOVOLTAICA_DETAIL_2025_02.parquet,ok,594048,4371606.0,2026-09-26T16:59:53+00:00
coff_solar_detail,RESTRICAO_COFF_FOTOVOLTAICA_DETAIL_2025_03.parquet,ok,657696,4607680.0,2026-09-26T17:00:04+00:00
coff_solar_detail,RESTRICAO_COFF_FOTOVOLTAICA_DETAIL_2025_04.parquet,ok,637824,4357027.0,2026-09-26T17:00:02+00:00
coff_solar_detail,RESTRICAO_COFF_FOTOVOLTAICA_DETAIL_2025_05.parquet,ok,660672,4328380.0,2026-09-26T16:59:58+00:00
coff_solar_detail,RESTRICAO_COFF_FOTOVOLTAICA_DETAIL_2025_06.parquet,ok,639360,4229410.0,2026-09-26T16:59:55+00:00
coff_solar_detail,RESTRICAO_COFF_FOTOVOLTAICA_DETAIL_2025_07.parquet,ok,660672,4369707.0,2026-09-26T17:00:02+00:00
coff_solar_detail,RESTRICAO_COFF_FOTOVOLTAICA_DETAIL_2025_08.parquet,ok,660672,4413712.0,2026-09-26T17:00:04+00:00
coff_solar_detail,RESTRICAO_COFF_FOTOVOLTAICA_DETAIL_2025_09.parquet,ok,654528,4741251.0,2026-09-26T17:00:04+00:00
coff_solar_detail,RESTRICAO_COFF_FOTOVOLTAICA_DETAIL_2025_10.parquet,ok,688944,5148031.0,2026-09-26T17:00:05+00:00
coff_solar_detail,RESTRICAO_COFF_FOTOVOLTAICA_DETAIL_2025_11.parquet,ok,688128,5048141.0,2026-09-26T17:00:05+00:00
coff_solar_detail,RESTRICAO_COFF_FOTOVOLTAICA_DETAIL_2025_12.parquet,ok,720480,5405812.0,2026-09-26T17:00:14+00:00
coff_solar_detail,RESTRICAO_COFF_FOTOVOLTAICA_DETAIL_2026_01.parquet,ok,723648,5520928.0,2026-09-26T17:00:11+00:00
coff_solar_detail,RESTRICAO_COFF_FOTOVOLTAICA_DETAIL_2026_02.parquet,ok,679344,4826107.0,2026-09-26T17:00:09+00:00
coff_solar_detail,RESTRICAO_COFF_FOTOVOLTAICA_DETAIL_2026_03.parquet,ok,781920,5495803.0,2026-09-26T17:00:09+00:00
coff_solar_detail,RESTRICAO_COFF_FOTOVOLTAICA_DETAIL_2026_04.parquet,ok,770400,5353906.0,2026-09-26T17:00:09+00:00
coff_solar_detail,RESTRICAO_COFF_FOTOVOLTAICA_DETAIL_2026_05.parquet,ok,796080,5432214.0,2026-09-26T17:00:10+00:00
coff_solar_detail,RESTRICAO_COFF_FOTOVOLTAICA_DETAIL_2026_06.parquet,ok,776208,5346163.0,2026-09-26T17:00:12+00:00
coff_solar_detail,RESTRICAO_COFF_FOTOVOLTAICA_DETAIL_2026_07.parquet,ok,808128,5304542.0,2026-09-26T17:00:14+00:00
coff_solar_detail,RESTRICAO_COFF_FOTOVOLTAICA_DETAIL_2026_08.parquet,ok,817920,5405652.0,2026-09-26T17:00:13+00:00
coff_solar_detail,RESTRICAO_COFF_FOTOVOLTAICA_DETAIL_2026_09.parquet,ok,674688,4627037.0,2026-09-26T17:00:15+00:00
coff_solar_tm,RESTRICAO_COFF_FOTOVOLTAICA_2024_04.parquet,ok,79776,677734.0,2026-09-26T16:48:12+00:00
coff_solar_tm,RESTRICAO_COFF_FOTOVOLTAICA_2024_05.parquet,ok,85920,713779.0,2026-09-26T16:48:13+00:00
coff_solar_tm,RESTRICAO_COFF_FOTOVOLTAICA_2024_06.parquet,ok,85728,727389.0,2026-09-26T16:48:12+00:00
coff_solar_tm,RESTRICAO_COFF_FOTOVOLTAICA_2024_07.parquet,ok,90528,787740.0,2026-09-26T16:48:12+00:00
coff_solar_tm,RESTRICAO_COFF_FOTOVOLTAICA_2024_08.parquet,ok,90768,824058.0,2026-09-26T16:48:12+00:00
coff_solar_tm,RESTRICAO_COFF_FOTOVOLTAICA_2024_09.parquet,ok,86640,808610.0,2026-09-26T16:48:12+00:00
coff_solar_tm,RESTRICAO_COFF_FOTOVOLTAICA_2024_10.parquet,ok,91344,846289.0,2026-09-26T16:48:13+00:00
coff_solar_tm,RESTRICAO_COFF_FOTOVOLTAICA_2024_11.parquet,ok,89280,823475.0,2026-09-26T16:48:13+00:00
coff_solar_tm,RESTRICAO_COFF_FOTOVOLTAICA_2024_12.parquet,ok,93168,906837.0,2026-09-26T16:48:13+00:00
coff_solar_tm,RESTRICAO_COFF_FOTOVOLTAICA_2025_01.parquet,ok,96000,1030629.0,2026-09-26T16:48:13+00:00
coff_solar_tm,RESTRICAO_COFF_FOTOVOLTAICA_2025_02.parquet,ok,87360,991484.0,2026-09-26T16:48:13+00:00
coff_solar_tm,RESTRICAO_COFF_FOTOVOLTAICA_2025_03.parquet,ok,96720,1016432.0,2026-09-26T16:48:14+00:00
coff_solar_tm,RESTRICAO_COFF_FOTOVOLTAICA_2025_04.parquet,ok,93600,957849.0,2026-09-26T16:48:14+00:00
coff_solar_tm,RESTRICAO_COFF_FOTOVOLTAICA_2025_05.parquet,ok,96720,1125095.0,2026-09-26T16:48:14+00:00
coff_solar_tm,RESTRICAO_COFF_FOTOVOLTAICA_2025_06.parquet,ok,93600,1055413.0,2026-09-26T16:48:14+00:00
coff_solar_tm,RESTRICAO_COFF_FOTOVOLTAICA_2025_07.parquet,ok,96720,1147572.0,2026-09-26T16:48:14+00:00
coff_solar_tm,RESTRICAO_COFF_FOTOVOLTAICA_2025_08.parquet,ok,96720,1185801.0,2026-09-26T16:48:14+00:00
coff_solar_tm,RESTRICAO_COFF_FOTOVOLTAICA_2025_09.parquet,ok,96864,1200817.0,2026-09-26T16:48:14+00:00
coff_solar_tm,RESTRICAO_COFF_FOTOVOLTAICA_2025_10.parquet,ok,102288,1277532.0,2026-09-26T16:48:15+00:00
coff_solar_tm,RESTRICAO_COFF_FOTOVOLTAICA_2025_11.parquet,ok,99360,1225806.0,2026-09-26T16:48:15+00:00
coff_solar_tm,RESTRICAO_COFF_FOTOVOLTAICA_2025_12.parquet,ok,105168,1232727.0,2026-09-26T16:48:15+00:00
coff_solar_tm,RESTRICAO_COFF_FOTOVOLTAICA_2026_01.parquet,ok,106464,1257823.0,2026-09-26T16:48:15+00:00
coff_solar_tm,RESTRICAO_COFF_FOTOVOLTAICA_2026_02.parquet,ok,98112,1028057.0,2026-09-26T16:48:15+00:00
coff_solar_tm,RESTRICAO_COFF_FOTOVOLTAICA_2026_03.parquet,ok,112992,1301640.0,2026-09-26T16:48:15+00:00
coff_solar_tm,RESTRICAO_COFF_FOTOVOLTAICA_2026_04.parquet,ok,112320,1311407.0,2026-09-26T16:48:16+00:00
coff_solar_tm,RESTRICAO_COFF_FOTOVOLTAICA_2026_05.parquet,ok,116064,1345985.0,2026-09-26T16:48:16+00:00
coff_solar_tm,RESTRICAO_COFF_FOTOVOLTAICA_2026_06.parquet,ok,113904,1231733.0,2026-09-26T16:48:16+00:00
coff_solar_tm,RESTRICAO_COFF_FOTOVOLTAICA_2026_07.parquet,ok,119136,1339148.0,2026-09-26T16:48:16+00:00
coff_solar_tm,RESTRICAO_COFF_FOTOVOLTAICA_2026_08.parquet,ok,121536,1417630.0,2026-09-26T16:48:16+00:00
coff_solar_tm,RESTRICAO_COFF_FOTOVOLTAICA_2026_09.parquet,ok,99648,1201260.0,2026-09-26T16:48:16+00:00
curva_carga,CURVA_CARGA_2000.parquet,ok,35132,369816.0,2026-09-26T17:04:39+00:00
curva_carga,CURVA_CARGA_2001.parquet,ok,35036,394135.0,2026-09-26T17:04:39+00:00
curva_carga,CURVA_CARGA_2002.parquet,ok,35036,443960.0,2026-09-26T17:04:39+00:00
curva_carga,CURVA_CARGA_2003.parquet,ok,35036,445752.0,2026-09-26T17:04:39+00:00
curva_carga,CURVA_CARGA_2004.parquet,ok,35132,443536.0,2026-09-26T17:04:39+00:00
curva_carga,CURVA_CARGA_2005.parquet,ok,35036,452481.0,2026-09-26T17:04:40+00:00
curva_carga,CURVA_CARGA_2006.parquet,ok,35036,436688.0,2026-09-26T17:04:39+00:00
curva_carga,CURVA_CARGA_2007.parquet,ok,35036,440051.0,2026-09-26T17:04:39+00:00
curva_carga,CURVA_CARGA_2008.parquet,ok,35132,442302.0,2026-09-26T17:04:40+00:00
curva_carga,CURVA_CARGA_2009.parquet,ok,35036,443486.0,2026-09-26T17:04:39+00:00
curva_carga,CURVA_CARGA_2010.parquet,ok,35036,455744.0,2026-09-26T17:04:39+00:00
curva_carga,CURVA_CARGA_2011.parquet,ok,35036,444170.0,2026-09-26T17:04:39+00:00
curva_carga,CURVA_CARGA_2012.parquet,ok,35132,483280.0,2026-09-26T17:04:40+00:00
curva_carga,CURVA_CARGA_2013.parquet,ok,35036,488442.0,2026-09-26T17:04:40+00:00
curva_carga,CURVA_CARGA_2014.parquet,ok,35016,551720.0,2026-09-26T17:04:40+00:00
curva_carga,CURVA_CARGA_2015.parquet,ok,35016,536941.0,2026-09-26T17:04:40+00:00
curva_carga,CURVA_CARGA_2016.parquet,ok,35136,507019.0,2026-09-26T17:04:40+00:00
curva_carga,CURVA_CARGA_2017.parquet,ok,35040,490357.0,2026-09-26T17:04:41+00:00
curva_carga,CURVA_CARGA_2018.parquet,ok,35040,491029.0,2026-09-26T17:04:40+00:00
curva_carga,CURVA_CARGA_2019.parquet,ok,35040,491284.0,2026-09-26T17:04:40+00:00
curva_carga,CURVA_CARGA_2020.parquet,ok,35136,492028.0,2026-09-26T17:04:40+00:00
curva_carga,CURVA_CARGA_2021.parquet,ok,35040,492643.0,2026-09-26T17:04:40+00:00
curva_carga,CURVA_CARGA_2022.parquet,ok,35040,498130.0,2026-09-26T17:04:41+00:00
curva_carga,CURVA_CARGA_2023.parquet,ok,35040,492541.0,2026-09-26T17:04:41+00:00
curva_carga,CURVA_CARGA_2024.parquet,ok,35136,489394.0,2026-09-26T17:04:41+00:00
curva_carga,CURVA_CARGA_2025.parquet,ok,35040,383346.0,2026-09-26T17:04:41+00:00
curva_carga,CURVA_CARGA_2026.parquet,ok,25632,290167.0,2026-09-26T17:04:41+00:00
fator_capacidade,FATOR_CAPACIDADE-2_2022_01.parquet,ok,121272,2587692.0,2026-09-26T17:03:53+00:00
fator_capacidade,FATOR_CAPACIDADE-2_2022_02.parquet,ok,110232,2395493.0,2026-09-26T17:03:52+00:00
fator_capacidade,FATOR_CAPACIDADE-2_2022_03.parquet,ok,123456,2665620.0,2026-09-26T17:03:52+00:00
fator_capacidade,FATOR_CAPACIDADE-2_2022_04.parquet,ok,120864,2554067.0,2026-09-26T17:03:51+00:00
fator_capacidade,FATOR_CAPACIDADE-2_2022_05.parquet,ok,125304,2701263.0,2026-09-26T17:03:52+00:00
fator_capacidade,FATOR_CAPACIDADE-2_2022_06.parquet,ok,120696,2603111.0,2026-09-26T17:03:52+00:00
fator_capacidade,FATOR_CAPACIDADE-2_2022_07.parquet,ok,130704,2898114.0,2026-09-26T17:03:53+00:00
fator_capacidade,FATOR_CAPACIDADE-2_2022_08.parquet,ok,132336,2947870.0,2026-09-26T17:03:53+00:00
fator_capacidade,FATOR_CAPACIDADE-2_2022_09.parquet,ok,129360,2918907.0,2026-09-26T17:03:54+00:00
fator_capacidade,FATOR_CAPACIDADE-2_2022_10.parquet,ok,136440,3143876.0,2026-09-26T17:03:55+00:00
fator_capacidade,FATOR_CAPACIDADE-2_2022_11.parquet,ok,133512,2948147.0,2026-09-26T17:03:55+00:00
fator_capacidade,FATOR_CAPACIDADE-2_2022_12.parquet,ok,137496,3028818.0,2026-09-26T17:03:55+00:00
fator_capacidade,FATOR_CAPACIDADE-2_2023_01.parquet,ok,138624,3102731.0,2026-09-26T17:03:54+00:00
fator_capacidade,FATOR_CAPACIDADE-2_2023_02.parquet,ok,126960,2862852.0,2026-09-26T17:03:55+00:00
fator_capacidade,FATOR_CAPACIDADE-2_2023_03.parquet,ok,142920,3018831.0,2026-09-26T17:03:56+00:00
fator_capacidade,FATOR_CAPACIDADE-2_2023_04.parquet,ok,140400,2893029.0,2026-09-26T17:03:56+00:00
fator_capacidade,FATOR_CAPACIDADE-2_2023_05.parquet,ok,145080,3139673.0,2026-09-26T17:03:57+00:00
fator_capacidade,FATOR_CAPACIDADE-2_2023_06.parquet,ok,140400,3165623.0,2026-09-26T17:03:57+00:00
fator_capacidade,FATOR_CAPACIDADE-2_2023_07.parquet,ok,146496,3340759.0,2026-09-26T17:03:58+00:00
fator_capacidade,FATOR_CAPACIDADE-2_2023_08.parquet,ok,148800,3343341.0,2026-09-26T17:03:57+00:00
fator_capacidade,FATOR_CAPACIDADE-2_2023_09.parquet,ok,144216,3192273.0,2026-09-26T17:03:58+00:00
fator_capacidade,FATOR_CAPACIDADE-2_2023_10.parquet,ok,149544,3428020.0,2026-09-26T17:03:58+00:00
fator_capacidade,FATOR_CAPACIDADE-2_2023_11.parquet,ok,144720,3290328.0,2026-09-26T17:03:59+00:00
fator_capacidade,FATOR_CAPACIDADE-2_2023_12.parquet,ok,151272,3463040.0,2026-09-26T17:03:59+00:00
fator_capacidade,FATOR_CAPACIDADE-2_2024_01.parquet,ok,153528,3346631.0,2026-09-26T17:03:59+00:00
fator_capacidade,FATOR_CAPACIDADE-2_2024_02.parquet,ok,147912,3209825.0,2026-09-26T17:03:59+00:00
fator_capacidade,FATOR_CAPACIDADE-2_2024_03.parquet,ok,160536,3344134.0,2026-09-26T17:04:00+00:00
fator_capacidade,FATOR_CAPACIDADE-2_2024_04.parquet,ok,156816,3323288.0,2026-09-26T17:04:00+00:00
fator_capacidade,FATOR_CAPACIDADE-2_2024_05.parquet,ok,163152,3607635.0,2026-09-26T17:04:01+00:00
fator_capacidade,FATOR_CAPACIDADE-2_2024_06.parquet,ok,158832,3542078.0,2026-09-26T17:04:01+00:00
fator_capacidade,FATOR_CAPACIDADE-2_2024_07.parquet,ok,165528,3674187.0,2026-09-26T17:04:02+00:00
fator_capacidade,FATOR_CAPACIDADE-2_2024_08.parquet,ok,166752,3742345.0,2026-09-26T17:04:02+00:00
fator_capacidade,FATOR_CAPACIDADE-2_2024_09.parquet,ok,160728,3610522.0,2026-09-26T17:04:02+00:00
fator_capacidade,FATOR_CAPACIDADE-2_2024_10.parquet,ok,163176,3617476.0,2026-09-26T17:04:03+00:00
fator_capacidade,FATOR_CAPACIDADE-2_2024_11.parquet,ok,157080,3486004.0,2026-09-26T17:04:04+00:00
fator_capacidade,FATOR_CAPACIDADE-2_2024_12.parquet,ok,163680,3631707.0,2026-09-26T17:04:04+00:00
fator_capacidade,FATOR_CAPACIDADE-2_2025_01.parquet,ok,165072,3452601.0,2026-09-26T17:04:04+00:00
fator_capacidade,FATOR_CAPACIDADE-2_2025_02.parquet,ok,149184,3078139.0,2026-09-26T17:04:03+00:00
fator_capacidade,FATOR_CAPACIDADE-2_2025_03.parquet,ok,165024,3564826.0,2026-09-26T17:04:04+00:00
fator_capacidade,FATOR_CAPACIDADE-2_2025_04.parquet,ok,159840,3423768.0,2026-09-26T17:04:05+00:00
fator_capacidade,FATOR_CAPACIDADE-2_2025_05.parquet,ok,164424,3589423.0,2026-09-26T17:04:06+00:00
fator_capacidade,FATOR_CAPACIDADE-2_2025_06.parquet,ok,159120,3490239.0,2026-09-26T17:04:05+00:00
fator_capacidade,FATOR_CAPACIDADE-2_2025_07.parquet,ok,164400,3604879.0,2026-09-26T17:04:06+00:00
fator_capacidade,FATOR_CAPACIDADE-2_2025_08.parquet,ok,163680,3599513.0,2026-09-26T17:04:06+00:00
fator_capacidade,FATOR_CAPACIDADE-2_2025_09.parquet,ok,159552,3552625.0,2026-09-26T17:04:06+00:00
fator_capacidade,FATOR_CAPACIDADE-2_2025_10.parquet,ok,165720,3656261.0,2026-09-26T17:04:06+00:00
fator_capacidade,FATOR_CAPACIDADE-2_2025_11.parquet,ok,160560,3496423.0,2026-09-26T17:04:07+00:00
fator_capacidade,FATOR_CAPACIDADE-2_2025_12.parquet,ok,167160,3640264.0,2026-09-26T17:04:08+00:00
fator_capacidade,FATOR_CAPACIDADE-2_2026_01.parquet,ok,167808,2644014.0,2026-09-26T17:04:07+00:00
fator_capacidade,FATOR_CAPACIDADE-2_2026_02.parquet,ok,151968,2331071.0,2026-09-26T17:04:07+00:00
fator_capacidade,FATOR_CAPACIDADE-2_2026_03.parquet,ok,170328,2571119.0,2026-09-26T17:04:07+00:00
fator_capacidade,FATOR_CAPACIDADE-2_2026_04.parquet,ok,166320,2502087.0,2026-09-26T17:04:08+00:00
fator_capacidade,FATOR_CAPACIDADE-2_2026_05.parquet,ok,171864,2633481.0,2026-09-26T17:04:08+00:00
fator_capacidade,FATOR_CAPACIDADE-2_2026_06.parquet,ok,167112,2600842.0,2026-09-26T17:04:09+00:00
fator_capacidade,FATOR_CAPACIDADE-2_2026_07.parquet,ok,173400,2707103.0,2026-09-26T17:04:09+00:00
fator_capacidade,FATOR_CAPACIDADE-2_2026_08.parquet,ok,174600,2728651.0,2026-09-26T17:04:09+00:00
fator_capacidade,FATOR_CAPACIDADE-2_2026_09.parquet,ok,135552,2164606.0,2026-09-26T17:04:09+00:00
fator_capacidade,FATOR_CAPACIDADE_2009.parquet,ok,6958,118456.0,2026-09-26T17:04:09+00:00
fator_capacidade,FATOR_CAPACIDADE_2010.parquet,ok,17518,277331.0,2026-09-26T17:04:09+00:00
fator_capacidade,FATOR_CAPACIDADE_2011.parquet,ok,31820,359674.0,2026-09-26T17:04:10+00:00
fator_capacidade,FATOR_CAPACIDADE_2012.parquet,ok,43915,867209.0,2026-09-26T17:04:09+00:00
fator_capacidade,FATOR_CAPACIDADE_2013.parquet,ok,48619,937880.0,2026-09-26T17:04:09+00:00
fator_capacidade,FATOR_CAPACIDADE_2014.parquet,ok,169835,3723467.0,2026-09-26T17:04:12+00:00
fator_capacidade,FATOR_CAPACIDADE_2015.parquet,ok,361249,8179333.0,2026-09-26T17:04:14+00:00
fator_capacidade,FATOR_CAPACIDADE_2016.parquet,ok,558293,11458411.0,2026-09-26T17:04:15+00:00
fator_capacidade,FATOR_CAPACIDADE_2017.parquet,ok,757152,16204465.0,2026-09-26T17:04:16+00:00
fator_capacidade,FATOR_CAPACIDADE_2018.parquet,ok,937135,19956050.0,2026-09-26T17:04:18+00:00
fator_capacidade,FATOR_CAPACIDADE_2019.parquet,ok,1056456,22441438.0,2026-09-26T17:04:21+00:00
fator_capacidade,FATOR_CAPACIDADE_2020.parquet,ok,1156848,23957260.0,2026-09-26T17:04:25+00:00
fator_capacidade,FATOR_CAPACIDADE_2021.parquet,ok,1301472,27816756.0,2026-09-26T17:04:29+00:00
ibge_malha_municipios,malha_municipios.geojson,ok,0,3605638.0,2026-09-26T17:12:43+00:00
intercambio_nacional,INTERCAMBIO_NACIONAL_2000.csv,ok,26349,1367327.0,2026-09-26T17:03:42+00:00
intercambio_nacional,INTERCAMBIO_NACIONAL_2001.csv,ok,26277,1378311.0,2026-09-26T17:03:43+00:00
intercambio_nacional,INTERCAMBIO_NACIONAL_2002.csv,ok,26277,1374979.0,2026-09-26T17:03:42+00:00
intercambio_nacional,INTERCAMBIO_NACIONAL_2003.csv,ok,34316,1814147.0,2026-09-26T17:03:42+00:00
intercambio_nacional,INTERCAMBIO_NACIONAL_2004.csv,ok,35132,1872432.0,2026-09-26T17:03:43+00:00
intercambio_nacional,INTERCAMBIO_NACIONAL_2005.csv,ok,35036,1860880.0,2026-09-26T17:03:43+00:00
intercambio_nacional,INTERCAMBIO_NACIONAL_2006.csv,ok,35036,1865006.0,2026-09-26T17:03:44+00:00
intercambio_nacional,INTERCAMBIO_NACIONAL_2007.csv,ok,35036,1874032.0,2026-09-26T17:03:44+00:00
intercambio_nacional,INTERCAMBIO_NACIONAL_2008.csv,ok,35132,1888603.0,2026-09-26T17:03:45+00:00
intercambio_nacional,INTERCAMBIO_NACIONAL_2009.csv,ok,35036,1873760.0,2026-09-26T17:03:45+00:00
intercambio_nacional,INTERCAMBIO_NACIONAL_2010.csv,ok,35036,1885269.0,2026-09-26T17:03:45+00:00
intercambio_nacional,INTERCAMBIO_NACIONAL_2011.csv,ok,35036,1884209.0,2026-09-26T17:03:45+00:00
intercambio_nacional,INTERCAMBIO_NACIONAL_2012.csv,ok,35132,1885451.0,2026-09-26T17:03:45+00:00
intercambio_nacional,INTERCAMBIO_NACIONAL_2013.csv,ok,34940,1882304.0,2026-09-26T17:03:45+00:00
intercambio_nacional,INTERCAMBIO_NACIONAL_2014.csv,ok,34940,1868012.0,2026-09-26T17:03:47+00:00
intercambio_nacional,INTERCAMBIO_NACIONAL_2015.csv,ok,34940,1872453.0,2026-09-26T17:03:47+00:00
intercambio_nacional,INTERCAMBIO_NACIONAL_2016.csv,ok,35132,1891991.0,2026-09-26T17:03:47+00:00
intercambio_nacional,INTERCAMBIO_NACIONAL_2017.csv,ok,35036,1878643.0,2026-09-26T17:03:47+00:00
intercambio_nacional,INTERCAMBIO_NACIONAL_2018.csv,ok,35036,1878445.0,2026-09-26T17:03:47+00:00
intercambio_nacional,INTERCAMBIO_NACIONAL_2019.csv,ok,35040,1878201.0,2026-09-26T17:03:47+00:00
intercambio_nacional,INTERCAMBIO_NACIONAL_2020.csv,ok,35136,1889456.0,2026-09-26T17:03:49+00:00
intercambio_nacional,INTERCAMBIO_NACIONAL_2021.csv,ok,35040,1886367.0,2026-09-26T17:03:50+00:00
intercambio_nacional,INTERCAMBIO_NACIONAL_2022.csv,ok,34944,1882399.0,2026-09-26T17:03:49+00:00
intercambio_nacional,INTERCAMBIO_NACIONAL_2023.parquet,ok,35040,377008.0,2026-09-26T17:03:48+00:00
intercambio_nacional,INTERCAMBIO_NACIONAL_2024.parquet,ok,35136,377408.0,2026-09-26T17:03:49+00:00
intercambio_nacional,INTERCAMBIO_NACIONAL_2025.parquet,ok,35040,377333.0,2026-09-26T17:03:48+00:00
intercambio_nacional,INTERCAMBIO_NACIONAL_2026.parquet,ok,25728,556709.0,2026-09-26T17:03:49+00:00
modalidade_usina,MODALIDADE_USINA.parquet,ok,6001,200568.0,2026-09-26T17:04:42+00:00
termica_despacho,GERACAO_TERMICA_DESPACHO-2_2022_01.parquet,ok,79440,790255.0,2026-09-26T17:03:23+00:00
termica_despacho,GERACAO_TERMICA_DESPACHO-2_2022_02.parquet,ok,71232,607554.0,2026-09-26T17:03:23+00:00
termica_despacho,GERACAO_TERMICA_DESPACHO-2_2022_03.parquet,ok,78864,620607.0,2026-09-26T17:03:23+00:00
termica_despacho,GERACAO_TERMICA_DESPACHO-2_2022_04.parquet,ok,76272,517165.0,2026-09-26T17:03:23+00:00
termica_despacho,GERACAO_TERMICA_DESPACHO-2_2022_05.parquet,ok,78024,539077.0,2026-09-26T17:03:23+00:00
termica_despacho,GERACAO_TERMICA_DESPACHO-2_2022_06.parquet,ok,74520,583527.0,2026-09-26T17:03:23+00:00
termica_despacho,GERACAO_TERMICA_DESPACHO-2_2022_07.parquet,ok,78456,608371.0,2026-09-26T17:03:24+00:00
termica_despacho,GERACAO_TERMICA_DESPACHO-2_2022_08.parquet,ok,75288,696072.0,2026-09-26T17:03:24+00:00
termica_despacho,GERACAO_TERMICA_DESPACHO-2_2022_09.parquet,ok,69888,652160.0,2026-09-26T17:03:24+00:00
termica_despacho,GERACAO_TERMICA_DESPACHO-2_2022_10.parquet,ok,74472,662150.0,2026-09-26T17:03:24+00:00
termica_despacho,GERACAO_TERMICA_DESPACHO-2_2022_11.parquet,ok,73176,613151.0,2026-09-26T17:03:24+00:00
termica_despacho,GERACAO_TERMICA_DESPACHO-2_2022_12.parquet,ok,75888,616495.0,2026-09-26T17:03:24+00:00
termica_despacho,GERACAO_TERMICA_DESPACHO-2_2023_01.parquet,ok,73656,579849.0,2026-09-26T17:03:24+00:00
termica_despacho,GERACAO_TERMICA_DESPACHO-2_2023_02.parquet,ok,66528,518069.0,2026-09-26T17:03:24+00:00
termica_despacho,GERACAO_TERMICA_DESPACHO-2_2023_03.parquet,ok,73656,578553.0,2026-09-26T17:03:25+00:00
termica_despacho,GERACAO_TERMICA_DESPACHO-2_2023_04.parquet,ok,71280,653487.0,2026-09-26T17:03:25+00:00
termica_despacho,GERACAO_TERMICA_DESPACHO-2_2023_05.parquet,ok,74544,615777.0,2026-09-26T17:03:25+00:00
termica_despacho,GERACAO_TERMICA_DESPACHO-2_2023_06.parquet,ok,72720,729891.0,2026-09-26T17:03:27+00:00
termica_despacho,GERACAO_TERMICA_DESPACHO-2_2023_07.parquet,ok,75144,619448.0,2026-09-26T17:03:25+00:00
termica_despacho,GERACAO_TERMICA_DESPACHO-2_2023_08.parquet,ok,75144,629954.0,2026-09-26T17:03:25+00:00
termica_despacho,GERACAO_TERMICA_DESPACHO-2_2023_09.parquet,ok,72720,630706.0,2026-09-26T17:03:25+00:00
termica_despacho,GERACAO_TERMICA_DESPACHO-2_2023_10.parquet,ok,75120,632645.0,2026-09-26T17:03:25+00:00
termica_despacho,GERACAO_TERMICA_DESPACHO-2_2023_11.parquet,ok,72720,709937.0,2026-09-26T17:03:26+00:00
termica_despacho,GERACAO_TERMICA_DESPACHO-2_2023_12.parquet,ok,75864,727788.0,2026-09-26T17:03:27+00:00
termica_despacho,GERACAO_TERMICA_DESPACHO-2_2024_01.parquet,ok,72024,575334.0,2026-09-26T17:03:25+00:00
termica_despacho,GERACAO_TERMICA_DESPACHO-2_2024_02.parquet,ok,64824,490016.0,2026-09-26T17:03:26+00:00
termica_despacho,GERACAO_TERMICA_DESPACHO-2_2024_03.parquet,ok,69192,464204.0,2026-09-26T17:03:26+00:00
termica_despacho,GERACAO_TERMICA_DESPACHO-2_2024_04.parquet,ok,66960,415814.0,2026-09-26T17:03:26+00:00
termica_despacho,GERACAO_TERMICA_DESPACHO-2_2024_05.parquet,ok,69192,442824.0,2026-09-26T17:03:26+00:00
termica_despacho,GERACAO_TERMICA_DESPACHO-2_2024_06.parquet,ok,66960,490355.0,2026-09-26T17:03:26+00:00
termica_despacho,GERACAO_TERMICA_DESPACHO-2_2024_07.parquet,ok,69192,625086.0,2026-09-26T17:03:26+00:00
termica_despacho,GERACAO_TERMICA_DESPACHO-2_2024_08.parquet,ok,69192,717939.0,2026-09-26T17:03:26+00:00
termica_despacho,GERACAO_TERMICA_DESPACHO-2_2024_09.parquet,ok,66960,892080.0,2026-09-26T17:03:27+00:00
termica_despacho,GERACAO_TERMICA_DESPACHO-2_2024_10.parquet,ok,70656,960844.0,2026-09-26T17:03:27+00:00
termica_despacho,GERACAO_TERMICA_DESPACHO-2_2024_11.parquet,ok,68400,769909.0,2026-09-26T17:03:28+00:00
termica_despacho,GERACAO_TERMICA_DESPACHO-2_2024_12.parquet,ok,93432,626685.0,2026-09-26T17:03:27+00:00
termica_despacho,GERACAO_TERMICA_DESPACHO-2_2025_01.parquet,ok,99480,637579.0,2026-09-26T17:03:27+00:00
termica_despacho,GERACAO_TERMICA_DESPACHO-2_2025_02.parquet,ok,90720,596696.0,2026-09-26T17:03:27+00:00
termica_despacho,GERACAO_TERMICA_DESPACHO-2_2025_03.parquet,ok,102456,631277.0,2026-09-26T17:03:27+00:00
termica_despacho,GERACAO_TERMICA_DESPACHO-2_2025_04.parquet,ok,97392,621970.0,2026-09-26T17:03:28+00:00
termica_despacho,GERACAO_TERMICA_DESPACHO-2_2025_05.parquet,ok,97440,708928.0,2026-09-26T17:03:28+00:00
termica_despacho,GERACAO_TERMICA_DESPACHO-2_2025_06.parquet,ok,96312,824582.0,2026-09-26T17:03:28+00:00
termica_despacho,GERACAO_TERMICA_DESPACHO-2_2025_07.parquet,ok,99336,963264.0,2026-09-26T17:03:28+00:00
termica_despacho,GERACAO_TERMICA_DESPACHO-2_2025_08.parquet,ok,98952,956417.0,2026-09-26T17:03:28+00:00
termica_despacho,GERACAO_TERMICA_DESPACHO-2_2025_09.parquet,ok,93864,746727.0,2026-09-26T17:03:28+00:00
termica_despacho,GERACAO_TERMICA_DESPACHO-2_2025_10.parquet,ok,98952,846712.0,2026-09-26T17:03:28+00:00
termica_despacho,GERACAO_TERMICA_DESPACHO-2_2025_11.parquet,ok,95760,869945.0,2026-09-26T17:03:28+00:00
termica_despacho,GERACAO_TERMICA_DESPACHO-2_2025_12.parquet,ok,98952,773098.0,2026-09-26T17:03:29+00:00
termica_despacho,GERACAO_TERMICA_DESPACHO-2_2026_01.parquet,ok,98520,747483.0,2026-09-26T17:03:29+00:00
termica_despacho,GERACAO_TERMICA_DESPACHO-2_2026_02.parquet,ok,87696,702618.0,2026-09-26T17:55:34+00:00
termica_despacho,GERACAO_TERMICA_DESPACHO-2_2026_03.parquet,ok,96720,855537.0,2026-09-26T17:03:29+00:00
termica_despacho,GERACAO_TERMICA_DESPACHO-2_2026_04.parquet,ok,98424,850765.0,2026-09-26T17:03:29+00:00
termica_despacho,GERACAO_TERMICA_DESPACHO-2_2026_05.parquet,ok,102672,811538.0,2026-09-26T17:03:29+00:00
termica_despacho,GERACAO_TERMICA_DESPACHO-2_2026_06.parquet,ok,99360,847124.0,2026-09-26T17:03:29+00:00
termica_despacho,GERACAO_TERMICA_DESPACHO-2_2026_07.parquet,ok,102672,843551.0,2026-09-26T17:03:30+00:00
termica_despacho,GERACAO_TERMICA_DESPACHO-2_2026_08.parquet,ok,104976,927392.0,2026-09-26T17:03:30+00:00
termica_despacho,GERACAO_TERMICA_DESPACHO-2_2026_09.parquet,ok,85800,772121.0,2026-09-26T17:03:30+00:00
termica_despacho,GERACAO_TERMICA_DESPACHO_2013.parquet,ok,801455,6754204.0,2026-09-26T17:03:33+00:00
termica_despacho,GERACAO_TERMICA_DESPACHO_2014.parquet,ok,941224,13303542.0,2026-09-26T17:03:41+00:00
termica_despacho,GERACAO_TERMICA_DESPACHO_2015.parquet,ok,991770,13706487.0,2026-09-26T17:03:38+00:00
termica_despacho,GERACAO_TERMICA_DESPACHO_2016.parquet,ok,1025755,9376141.0,2026-09-26T17:03:34+00:00
termica_despacho,GERACAO_TERMICA_DESPACHO_2017.parquet,ok,978141,9807732.0,2026-09-26T17:03:35+00:00
termica_despacho,GERACAO_TERMICA_DESPACHO_2018.parquet,ok,973126,7896813.0,2026-09-26T17:03:35+00:00
termica_despacho,GERACAO_TERMICA_DESPACHO_2019.parquet,ok,935904,7850173.0,2026-09-26T17:03:38+00:00
termica_despacho,GERACAO_TERMICA_DESPACHO_2020.parquet,ok,902496,7931130.0,2026-09-26T17:03:38+00:00
termica_despacho,GERACAO_TERMICA_DESPACHO_2021.parquet,ok,928656,11530710.0,2026-09-26T17:03:40+00:00
termica_despacho,GERACAO_TERMICA_DESPACHO_2022.parquet,ok,905520,5490663.0,2026-09-26T17:03:38+00:00
termica_despacho,GERACAO_TERMICA_DESPACHO_2023.parquet,ok,879096,5352767.0,2026-09-26T17:03:41+00:00
usina_conjunto,RELACIONAMENTO_USINA_CONJUNTO.parquet,ok,2143,69707.0,2026-09-26T17:04:42+00:00
