{
"type": "FeatureCollection",
"name": "areas_influencia_rj",
"crs": { "type": "name", "properties": { "name": "urn:ogc:def:crs:OGC:1.3:CRS84" } },
"features": [
{ "type": "Feature", "properties": { "area_id": "LIGHT:1168", "potencia_nominal_mva": 60.0, "n_trafos": 612, "origem": "fecho_trafos", "profundidade": 0, "recorte_ignorado": false, "geometria_vazia": false, "area_km2": 4.623, "lat_sub": -22.875764, "lon_sub": -43.257592, "classificacao": "Distribuição plena", "area_mae": null, "distribuidora": "LIGHT", "cod_sub": "1168", "nome": "SETD DEMOCRATICOS", "lat_rep": -22.87018, "lon_rep": -43.252449, "capacidade_mmgd_bdgd_kw": 3150.0, "capacidade_homologada_localizada_kw": 3106.8, "capacidade_lag_kw": 546.891, "pot_sem_homologacao_kw": 0.0, "n_unidades": 249.48, "n_sem_homologacao": 0.0, "capacidade_mmgd_kw": 3653.691, "fonte": "Solar FV", "fator_correcao": null, "capacidade_mmgd_corrigida_kw": 3653.691 }, "geometry": { "type": "Polygon", "coordinates": [ [ [ -43.271648091198614, -22.878524315378478 ], [ -43.267122398922709, -22.87358919190336 ], [ -43.260207160624688, -22.861411847342374 ], [ -43.255941005928797, -22.86090274866276 ], [ -43.255444829500355, -22.865539255787411 ], [ -43.239737651769921, -22.868327516044868 ], [ -43.239526468706053, -22.871749180755565 ], [ -43.239769042811695, -22.872100096971845 ], [ -43.238979435038374, -22.872329644188515 ], [ -43.239693239726137, -22.87280984893518 ], [ -43.240857307074606, -22.873775623018886 ], [ -43.241368357001896, -22.876688434941187 ], [ -43.243086726411669, -22.879416691927506 ], [ -43.247003026487533, -22.880830226393901 ], [ -43.247967754782316, -22.880443614444584 ], [ -43.249499721608338, -22.881731309916731 ], [ -43.251190688000271, -22.882341569958662 ], [ -43.251615109054583, -22.882350011550638 ], [ -43.267733027902054, -22.879772813097095 ], [ -43.267804240825392, -22.879823523124685 ], [ -43.268153080610041, -22.879705628379821 ], [ -43.269039701171593, -22.879555184473485 ], [ -43.269254925088745, -22.8793332246881 ], [ -43.271648091198614, -22.878524315378478 ] ] ] } },
{ "type": "Feature", "properties": { "area_id": "LIGHT:18520335", "potencia_nominal_mva": 0.0, "n_trafos": 336, "origem": "fecho_trafos", "profundidade": 0, "recorte_ignorado": false, "geometria_vazia": false, "area_km2": 291.865, "lat_sub": -22.164526, "lon_sub": -43.585135, "classificacao": "Distribuição satélite", "area_mae": "LIGHT:18520353", "distribuidora": "LIGHT", "cod_sub": "18520335", "nome": "SESD RIO DAS FLORES", "lat_rep": -22.150477, "lon_rep": -43.551369, "capacidade_mmgd_bdgd_kw": 652.54, "capacidade_homologada_localizada_kw": 648.4, "capacidade_lag_kw": 1020.756, "pot_sem_homologacao_kw": 0.0, "n_unidades": 36.339, "n_sem_homologacao": 0.0, "capacidade_mmgd_kw": 1669.156, "fonte": "Solar FV", "fator_correcao": null, "capacidade_mmgd_corrigida_kw": 1669.156 }, "geometry": { "type": "MultiPolygon", "coordinates": [ [ [ [ -43.650426389048668, -22.092125373554541 ], [ -43.662422390637481, -22.087337989932571 ], [ -43.661525908669837, -22.07353444100654 ], [ -43.657, -22.0736 ], [ -43.653199999251008, -22.067100000848711 ], [ -43.645700000070939, -22.064900001016085 ], [ -43.636000000589625, -22.069100000774103 ], [ -43.6212, -22.0833 ], [ -43.6119, -22.0815 ], [ -43.611799998878134, -22.072100001082188 ], [ -43.603, -22.0723 ], [ -43.591399999973781, -22.055800001798477 ], [ -43.5747, -22.0782 ], [ -43.5694, -22.077 ], [ -43.5661, -22.0875 ], [ -43.5477, -22.0789 ], [ -43.5418, -22.0794 ], [ -43.5257, -22.0727 ], [ -43.518099999303836, -22.06080000084264 ], [ -43.512100023130316, -22.059200006168567 ], [ -43.5048, -22.0664 ], [ -43.5045, -22.075 ], [ -43.4821, -22.0729 ], [ -43.4768, -22.0694 ], [ -43.4645, -22.0728 ], [ -43.437, -22.06 ], [ -43.4228, -22.0552 ], [ -43.418070806843239, -22.051856001020379 ], [ -43.412595577641781, -22.05121224676029 ], [ -43.437709975027751, -22.099143489428268 ], [ -43.438022666313124, -22.099502198106606 ], [ -43.438018554115366, -22.099732206806518 ], [ -43.468405495796944, -22.157680295793689 ], [ -43.477912883612873, -22.154020999128495 ], [ -43.484838943211138, -22.167093709238792 ], [ -43.514888910961076, -22.234379982964409 ], [ -43.512741819178288, -22.242140508147429 ], [ -43.51880912243471, -22.253690373913408 ], [ -43.551439713019896, -22.22846164618505 ], [ -43.565421124963486, -22.211311790397783 ], [ -43.59998603851021, -22.188233761763609 ], [ -43.641770100909348, -22.148120348423571 ], [ -43.649241950458588, -22.155320378920681 ], [ -43.650524791803271, -22.154462751884708 ], [ -43.649119163132681, -22.1410615590686 ], [ -43.664927292402858, -22.125874005824507 ], [ -43.663741680680971, -22.10762540205663 ], [ -43.650167789268679, -22.099863178412299 ], [ -43.650426389048668, -22.092125373554541 ] ] ], [ [ [ -43.667658471373628, -22.123249546327877 ], [ -43.667658455894795, -22.123249562648009 ], [ -43.667658472924536, -22.123249547728964 ], [ -43.667658472817159, -22.123249547766516 ], [ -43.667658471373628, -22.123249546327877 ] ] ] ] } },
{ "type": "Feature", "properties": { "area_id": "LIGHT:10385916", "potencia_nominal_mva": 197.999, "n_trafos": 1846, "origem": "fecho_trafos", "profundidade": 0, "recorte_ignorado": false, "geometria_vazia": false, "area_km2": 34.607, "lat_sub": -22.938668, "lon_sub": -43.331732, "classificacao": "Distribuição plena", "area_mae": null, "distribuidora": "LIGHT", "cod_sub": "10385916", "nome": "SETD PORTA DAGUA", "lat_rep": -22.941498, "lon_rep": -43.329549, "capacidade_mmgd_bdgd_kw": 20706.41, "capacidade_homologada_localizada_kw": 20560.27, "capacidade_lag_kw": 3613.08, "pot_sem_homologacao_kw": 1.68, "n_unidades": 2891.218, "n_sem_homologacao": 1.0, "capacidade_mmgd_kw": 24173.35, "fonte": "Solar FV", "fator_correcao": null, "capacidade_mmgd_corrigida_kw": 24173.35 }, "geometry": { "type": "MultiPolygon", "coordinates": [ [ [ [ -43.340730253378318, -22.980080733034896 ], [ -43.34073024227424, -22.980080752583994 ], [ -43.342000763311546, -22.978087864551988 ], [ -43.340730253378318, -22.980080733034896 ] ] ], [ [ [ -43.342507442660136, -22.977293088152567 ], [ -43.342000763311546, -22.978087864551988 ], [ -43.342507442660136, -22.97729308815256 ], [ -43.342507442660136, -22.977293088152567 ] ] ], [ [ [ -43.361711508036109, -22.937690480400953 ], [ -43.348674596326305, -22.920226330228282 ], [ -43.340914686474434, -22.920788257520677 ], [ -43.336799108120232, -22.915290829381121 ], [ -43.34190888487403, -22.911159452739462 ], [ -43.340953156926012, -22.9098785460478 ], [ -43.331247670622695, -22.909706349707353 ], [ -43.313069355357591, -22.918199837295511 ], [ -43.312155675335838, -22.91950611327222 ], [ -43.315154249543227, -22.925224175854026 ], [ -43.308056903573913, -22.925365674949138 ], [ -43.292001112944945, -22.948312604047384 ], [ -43.290591234187161, -22.96084496824481 ], [ -43.295858870250633, -22.965386385826122 ], [ -43.321904688873282, -22.967831081830983 ], [ -43.325281899656318, -22.970147703428648 ], [ -43.32552285717518, -22.970127570502385 ], [ -43.331396384373853, -22.971626007512931 ], [ -43.338473178884151, -22.978285045475438 ], [ -43.332423034439714, -22.972590821730993 ], [ -43.342507442660136, -22.97729308815256 ], [ -43.348632053777372, -22.967685107847984 ], [ -43.347561092910382, -22.966188520576143 ], [ -43.357305721405666, -22.953891414451327 ], [ -43.357397999216268, -22.953930573283248 ], [ -43.362461090908489, -22.945984549172682 ], [ -43.361711508036109, -22.937690480400953 ] ] ] ] } },
{ "type": "Feature", "properties": { "area_id": "LIGHT:10386096", "potencia_nominal_mva": 60.0, "n_trafos": 258, "origem": "fecho_trafos", "profundidade": 0, "recorte_ignorado": false, "geometria_vazia": false, "area_km2": 3.056, "lat_sub": -22.958382, "lon_sub": -43.195859, "classificacao": "Distribuição plena", "area_mae": null, "distribuidora": "LIGHT", "cod_sub": "10386096", "nome": "SETD HUMAITA", "lat_rep": -22.957914, "lon_rep": -43.195316, "capacidade_mmgd_bdgd_kw": 1468.89, "capacidade_homologada_localizada_kw": 1533.39, "capacidade_lag_kw": 269.95, "pot_sem_homologacao_kw": 0.0, "n_unidades": 198.461, "n_sem_homologacao": 0.0, "capacidade_mmgd_kw": 1803.34, "fonte": "Solar FV", "fator_correcao": null, "capacidade_mmgd_corrigida_kw": 1803.34 }, "geometry": { "type": "Polygon", "coordinates": [ [ [ -43.209478160556287, -22.951158166548563 ], [ -43.194510800430194, -22.946508904551514 ], [ -43.19403779198614, -22.946078873302426 ], [ -43.189059052044264, -22.946651628007146 ], [ -43.18884130944145, -22.947242794223413 ], [ -43.19046083034501, -22.948689568893112 ], [ -43.187930522677547, -22.959046725108312 ], [ -43.187954400637956, -22.959327979356274 ], [ -43.187910891141392, -22.959346120508922 ], [ -43.187959076469639, -22.959382989821417 ], [ -43.188149489615839, -22.961625263036709 ], [ -43.189933650054215, -22.963356851435382 ], [ -43.192977464655286, -22.963629442399341 ], [ -43.193388143305711, -22.963708685715318 ], [ -43.193672394340702, -22.963911024003863 ], [ -43.193932219489604, -22.964270609807183 ], [ -43.193615576999349, -22.966321136317109 ], [ -43.195806552729138, -22.96532801960619 ], [ -43.203134679605938, -22.970879106700025 ], [ -43.203694455080132, -22.970423364322603 ], [ -43.197471996294901, -22.965201205327755 ], [ -43.197183622789808, -22.964537664052536 ], [ -43.197266019594167, -22.964325694839701 ], [ -43.203029909024288, -22.960108593347588 ], [ -43.201803306549209, -22.955952517350145 ], [ -43.202965395165101, -22.955788247879269 ], [ -43.208071358006336, -22.956841948020909 ], [ -43.209478160556287, -22.951158166548563 ] ] ] } },
{ "type": "Feature", "properties": { "area_id": "LIGHT:18520938", "potencia_nominal_mva": 0.0, "n_trafos": 285, "origem": "fecho_trafos", "profundidade": 0, "recorte_ignorado": false, "geometria_vazia": false, "area_km2": 113.85, "lat_sub": -22.521779, "lon_sub": -43.806767, "classificacao": "Distribuição satélite", "area_mae": "LIGHT:18520299", "distribuidora": "LIGHT", "cod_sub": "18520938", "nome": "SESD SANTANESIA", "lat_rep": -22.541161, "lon_rep": -43.870193, "capacidade_mmgd_bdgd_kw": 598.6, "capacidade_homologada_localizada_kw": 578.6, "capacidade_lag_kw": 48.612, "pot_sem_homologacao_kw": 0.0, "n_unidades": 65.301, "n_sem_homologacao": 0.0, "capacidade_mmgd_kw": 627.212, "fonte": "Solar FV", "fator_correcao": null, "capacidade_mmgd_corrigida_kw": 627.212 }, "geometry": { "type": "MultiPolygon", "coordinates": [ [ [ [ -43.849557316791454, -22.58064280264362 ], [ -43.904358718629886, -22.595593080871158 ], [ -43.849561463197752, -22.580639791394926 ], [ -43.849557316791454, -22.58064280264362 ] ] ], [ [ [ -43.816231956947647, -22.566152065000253 ], [ -43.827799871501831, -22.574701403102914 ], [ -43.849561463197752, -22.580639791394926 ], [ -43.863990330041716, -22.570161101334676 ], [ -43.895583926693625, -22.583364133372026 ], [ -43.916052691908341, -22.598509668622658 ], [ -43.915731365150165, -22.598270740759624 ], [ -43.931073873660502, -22.582094635958704 ], [ -43.944253127201804, -22.53619341379639 ], [ -43.93005980616703, -22.524974836151248 ], [ -43.912988294194491, -22.520761780713908 ], [ -43.925872613785643, -22.523942621579369 ], [ -43.910074428486809, -22.525545390632228 ], [ -43.901572936591315, -22.523203360259188 ], [ -43.899675367858279, -22.517474882469664 ], [ -43.854255581710312, -22.506251585597195 ], [ -43.847530050006846, -22.51095179013878 ], [ -43.828986014381435, -22.500001169957869 ], [ -43.813375381840622, -22.496137643713769 ], [ -43.805947859368295, -22.49117697669082 ], [ -43.776269264941263, -22.488753107114881 ], [ -43.775455869016547, -22.505889055282442 ], [ -43.794794961546714, -22.531420420717463 ], [ -43.794794963656628, -22.531420839719484 ], [ -43.791330340776021, -22.545202422761026 ], [ -43.791330336652926, -22.545202443681827 ], [ -43.791330352858843, -22.54520245870664 ], [ -43.795380004452916, -22.548609412179182 ], [ -43.791330580751378, -22.545202599509061 ], [ -43.793705943521772, -22.535753102511812 ], [ -43.794416359991473, -22.535996578427493 ], [ -43.80882728867622, -22.556345510641965 ], [ -43.80850697969958, -22.559653076766523 ], [ -43.816231956947647, -22.566152065000253 ] ] ], [ [ [ -43.808506964917818, -22.559653229405562 ], [ -43.80850697969958, -22.559653076766523 ], [ -43.795380004452916, -22.548609412179182 ], [ -43.808506964917818, -22.559653229405562 ] ] ] ] } },
{ "type": "Feature", "properties": { "area_id": "LIGHT:461733896", "potencia_nominal_mva": 0.0, "n_trafos": 0, "origem": "semente", "profundidade": 1, "recorte_ignorado": false, "geometria_vazia": false, "area_km2": 0.0, "lat_sub": -22.165439, "lon_sub": -43.155604, "classificacao": "Transporte/manobra", "area_mae": "LIGHT:18520326", "distribuidora": "LIGHT", "cod_sub": "461733896", "nome": "SEMT INTEGRACAO", "lat_rep": -22.165439, "lon_rep": -43.155604, "capacidade_mmgd_bdgd_kw": 0.0, "capacidade_homologada_localizada_kw": 0.0, "capacidade_lag_kw": 0.0, "pot_sem_homologacao_kw": 0.0, "n_unidades": 0.0, "n_sem_homologacao": 0.0, "capacidade_mmgd_kw": 0.0, "fonte": null, "fator_correcao": null, "capacidade_mmgd_corrigida_kw": 0.0 }, "geometry": { "type": "Polygon", "coordinates": [ [ [ -43.155507555461, -22.165446919837734 ], [ -43.155541752045572, -22.165508256855542 ], [ -43.155612496425057, -22.165529105575235 ], [ -43.155678347453168, -22.165497253079817 ], [ -43.155700730451578, -22.165431358149803 ], [ -43.155666533811356, -22.165370021161369 ], [ -43.15559578949982, -22.165349172469671 ], [ -43.155529938527373, -22.165381024935719 ], [ -43.155507555461, -22.165446919837734 ] ] ] } },
{ "type": "Feature", "properties": { "area_id": "LIGHT:310718139", "potencia_nominal_mva": 80.0, "n_trafos": 567, "origem": "fecho_trafos", "profundidade": 0, "recorte_ignorado": false, "geometria_vazia": false, "area_km2": 13.435, "lat_sub": -22.764631, "lon_sub": -43.329634, "classificacao": "Distribuição plena", "area_mae": null, "distribuidora": "LIGHT", "cod_sub": "310718139", "nome": "SETD SAO JOAO", "lat_rep": -22.75612, "lon_rep": -43.332695, "capacidade_mmgd_bdgd_kw": 1389.29, "capacidade_homologada_localizada_kw": 1385.89, "capacidade_lag_kw": 213.847, "pot_sem_homologacao_kw": 0.0, "n_unidades": 155.711, "n_sem_homologacao": 0.0, "capacidade_mmgd_kw": 1599.737, "fonte": "Solar FV", "fator_correcao": null, "capacidade_mmgd_corrigida_kw": 1599.737 }, "geometry": { "type": "Polygon", "coordinates": [ [ [ -43.361588936971728, -22.764407341313195 ], [ -43.360879579094849, -22.763290320799392 ], [ -43.332586084711473, -22.745921713456315 ], [ -43.333594179579812, -22.740367323594274 ], [ -43.311049788799245, -22.742727244669322 ], [ -43.31037983877507, -22.740907142804016 ], [ -43.325259822554465, -22.781364734130033 ], [ -43.326031154889442, -22.780864175226458 ], [ -43.342071105466438, -22.780521817025637 ], [ -43.34272514390031, -22.780309358544489 ], [ -43.355331542490404, -22.770789622329474 ], [ -43.356395567312653, -22.769771426901869 ], [ -43.359931435382514, -22.765176006673094 ], [ -43.360584706013043, -22.765501343439301 ], [ -43.361588936971728, -22.764407341313195 ] ], [ [ -43.331964746978528, -22.748733687416518 ], [ -43.331994070524928, -22.748670149165957 ], [ -43.332063245847849, -22.748644452323436 ], [ -43.332131751030481, -22.748671649733325 ], [ -43.332159456707188, -22.748735809545622 ], [ -43.332130133219067, -22.748799347829802 ], [ -43.33206095782662, -22.748825044696911 ], [ -43.331992452585702, -22.748797847253414 ], [ -43.331964746978528, -22.748733687416518 ] ], [ [ -43.332465027610816, -22.74914082037035 ], [ -43.332500924542927, -22.749080253773997 ], [ -43.332572482556529, -22.749060969213549 ], [ -43.332637783994095, -22.749094263310582 ], [ -43.332658576189871, -22.749160632861287 ], [ -43.332622679301366, -22.749221199495402 ], [ -43.332551121208198, -22.749240484073418 ], [ -43.332485819727033, -22.749207189938623 ], [ -43.332465027610816, -22.74914082037035 ] ] ] } },
{ "type": "Feature", "properties": { "area_id": "LIGHT:10386060", "potencia_nominal_mva": 60.0, "n_trafos": 494, "origem": "fecho_trafos", "profundidade": 0, "recorte_ignorado": false, "geometria_vazia": false, "area_km2": 20.556, "lat_sub": -22.991765, "lon_sub": -43.252373, "classificacao": "Distribuição plena", "area_mae": null, "distribuidora": "LIGHT", "cod_sub": "10386060", "nome": "SETD SAO CONRADO", "lat_rep": -22.988647, "lon_rep": -43.259017, "capacidade_mmgd_bdgd_kw": 2132.68, "capacidade_homologada_localizada_kw": 2069.33, "capacidade_lag_kw": 364.301, "pot_sem_homologacao_kw": 0.0, "n_unidades": 193.962, "n_sem_homologacao": 0.0, "capacidade_mmgd_kw": 2433.631, "fonte": "Solar FV", "fator_correcao": null, "capacidade_mmgd_corrigida_kw": 2433.631 }, "geometry": { "type": "MultiPolygon", "coordinates": [ [ [ [ -43.29087142032094, -23.007936763832749 ], [ -43.288462962673279, -22.9982207127435 ], [ -43.288855689766542, -22.994425675213364 ], [ -43.28315771280829, -22.976496631405016 ], [ -43.284036659557479, -22.973719379916773 ], [ -43.285007843248785, -22.973517360515412 ], [ -43.286865948007495, -22.973362125825499 ], [ -43.282306508666871, -22.972554568583703 ], [ -43.281672057092472, -22.972116108495388 ], [ -43.280849915394654, -22.970758767838593 ], [ -43.278544425428443, -22.96810304717517 ], [ -43.276722672929594, -22.968695927146879 ], [ -43.266898727536457, -22.961906240204328 ], [ -43.248353363229789, -22.964202524391474 ], [ -43.241868775687571, -22.970817111371108 ], [ -43.245879525100165, -22.976901799486939 ], [ -43.246340150444489, -22.978585836190373 ], [ -43.232973795767037, -22.98293448712322 ], [ -43.235267031709533, -22.985848860958878 ], [ -43.230728861977234, -22.987708572363843 ], [ -43.231106953328712, -22.988962508163809 ], [ -43.233543293631847, -22.993846828897723 ], [ -43.232933718743411, -22.995688533147018 ], [ -43.245700000078592, -23.000999998702401 ], [ -43.2521, -22.9991 ], [ -43.2747, -23.0023 ], [ -43.2874, -23.0111 ], [ -43.285500001726938, -23.014999999056855 ], [ -43.295592967967572, -23.015758662867402 ], [ -43.294140148817725, -23.011072829484096 ], [ -43.29087142032094, -23.007936763832749 ] ] ], [ [ [ -43.230819236603871, -22.983635298142101 ], [ -43.230819258407237, -22.98363528998399 ], [ -43.230819235883473, -22.983635296243673 ], [ -43.230819236603871, -22.983635298142101 ] ] ] ] } },
{ "type": "Feature", "properties": { "area_id": "LIGHT:18521154", "potencia_nominal_mva": 73.5, "n_trafos": 1, "origem": "semente", "profundidade": 1, "recorte_ignorado": false, "geometria_vazia": false, "area_km2": 0.0, "lat_sub": -22.7017, "lon_sub": -43.719608, "classificacao": "Distribuição plena", "area_mae": null, "distribuidora": "LIGHT", "cod_sub": "18521154", "nome": "SETD SEROPEDICA", "lat_rep": -22.7017, "lon_rep": -43.719608, "capacidade_mmgd_bdgd_kw": 16819.5, "capacidade_homologada_localizada_kw": 16819.5, "capacidade_lag_kw": 6924.371, "pot_sem_homologacao_kw": 0.0, "n_unidades": 43.045, "n_sem_homologacao": 0.0, "capacidade_mmgd_kw": 23743.871, "fonte": "Solar FV", "fator_correcao": null, "capacidade_mmgd_corrigida_kw": 23743.871 }, "geometry": { "type": "Polygon", "coordinates": [ [ [ -43.719510848790286, -22.701707618448861 ], [ -43.719545417744307, -22.701768853090933 ], [ -43.719616529753111, -22.701789472977467 ], [ -43.719682528315488, -22.701757399239611 ], [ -43.719704752329946, -22.701691420260214 ], [ -43.719670183320822, -22.701630185649641 ], [ -43.719599071383712, -22.701609565789976 ], [ -43.719533072876423, -22.701641639496334 ], [ -43.719510848790286, -22.701707618448861 ] ] ] } },
{ "type": "Feature", "properties": { "area_id": "LIGHT:18519967", "potencia_nominal_mva": 0.0, "n_trafos": 499, "origem": "fecho_trafos", "profundidade": 1, "recorte_ignorado": false, "geometria_vazia": false, "area_km2": 69.454, "lat_sub": -22.252758, "lon_sub": -43.707897, "classificacao": "Distribuição satélite", "area_mae": "LIGHT:18520353", "distribuidora": "LIGHT", "cod_sub": "18519967", "nome": "SESD FRANCISCO  MEDEIROS", "lat_rep": -22.24462, "lon_rep": -43.708065, "capacidade_mmgd_bdgd_kw": 2471.55, "capacidade_homologada_localizada_kw": 2460.89, "capacidade_lag_kw": 125.227, "pot_sem_homologacao_kw": 0.0, "n_unidades": 281.924, "n_sem_homologacao": 0.0, "capacidade_mmgd_kw": 2586.117, "fonte": "Solar FV", "fator_correcao": null, "capacidade_mmgd_corrigida_kw": 2586.117 }, "geometry": { "type": "Polygon", "coordinates": [ [ [ -43.764636945257919, -22.247302474018529 ], [ -43.750633662159416, -22.239448221210825 ], [ -43.743800664523562, -22.229230793297948 ], [ -43.737273815007065, -22.22460065239629 ], [ -43.701049893972836, -22.213767389694219 ], [ -43.702461393395133, -22.210302982975083 ], [ -43.684171217952787, -22.19482265909777 ], [ -43.682188865836466, -22.198297397185662 ], [ -43.681727574590283, -22.204288376736212 ], [ -43.677641263289601, -22.213569274213352 ], [ -43.67301166310105, -22.214380821674848 ], [ -43.657265596201505, -22.241966080880779 ], [ -43.641617820742162, -22.2622498497505 ], [ -43.644581080070026, -22.264178294145939 ], [ -43.637324848637242, -22.276881115103624 ], [ -43.669164430816672, -22.287084056920616 ], [ -43.677241055099337, -22.278310860425439 ], [ -43.687771110119485, -22.292592802686599 ], [ -43.687991805019529, -22.293113676251956 ], [ -43.688714360332746, -22.293345027385421 ], [ -43.689402948592459, -22.272989208344086 ], [ -43.689879861945109, -22.272854054511185 ], [ -43.725211442958965, -22.278280925095448 ], [ -43.749399922808408, -22.259277775999397 ], [ -43.752780894470483, -22.258594634763902 ], [ -43.753782089641312, -22.255834060025709 ], [ -43.764636945257919, -22.247302474018529 ] ], [ [ -43.707827054951196, -22.252963779502938 ], [ -43.707970980001754, -22.252973752372498 ], [ -43.707927580344837, -22.253093492786363 ], [ -43.707911591333456, -22.253083590282369 ], [ -43.707827054951196, -22.252963779502938 ] ], [ [ -43.708334911080982, -22.252516340585309 ], [ -43.70838789467718, -22.252467902572711 ], [ -43.708462154288576, -22.252468526687768 ], [ -43.70851418970414, -22.252517847335824 ], [ -43.708513519278831, -22.252586973178619 ], [ -43.708460535676537, -22.252635411231417 ], [ -43.708386275977197, -22.25263478711144 ], [ -43.708334240567744, -22.252585466423174 ], [ -43.708334911080982, -22.252516340585309 ] ] ] } },
{ "type": "Feature", "properties": { "area_id": "LIGHT:1231", "potencia_nominal_mva": 80.0, "n_trafos": 770, "origem": "fecho_trafos", "profundidade": 1, "recorte_ignorado": false, "geometria_vazia": false, "area_km2": 10.128, "lat_sub": -22.892132, "lon_sub": -43.306396, "classificacao": "Distribuição plena", "area_mae": null, "distribuidora": "LIGHT", "cod_sub": "1231", "nome": "SETD PIEDADE", "lat_rep": -22.892684, "lon_rep": -43.303757, "capacidade_mmgd_bdgd_kw": 3708.83, "capacidade_homologada_localizada_kw": 3719.21, "capacidade_lag_kw": 654.723, "pot_sem_homologacao_kw": 0.0, "n_unidades": 490.052, "n_sem_homologacao": 0.0, "capacidade_mmgd_kw": 4373.933, "fonte": "Solar FV", "fator_correcao": null, "capacidade_mmgd_corrigida_kw": 4373.933 }, "geometry": { "type": "Polygon", "coordinates": [ [ [ -43.331247660553075, -22.909706328963996 ], [ -43.330608667508734, -22.908424106477757 ], [ -43.318210906381914, -22.910636058492077 ], [ -43.309408960307927, -22.907614432265714 ], [ -43.309172707174447, -22.90676635935543 ], [ -43.31291762688808, -22.905098186755083 ], [ -43.316040954882624, -22.895296689317721 ], [ -43.316879529425336, -22.888153126426126 ], [ -43.316463667057583, -22.886306403509089 ], [ -43.313237517483913, -22.875245472367144 ], [ -43.308331834896514, -22.871752818744692 ], [ -43.301775773914827, -22.869886492203374 ], [ -43.301775747902724, -22.869886494151984 ], [ -43.289826283266223, -22.871387453928254 ], [ -43.299034716112139, -22.870231631066037 ], [ -43.289325307728305, -22.88106011599362 ], [ -43.28985205551507, -22.881969980346305 ], [ -43.290947306194539, -22.884328368725978 ], [ -43.290383888647661, -22.890695279718077 ], [ -43.291980982989109, -22.894402923146583 ], [ -43.291304944978585, -22.895714937203742 ], [ -43.292429330613722, -22.895443757375446 ], [ -43.293255568786137, -22.897361625137769 ], [ -43.294520897112292, -22.899918421182377 ], [ -43.296223448610675, -22.901834030386656 ], [ -43.303773843539048, -22.909169979995674 ], [ -43.303036780905295, -22.909499264766989 ], [ -43.306175229708408, -22.908102068593298 ], [ -43.309810483851301, -22.915034269034351 ], [ -43.313069354666901, -22.918199835045794 ], [ -43.331247660553075, -22.909706328963996 ] ] ] } },
{ "type": "Feature", "properties": { "area_id": "LIGHT:18521307", "potencia_nominal_mva": 0.0, "n_trafos": 493, "origem": "fecho_trafos", "profundidade": 0, "recorte_ignorado": false, "geometria_vazia": false, "area_km2": 102.738, "lat_sub": -22.04431, "lon_sub": -42.994561, "classificacao": "Distribuição satélite", "area_mae": "LIGHT:18520614", "distribuidora": "LIGHT", "cod_sub": "18521307", "nome": "SESD ANTA", "lat_rep": -22.061606, "lon_rep": -42.9724, "capacidade_mmgd_bdgd_kw": 1596.07, "capacidade_homologada_localizada_kw": 1596.07, "capacidade_lag_kw": 133.908, "pot_sem_homologacao_kw": 0.0, "n_unidades": 84.343, "n_sem_homologacao": 0.0, "capacidade_mmgd_kw": 1729.978, "fonte": "Solar FV", "fator_correcao": null, "capacidade_mmgd_corrigida_kw": 1729.978 }, "geometry": { "type": "Polygon", "coordinates": [ [ [ -43.048051170173878, -22.077691920031587 ], [ -43.0332, -22.0659 ], [ -43.0335, -22.0588 ], [ -43.038899998884681, -22.052999999591908 ], [ -43.039199998893849, -22.044600000847591 ], [ -43.0267, -22.0427 ], [ -43.0079, -22.0315 ], [ -43.0022, -22.0328 ], [ -42.9969, -22.0361 ], [ -42.9878, -22.0319 ], [ -42.9843, -22.026 ], [ -42.969, -22.0149 ], [ -42.9592, -22.015 ], [ -42.94911622403805, -22.007416470454039 ], [ -42.946511187012639, -22.007468348941753 ], [ -42.940735209328714, -22.011759248865609 ], [ -42.933572391780714, -22.027948700097344 ], [ -42.90599722129965, -22.068948495437706 ], [ -42.906739639674811, -22.07568827638276 ], [ -42.888762909238224, -22.100857291479485 ], [ -42.910807931459189, -22.100683591714191 ], [ -42.9138433762188, -22.111426469701524 ], [ -42.930885738508422, -22.108388767130137 ], [ -42.935966415199189, -22.119398732832266 ], [ -42.951519475938682, -22.108073789065607 ], [ -42.964113065611528, -22.101596536422417 ], [ -43.017162130893695, -22.08635326174895 ], [ -43.026812676237085, -22.070223217287488 ], [ -43.048051170173878, -22.077691920031587 ] ] ] } },
{ "type": "Feature", "properties": { "area_id": "LIGHT:10385943", "potencia_nominal_mva": 120.0, "n_trafos": 702, "origem": "fecho_trafos", "profundidade": 0, "recorte_ignorado": false, "geometria_vazia": false, "area_km2": 17.478, "lat_sub": -22.994528, "lon_sub": -43.377405, "classificacao": "Distribuição plena", "area_mae": null, "distribuidora": "LIGHT", "cod_sub": "10385943", "nome": "SETD ALVORADA", "lat_rep": -22.998069, "lon_rep": -43.377818, "capacidade_mmgd_bdgd_kw": 13087.52, "capacidade_homologada_localizada_kw": 13047.65, "capacidade_lag_kw": 2297.011, "pot_sem_homologacao_kw": 0.0, "n_unidades": 1189.612, "n_sem_homologacao": 0.0, "capacidade_mmgd_kw": 15344.661, "fonte": "Solar FV", "fator_correcao": null, "capacidade_mmgd_corrigida_kw": 15344.661 }, "geometry": { "type": "Polygon", "coordinates": [ [ [ -43.413541970973633, -23.015007347550171 ], [ -43.402798845562863, -23.011805492868529 ], [ -43.404978854794976, -22.990931802002372 ], [ -43.395039098984256, -22.987285102013104 ], [ -43.396701796078673, -22.985717739627212 ], [ -43.38853099127553, -22.984897059288311 ], [ -43.386468479783595, -22.984140212523716 ], [ -43.368029630787419, -22.981863288197687 ], [ -43.364952950100189, -22.981843417985914 ], [ -43.364313329579623, -22.981404113056538 ], [ -43.349888622676019, -22.979620991394928 ], [ -43.349969972846601, -22.980770831826671 ], [ -43.357534319580559, -22.984297126677554 ], [ -43.35054202596659, -22.988856193107381 ], [ -43.350601387751169, -22.989695179792115 ], [ -43.350774375197176, -22.989858210586544 ], [ -43.352044453492908, -23.005215174305842 ], [ -43.351708131525768, -23.005336280902423 ], [ -43.351791824535148, -23.00652002345106 ], [ -43.349485995783724, -23.009588125314568 ], [ -43.346639310896478, -23.009963619353652 ], [ -43.338790833150448, -23.010704592720426 ], [ -43.346373139342695, -23.011255582136847 ], [ -43.3576, -23.0111 ], [ -43.3879, -23.0131 ], [ -43.404861125277371, -23.015493465930692 ], [ -43.413140433300384, -23.016091602462783 ], [ -43.413541970973633, -23.015007347550171 ] ] ] } },
{ "type": "Feature", "properties": { "area_id": "LIGHT:10385898", "potencia_nominal_mva": 60.0, "n_trafos": 658, "origem": "fecho_trafos", "profundidade": 0, "recorte_ignorado": false, "geometria_vazia": false, "area_km2": 7.703, "lat_sub": -22.889323, "lon_sub": -43.23252, "classificacao": "Distribuição plena", "area_mae": null, "distribuidora": "LIGHT", "cod_sub": "10385898", "nome": "SETD TROVAO", "lat_rep": -22.885885, "lon_rep": -43.231744, "capacidade_mmgd_bdgd_kw": 2153.16, "capacidade_homologada_localizada_kw": 2119.09, "capacidade_lag_kw": 373.061, "pot_sem_homologacao_kw": 0.0, "n_unidades": 163.658, "n_sem_homologacao": 0.0, "capacidade_mmgd_kw": 2492.151, "fonte": "Solar FV", "fator_correcao": null, "capacidade_mmgd_corrigida_kw": 2492.151 }, "geometry": { "type": "MultiPolygon", "coordinates": [ [ [ [ -43.244549342801392, -22.901377439950711 ], [ -43.241100844937961, -22.896315135400126 ], [ -43.242590617729853, -22.883655086754178 ], [ -43.242446682986916, -22.882834466275341 ], [ -43.2425589068216, -22.882612434823692 ], [ -43.24271875394713, -22.882548253813752 ], [ -43.243086724263414, -22.879416693024247 ], [ -43.241368371699402, -22.876688430051296 ], [ -43.240857319574296, -22.873775543177086 ], [ -43.239693221140506, -22.872809833516794 ], [ -43.238952095987656, -22.872311254888526 ], [ -43.234751875328492, -22.871858724790705 ], [ -43.234520863626059, -22.871383320070922 ], [ -43.233331024612291, -22.867257223818985 ], [ -43.232294624592534, -22.86671194159463 ], [ -43.2257, -22.8741 ], [ -43.2134, -22.8731 ], [ -43.209899999536667, -22.867000001484637 ], [ -43.206996543781422, -22.868537212443542 ], [ -43.210978238186577, -22.874041637897658 ], [ -43.211431517657942, -22.873503981997057 ], [ -43.221717028440942, -22.875491046408406 ], [ -43.2235997074417, -22.876364218595469 ], [ -43.22372390929285, -22.877087557368924 ], [ -43.22120689368392, -22.879665283094067 ], [ -43.221161943952893, -22.888117587293472 ], [ -43.227013871347147, -22.896204702478968 ], [ -43.228009435568765, -22.901989326549838 ], [ -43.227428933794897, -22.907049750532323 ], [ -43.224510219821063, -22.903705160219225 ], [ -43.228034388738344, -22.907745255349496 ], [ -43.232195022082337, -22.908766145496493 ], [ -43.23320022608366, -22.908940917234013 ], [ -43.234156826725858, -22.908757885914923 ], [ -43.240680954473362, -22.905070176686831 ], [ -43.24284118310004, -22.903398923846897 ], [ -43.244549342801392, -22.901377439950711 ] ] ], [ [ [ -43.235258030382411, -22.908547169303919 ], [ -43.235258030382319, -22.90854716930393 ], [ -43.234590211105449, -22.908674958308886 ], [ -43.235258030382411, -22.908547169303919 ] ] ] ] } },
{ "type": "Feature", "properties": { "area_id": "LIGHT:10386015", "potencia_nominal_mva": 200.0, "n_trafos": 460, "origem": "fecho_trafos", "profundidade": 1, "recorte_ignorado": false, "geometria_vazia": false, "area_km2": 2.366, "lat_sub": -22.901335, "lon_sub": -43.185883, "classificacao": "Distribuição plena", "area_mae": null, "distribuidora": "LIGHT", "cod_sub": "10386015", "nome": "SETD CAMERINO", "lat_rep": -22.900538, "lon_rep": -43.195114, "capacidade_mmgd_bdgd_kw": 553.11, "capacidade_homologada_localizada_kw": 550.91, "capacidade_lag_kw": 96.987, "pot_sem_homologacao_kw": 0.0, "n_unidades": 35.71, "n_sem_homologacao": 0.0, "capacidade_mmgd_kw": 647.897, "fonte": "Solar FV", "fator_correcao": null, "capacidade_mmgd_corrigida_kw": 647.897 }, "geometry": { "type": "Polygon", "coordinates": [ [ [ -43.20227312589909, -22.903698423759753 ], [ -43.200960516234005, -22.89997678090802 ], [ -43.200394530978151, -22.899351136631083 ], [ -43.196121109997691, -22.895061735296345 ], [ -43.193290983199986, -22.894055496668848 ], [ -43.187165481318047, -22.903308082894206 ], [ -43.185065574526845, -22.903278881031312 ], [ -43.190096038573365, -22.893751101829587 ], [ -43.191077637520358, -22.893531248445214 ], [ -43.191356967892823, -22.893589645694046 ], [ -43.190349455113349, -22.893378788307682 ], [ -43.181100000453085, -22.895400000890266 ], [ -43.174871130021231, -22.9002158766355 ], [ -43.175154642567669, -22.900558665984015 ], [ -43.175329003161622, -22.900403870668491 ], [ -43.176207324494534, -22.900814485404165 ], [ -43.176312759509464, -22.900499376654089 ], [ -43.176551362923618, -22.900056262344666 ], [ -43.177004673524323, -22.899649255336033 ], [ -43.176297118364332, -22.902995574938345 ], [ -43.176478024534482, -22.902144865223509 ], [ -43.186851641613558, -22.905790370471522 ], [ -43.190194233612857, -22.907352702555084 ], [ -43.192564026545256, -22.907776350621422 ], [ -43.198345316812144, -22.903569509839365 ], [ -43.20227312589909, -22.903698423759753 ] ], [ [ -43.185844391490186, -22.894701869304605 ], [ -43.180597434138356, -22.896982622522696 ], [ -43.179041023708251, -22.897813074055414 ], [ -43.181385147598654, -22.89569921599405 ], [ -43.185844391490186, -22.894701869304605 ] ] ] } },
{ "type": "Feature", "properties": { "area_id": "LIGHT:18520362", "potencia_nominal_mva": 0.0, "n_trafos": 289, "origem": "fecho_trafos", "profundidade": 0, "recorte_ignorado": false, "geometria_vazia": false, "area_km2": 199.519, "lat_sub": -22.239685, "lon_sub": -43.421636, "classificacao": "Distribuição satélite", "area_mae": "LIGHT:18520326", "distribuidora": "LIGHT", "cod_sub": "18520362", "nome": "SESD ANDRADE PINTO", "lat_rep": -22.23223, "lon_rep": -43.435927, "capacidade_mmgd_bdgd_kw": 466.9, "capacidade_homologada_localizada_kw": 458.86, "capacidade_lag_kw": 110.09, "pot_sem_homologacao_kw": 0.0, "n_unidades": 26.693, "n_sem_homologacao": 0.0, "capacidade_mmgd_kw": 568.95, "fonte": "Solar FV", "fator_correcao": null, "capacidade_mmgd_corrigida_kw": 568.95 }, "geometry": { "type": "Polygon", "coordinates": [ [ [ -43.514889027101027, -22.234380242893394 ], [ -43.484838963032672, -22.167093748764408 ], [ -43.477912888521942, -22.154020649942673 ], [ -43.468405408290394, -22.157679876992386 ], [ -43.460246602213637, -22.142126125936954 ], [ -43.460266170166726, -22.142869032038654 ], [ -43.37930039426324, -22.207215530842348 ], [ -43.374700379050928, -22.20558389364194 ], [ -43.373136541347321, -22.212084994134912 ], [ -43.373136463762847, -22.212085052669647 ], [ -43.346802398377733, -22.229938824858522 ], [ -43.346802380083652, -22.229938838157317 ], [ -43.356508456556462, -22.223360575954132 ], [ -43.361093360815012, -22.257331760108567 ], [ -43.360439678737897, -22.26048318936575 ], [ -43.361122430850884, -22.262012346279811 ], [ -43.359107831527069, -22.270380262293834 ], [ -43.365733448524509, -22.271512518769871 ], [ -43.374390896259165, -22.28514486877387 ], [ -43.374148339112203, -22.284761198747333 ], [ -43.426582554787544, -22.292070826506144 ], [ -43.428871756936935, -22.29271082435551 ], [ -43.473374647481137, -22.320122756908866 ], [ -43.480523109944812, -22.324716223894441 ], [ -43.490231841757769, -22.318797461805051 ], [ -43.49111632981743, -22.304248776048503 ], [ -43.496164611425463, -22.302074175662881 ], [ -43.512573533035564, -22.242755547011456 ], [ -43.51289350199422, -22.242429282090171 ], [ -43.512743063829511, -22.242142385275901 ], [ -43.514889027101027, -22.234380242893394 ] ] ] } },
{ "type": "Feature", "properties": { "area_id": "LIGHT:18520021", "potencia_nominal_mva": 0.0, "n_trafos": 263, "origem": "fecho_trafos", "profundidade": 0, "recorte_ignorado": false, "geometria_vazia": false, "area_km2": 49.128, "lat_sub": -22.722279, "lon_sub": -43.633689, "classificacao": "Distribuição satélite", "area_mae": "LIGHT:18520893", "distribuidora": "LIGHT", "cod_sub": "18520021", "nome": "SESD MARAJOARA", "lat_rep": -22.726641, "lon_rep": -43.648622, "capacidade_mmgd_bdgd_kw": 525.75, "capacidade_homologada_localizada_kw": 525.75, "capacidade_lag_kw": 332.174, "pot_sem_homologacao_kw": 0.0, "n_unidades": 29.233, "n_sem_homologacao": 0.0, "capacidade_mmgd_kw": 857.924, "fonte": "Solar FV", "fator_correcao": null, "capacidade_mmgd_corrigida_kw": 857.924 }, "geometry": { "type": "MultiPolygon", "coordinates": [ [ [ [ -43.697102865960929, -22.705602875638426 ], [ -43.660999583721569, -22.690666247309437 ], [ -43.660999563564935, -22.690666239954002 ], [ -43.660999541951334, -22.690666239644369 ], [ -43.602463179856457, -22.692234332250344 ], [ -43.643400503612277, -22.691140443770667 ], [ -43.643072262506514, -22.691498127910599 ], [ -43.624438739604301, -22.700647691592813 ], [ -43.592281600928018, -22.695219787410121 ], [ -43.583883421157879, -22.699377126413232 ], [ -43.586468864549104, -22.711428618714073 ], [ -43.586468490552576, -22.711429419710463 ], [ -43.585815462550855, -22.711897325377457 ], [ -43.58581544524381, -22.711897339024507 ], [ -43.585815459751736, -22.71189735530125 ], [ -43.611583605660968, -22.738070554211617 ], [ -43.58581620835114, -22.711896796393923 ], [ -43.588546846693127, -22.709940256209748 ], [ -43.591864808447291, -22.710141248551171 ], [ -43.6231190493573, -22.733377005867727 ], [ -43.631227121371843, -22.742857116181458 ], [ -43.6287607789003, -22.755509221952575 ], [ -43.621003332110149, -22.747634940076718 ], [ -43.639375622155576, -22.766284091386694 ], [ -43.646042018006675, -22.766350446110334 ], [ -43.647324964683413, -22.765758051930856 ], [ -43.677510180562578, -22.745945206917852 ], [ -43.684065672212888, -22.738757966615736 ], [ -43.686314209005438, -22.738157239885162 ], [ -43.689120776635335, -22.734801059096579 ], [ -43.688799234010226, -22.734371826263995 ], [ -43.676952724055425, -22.717451629132814 ], [ -43.672335224595138, -22.695357941483639 ], [ -43.697102865960929, -22.705602875638426 ] ], [ [ -43.645488855178044, -22.719507192149589 ], [ -43.645557965252053, -22.7194813555423 ], [ -43.645626526602122, -22.719508421108465 ], [ -43.645654376961176, -22.719572534229741 ], [ -43.645625201918143, -22.71963613832715 ], [ -43.645556091775717, -22.719661974959855 ], [ -43.645487530366381, -22.719634909360938 ], [ -43.645459680075739, -22.719570796214246 ], [ -43.645488855178044, -22.719507192149589 ] ] ], [ [ [ -43.621003332110149, -22.747634940076718 ], [ -43.613005443389383, -22.739514344262837 ], [ -43.611583605660968, -22.738070554211617 ], [ -43.621003332110149, -22.747634940076718 ] ] ], [ [ [ -43.682591275659782, -22.742608892639936 ], [ -43.682591069054965, -22.74260907604118 ], [ -43.680142065982565, -22.744217142520739 ], [ -43.682591275659782, -22.742608892639936 ] ] ] ] } },
{ "type": "Feature", "properties": { "area_id": "LIGHT:18520003", "potencia_nominal_mva": 0.0, "n_trafos": 645, "origem": "fecho_trafos", "profundidade": 1, "recorte_ignorado": false, "geometria_vazia": false, "area_km2": 170.985, "lat_sub": -22.319733, "lon_sub": -43.405877, "classificacao": "Distribuição satélite", "area_mae": "LIGHT:18520326", "distribuidora": "LIGHT", "cod_sub": "18520003", "nome": "SESD AVELAR", "lat_rep": -22.338978, "lon_rep": -43.405584, "capacidade_mmgd_bdgd_kw": 1791.14, "capacidade_homologada_localizada_kw": 1784.44, "capacidade_lag_kw": 544.833, "pot_sem_homologacao_kw": 0.0, "n_unidades": 128.445, "n_sem_homologacao": 0.0, "capacidade_mmgd_kw": 2329.273, "fonte": "Solar FV", "fator_correcao": null, "capacidade_mmgd_corrigida_kw": 2329.273 }, "geometry": { "type": "Polygon", "coordinates": [ [ [ -43.518036104076081, -22.355391989063286 ], [ -43.489465263999968, -22.330461443274384 ], [ -43.47337465152421, -22.32012275933905 ], [ -43.428871804259266, -22.292710834210911 ], [ -43.426582589249875, -22.292070831344745 ], [ -43.374147233400613, -22.284760820195753 ], [ -43.365733331111883, -22.271512303862348 ], [ -43.359107830329059, -22.270380264212505 ], [ -43.358261149289596, -22.27102234857885 ], [ -43.355013810630794, -22.286715210792138 ], [ -43.338415072401119, -22.292099761047542 ], [ -43.305362241227876, -22.347280898171174 ], [ -43.303581846925233, -22.353229813342544 ], [ -43.299716397267503, -22.354552551531331 ], [ -43.300591873918613, -22.363219191461226 ], [ -43.300364079582742, -22.363980406570267 ], [ -43.300815119360649, -22.365429058201272 ], [ -43.302674096725923, -22.383828964566042 ], [ -43.309033580835411, -22.390856567411472 ], [ -43.325539580169902, -22.387741960974079 ], [ -43.326170261257438, -22.387303529459736 ], [ -43.328943322498134, -22.387101296504476 ], [ -43.399341493041085, -22.373793267047645 ], [ -43.429010031780329, -22.377275653477376 ], [ -43.43626773023869, -22.376169482494689 ], [ -43.503165178674877, -22.363818607590446 ], [ -43.503224514287886, -22.363725482224044 ], [ -43.503867441686154, -22.363688792828434 ], [ -43.512478490376907, -22.36209675034522 ], [ -43.518036104076081, -22.355391989063286 ] ] ] } },
{ "type": "Feature", "properties": { "area_id": "LIGHT:18520389", "potencia_nominal_mva": 0.0, "n_trafos": 357, "origem": "fecho_trafos", "profundidade": 0, "recorte_ignorado": false, "geometria_vazia": false, "area_km2": 134.833, "lat_sub": -22.098569, "lon_sub": -43.825042, "classificacao": "Distribuição satélite", "area_mae": "LIGHT:18520353", "distribuidora": "LIGHT", "cod_sub": "18520389", "nome": "SESD PARAPEUNA", "lat_rep": -22.132015, "lon_rep": -43.861799, "capacidade_mmgd_bdgd_kw": 793.38, "capacidade_homologada_localizada_kw": 762.18, "capacidade_lag_kw": 38.736, "pot_sem_homologacao_kw": 0.0, "n_unidades": 45.761, "n_sem_homologacao": 0.0, "capacidade_mmgd_kw": 800.916, "fonte": "Solar FV", "fator_correcao": null, "capacidade_mmgd_corrigida_kw": 800.916 }, "geometry": { "type": "MultiPolygon", "coordinates": [ [ [ [ -43.939771513440036, -22.161336576151825 ], [ -43.933382290695356, -22.143549369289929 ], [ -43.93782935048381, -22.137000249529486 ], [ -43.935057888658903, -22.134199914877357 ], [ -43.930067251449579, -22.130786944931735 ], [ -43.9287, -22.1306 ], [ -43.9205, -22.1253 ], [ -43.8922, -22.1136 ], [ -43.8797, -22.114 ], [ -43.880599998809004, -22.101400000974756 ], [ -43.8636, -22.1004 ], [ -43.858399999635452, -22.095200001145866 ], [ -43.8416, -22.0991 ], [ -43.8312, -22.0913 ], [ -43.8243, -22.0908 ], [ -43.8098, -22.082 ], [ -43.7995, -22.0826 ], [ -43.789, -22.073 ], [ -43.776499999814014, -22.066000001018796 ], [ -43.768200000710038, -22.067600000898597 ], [ -43.7612, -22.0794 ], [ -43.7523, -22.0877 ], [ -43.745751558367544, -22.09036364736987 ], [ -43.758945122057973, -22.094207526245356 ], [ -43.819218968878381, -22.164238357978888 ], [ -43.860267000686271, -22.186938895081131 ], [ -43.863747736780802, -22.188551897420293 ], [ -43.866738589851799, -22.193305001372341 ], [ -43.870477022463639, -22.191669998261489 ], [ -43.878154870124142, -22.195227088861575 ], [ -43.884737095132571, -22.196970484568347 ], [ -43.898282457309953, -22.195210786795457 ], [ -43.913477589175834, -22.172851718004864 ], [ -43.939771513440036, -22.161336576151825 ] ] ], [ [ [ -43.719717178733326, -22.080944816568053 ], [ -43.716310381086522, -22.081781827024962 ], [ -43.721521652122398, -22.08330131903648 ], [ -43.719717178733326, -22.080944816568053 ] ] ] ] } },
{ "type": "Feature", "properties": { "area_id": "LIGHT:18520974", "potencia_nominal_mva": 0.0, "n_trafos": 477, "origem": "fecho_trafos", "profundidade": 0, "recorte_ignorado": false, "geometria_vazia": false, "area_km2": 115.864, "lat_sub": -21.98806, "lon_sub": -42.903861, "classificacao": "Distribuição satélite", "area_mae": "LIGHT:18520614", "distribuidora": "LIGHT", "cod_sub": "18520974", "nome": "SESD MANGUEIRAL", "lat_rep": -22.019286, "lon_rep": -42.892518, "capacidade_mmgd_bdgd_kw": 962.03, "capacidade_homologada_localizada_kw": 962.03, "capacidade_lag_kw": 81.446, "pot_sem_homologacao_kw": 0.0, "n_unidades": 67.641, "n_sem_homologacao": 0.0, "capacidade_mmgd_kw": 1043.476, "fonte": "Solar FV", "fator_correcao": null, "capacidade_mmgd_corrigida_kw": 1043.476 }, "geometry": { "type": "Polygon", "coordinates": [ [ [ -42.949116205632492, -22.007416456610851 ], [ -42.947099999434052, -22.005900001018055 ], [ -42.9377, -22.0034 ], [ -42.9096, -21.9907 ], [ -42.8969, -21.9822 ], [ -42.8936, -21.9752 ], [ -42.8785, -21.9658 ], [ -42.881399978658401, -21.959299991108935 ], [ -42.86699997270572, -21.953299992067642 ], [ -42.8357, -21.9442 ], [ -42.815499999934929, -21.936400001087772 ], [ -42.813720832098369, -21.93687902999994 ], [ -42.814788562729831, -21.939253083826138 ], [ -42.78897888211943, -21.931508800495646 ], [ -42.78677300090466, -21.933339226693271 ], [ -42.804272971912866, -21.970209444302771 ], [ -42.821670136121412, -21.969141353606709 ], [ -42.829082346856012, -21.970977391080357 ], [ -42.840509742047423, -21.996332781301938 ], [ -42.868741738429598, -22.081968995323408 ], [ -42.869896997815871, -22.083262653730092 ], [ -42.87211184251467, -22.085054042238138 ], [ -42.884655552746608, -22.094201992697108 ], [ -42.88766364332691, -22.100865878612147 ], [ -42.888762920309539, -22.100857274173261 ], [ -42.906739782364134, -22.075688082514802 ], [ -42.905997352234913, -22.068948306562191 ], [ -42.933572394084479, -22.027948701203591 ], [ -42.940735205364568, -22.011759303322222 ], [ -42.946511081429882, -22.007468446087071 ], [ -42.949116205632492, -22.007416456610851 ] ], [ [ -42.902810651862779, -21.988425419874893 ], [ -42.902846505730672, -21.98836494258088 ], [ -42.902917711098979, -21.98834582323833 ], [ -42.902982556883437, -21.988379261687957 ], [ -42.903003057331098, -21.988445670165849 ], [ -42.902967203503124, -21.988506147497187 ], [ -42.902895998057467, -21.98852526685511 ], [ -42.902831152233098, -21.988491828368154 ], [ -42.902810651862779, -21.988425419874893 ] ] ] } },
{ "type": "Feature", "properties": { "area_id": "LIGHT:25764042", "potencia_nominal_mva": 0.0, "n_trafos": 151, "origem": "fecho_trafos", "profundidade": 0, "recorte_ignorado": false, "geometria_vazia": false, "area_km2": 54.024, "lat_sub": -22.856898, "lon_sub": -43.833093, "classificacao": "Distribuição satélite", "area_mae": "LIGHT:18521208", "distribuidora": "LIGHT", "cod_sub": "25764042", "nome": "SESD MAZOMBA", "lat_rep": -22.856118, "lon_rep": -43.867445, "capacidade_mmgd_bdgd_kw": 241.54, "capacidade_homologada_localizada_kw": 241.54, "capacidade_lag_kw": 78.083, "pot_sem_homologacao_kw": 0.0, "n_unidades": 25.885, "n_sem_homologacao": 0.0, "capacidade_mmgd_kw": 319.623, "fonte": "Solar FV", "fator_correcao": null, "capacidade_mmgd_corrigida_kw": 319.623 }, "geometry": { "type": "MultiPolygon", "coordinates": [ [ [ [ -43.942624090228072, -22.84039049202687 ], [ -43.870004170161508, -22.841084377129192 ], [ -43.83822383645775, -22.826183134996434 ], [ -43.833213693756527, -22.825440591880295 ], [ -43.824278487242424, -22.824159977213153 ], [ -43.802990835256288, -22.830262435930418 ], [ -43.802739071456507, -22.829086345150149 ], [ -43.809567673749079, -22.861106073522102 ], [ -43.823314635805971, -22.865406387539611 ], [ -43.823802458483613, -22.874781990182935 ], [ -43.82572181771009, -22.875685803822002 ], [ -43.846957134947992, -22.871821571162638 ], [ -43.88095758004885, -22.879800115919238 ], [ -43.904225983889305, -22.878580195714694 ], [ -43.919417700235897, -22.876787330679822 ], [ -43.918264280914315, -22.867749425752869 ], [ -43.930420741030183, -22.851143065184662 ], [ -43.942624090228072, -22.84039049202687 ] ] ], [ [ [ -43.814902969451694, -22.822815695080692 ], [ -43.81490296945173, -22.822815695080699 ], [ -43.814905172536577, -22.822816011031275 ], [ -43.814902969451694, -22.822815695080692 ] ] ] ] } },
{ "type": "Feature", "properties": { "area_id": "LIGHT:18521298", "potencia_nominal_mva": 0.0, "n_trafos": 24, "origem": "fecho_trafos", "profundidade": 1, "recorte_ignorado": false, "geometria_vazia": false, "area_km2": 1.537, "lat_sub": -22.740277, "lon_sub": -43.609357, "classificacao": "Distribuição satélite", "area_mae": "LIGHT:18520893", "distribuidora": "LIGHT", "cod_sub": "18521298", "nome": "SESD CAMPO ALEGRE", "lat_rep": -22.744506, "lon_rep": -43.616617, "capacidade_mmgd_bdgd_kw": 110.0, "capacidade_homologada_localizada_kw": 110.0, "capacidade_lag_kw": 8.37, "pot_sem_homologacao_kw": 0.0, "n_unidades": 2.87, "n_sem_homologacao": 0.0, "capacidade_mmgd_kw": 118.37, "fonte": "Solar FV", "fator_correcao": null, "capacidade_mmgd_corrigida_kw": 118.37 }, "geometry": { "type": "Polygon", "coordinates": [ [ [ -43.622599374524754, -22.74165864709413 ], [ -43.622358664090463, -22.73891723049482 ], [ -43.62193963347935, -22.738245372923139 ], [ -43.619734214058255, -22.736121157151945 ], [ -43.615703943807176, -22.734121417803756 ], [ -43.609319961752696, -22.740239997401023 ], [ -43.612848026598598, -22.74737183256418 ], [ -43.613175975271531, -22.747799438445039 ], [ -43.616074590333007, -22.749133114030101 ], [ -43.620818999616915, -22.74832511644297 ], [ -43.622599374524754, -22.74165864709413 ] ] ] } },
{ "type": "Feature", "properties": { "area_id": "LIGHT:18521325", "potencia_nominal_mva": 0.0, "n_trafos": 31, "origem": "fecho_trafos", "profundidade": 0, "recorte_ignorado": false, "geometria_vazia": false, "area_km2": 16.225, "lat_sub": -22.915557, "lon_sub": -43.832128, "classificacao": "Distribuição satélite", "area_mae": "LIGHT:18521208", "distribuidora": "LIGHT", "cod_sub": "18521325", "nome": "SESD ILHA DA MADEIRA", "lat_rep": -22.914269, "lon_rep": -43.820336, "capacidade_mmgd_bdgd_kw": 145.42, "capacidade_homologada_localizada_kw": 143.18, "capacidade_lag_kw": 46.286, "pot_sem_homologacao_kw": 0.0, "n_unidades": 17.525, "n_sem_homologacao": 0.0, "capacidade_mmgd_kw": 189.466, "fonte": "Solar FV", "fator_correcao": null, "capacidade_mmgd_corrigida_kw": 189.466 }, "geometry": { "type": "MultiPolygon", "coordinates": [ [ [ [ -43.886171722302514, -22.943108158746544 ], [ -43.88211913040481, -22.929905256306249 ], [ -43.882748941401658, -22.925758145914969 ], [ -43.883031520731549, -22.925118954457187 ], [ -43.882499976959103, -22.924799999832807 ], [ -43.8688, -22.9247 ], [ -43.88041351195286, -22.945500852661638 ], [ -43.886171722302514, -22.943108158746544 ] ] ], [ [ [ -43.852, -22.9242 ], [ -43.839, -22.911 ], [ -43.843318830272885, -22.905005389798699 ], [ -43.799936986957242, -22.89298812333103 ], [ -43.798991862033105, -22.894747777448469 ], [ -43.798099070941305, -22.919477007691281 ], [ -43.802800000065211, -22.924799998394239 ], [ -43.8102, -22.9176 ], [ -43.832000000404484, -22.93119999896912 ], [ -43.842299999567828, -22.932199998756904 ], [ -43.852, -22.9242 ] ] ] ] } },
{ "type": "Feature", "properties": { "area_id": "LIGHT:18521181", "potencia_nominal_mva": 0.0, "n_trafos": 305, "origem": "fecho_trafos", "profundidade": 0, "recorte_ignorado": false, "geometria_vazia": false, "area_km2": 96.632, "lat_sub": -22.836272, "lon_sub": -43.713285, "classificacao": "Distribuição satélite", "area_mae": "LIGHT:18521208", "distribuidora": "LIGHT", "cod_sub": "18521181", "nome": "SESD COLONIAL", "lat_rep": -22.825459, "lon_rep": -43.715475, "capacidade_mmgd_bdgd_kw": 1331.98, "capacidade_homologada_localizada_kw": 1330.65, "capacidade_lag_kw": 449.89, "pot_sem_homologacao_kw": 0.0, "n_unidades": 149.376, "n_sem_homologacao": 0.0, "capacidade_mmgd_kw": 1780.54, "fonte": "Solar FV", "fator_correcao": null, "capacidade_mmgd_corrigida_kw": 1780.54 }, "geometry": { "type": "MultiPolygon", "coordinates": [ [ [ [ -43.644002551466421, -22.837993961252476 ], [ -43.643203711146235, -22.83752022703467 ], [ -43.643203711146214, -22.837520227034663 ], [ -43.644002551466421, -22.837993961252476 ] ] ], [ [ [ -43.751078114484521, -22.847282723329531 ], [ -43.782742930656987, -22.819323631092594 ], [ -43.775460362361223, -22.792224403313806 ], [ -43.786876960101864, -22.799408788722946 ], [ -43.740310339451447, -22.770090747472963 ], [ -43.740310319823635, -22.770090736356455 ], [ -43.740310298008772, -22.770090743111179 ], [ -43.738699565597003, -22.770671153736046 ], [ -43.740310578035036, -22.770090918115464 ], [ -43.744410615992827, -22.772674396549768 ], [ -43.734218547284293, -22.772285728505718 ], [ -43.727628577540052, -22.774659886442041 ], [ -43.730416137635473, -22.789257122612966 ], [ -43.726713930502456, -22.790282787195622 ], [ -43.695449084846651, -22.786247949530864 ], [ -43.663543259328328, -22.797728959762775 ], [ -43.653770118320686, -22.831612191274584 ], [ -43.652511173628056, -22.834104885647015 ], [ -43.648209255695285, -22.836666261254777 ], [ -43.64480153566975, -22.834431955344321 ], [ -43.644631333829004, -22.838366841422964 ], [ -43.649870546971698, -22.841473624961424 ], [ -43.653855029939763, -22.843613775061897 ], [ -43.684910737396038, -22.857884748919087 ], [ -43.685081757508421, -22.858162877611438 ], [ -43.68610479401368, -22.858433274430869 ], [ -43.691735072639936, -22.861019533698034 ], [ -43.708534477296531, -22.868129712100821 ], [ -43.71397127968131, -22.86897324432546 ], [ -43.719298967846434, -22.8672021114307 ], [ -43.738998878016453, -22.872403193115755 ], [ -43.73656390159239, -22.872209034685913 ], [ -43.740543689161278, -22.872527837383355 ], [ -43.745228183648521, -22.868425798515879 ], [ -43.792908698460074, -22.816363396682743 ], [ -43.747252929547088, -22.866214782483148 ], [ -43.746672164557999, -22.865587631543448 ], [ -43.751078114484521, -22.847282723329531 ] ] ], [ [ [ -43.782742930656987, -22.819323631092594 ], [ -43.782743044671541, -22.819324055353146 ], [ -43.788957062419335, -22.81383673730582 ], [ -43.782742930656987, -22.819323631092594 ] ] ] ] } },
{ "type": "Feature", "properties": { "area_id": "LIGHT:134608399", "potencia_nominal_mva": 0.0, "n_trafos": 138, "origem": "fecho_trafos", "profundidade": 1, "recorte_ignorado": false, "geometria_vazia": false, "area_km2": 10.711, "lat_sub": -22.693858, "lon_sub": -43.437302, "classificacao": "Distribuição satélite", "area_mae": "LIGHT:18520767", "distribuidora": "LIGHT", "cod_sub": "134608399", "nome": "SESD SANTA PERCILIANA", "lat_rep": -22.69253, "lon_rep": -43.415938, "capacidade_mmgd_bdgd_kw": 325.95, "capacidade_homologada_localizada_kw": 325.95, "capacidade_lag_kw": 51.442, "pot_sem_homologacao_kw": 0.0, "n_unidades": 34.365, "n_sem_homologacao": 0.0, "capacidade_mmgd_kw": 377.392, "fonte": "Solar FV", "fator_correcao": null, "capacidade_mmgd_corrigida_kw": 377.392 }, "geometry": { "type": "Polygon", "coordinates": [ [ [ -43.44139017594437, -22.694473626824358 ], [ -43.440048877652465, -22.689989964750175 ], [ -43.43704460914519, -22.687558445738215 ], [ -43.380327750665494, -22.67646293795854 ], [ -43.387569524414566, -22.690552749129594 ], [ -43.406875261941281, -22.700292583725986 ], [ -43.425153794096524, -22.704911908569002 ], [ -43.425207095724417, -22.704401741306029 ], [ -43.425857097175211, -22.70384523258193 ], [ -43.431542712604859, -22.705806575544802 ], [ -43.433319484614962, -22.704889266193742 ], [ -43.44139017594437, -22.694473626824358 ] ] ] } },
{ "type": "Feature", "properties": { "area_id": "LIGHT:277466365", "potencia_nominal_mva": 0.0, "n_trafos": 0, "origem": "semente", "profundidade": 0, "recorte_ignorado": false, "geometria_vazia": false, "area_km2": 78.08, "lat_sub": -22.692094, "lon_sub": -43.863581, "classificacao": "Transporte/manobra", "area_mae": "LIGHT:18521154", "distribuidora": "LIGHT", "cod_sub": "277466365", "nome": "SETD FONTES NOVA", "lat_rep": -22.743514, "lon_rep": -43.912219, "capacidade_mmgd_bdgd_kw": 0.0, "capacidade_homologada_localizada_kw": 0.0, "capacidade_lag_kw": 0.0, "pot_sem_homologacao_kw": 0.0, "n_unidades": 0.0, "n_sem_homologacao": 0.0, "capacidade_mmgd_kw": 0.0, "fonte": null, "fator_correcao": null, "capacidade_mmgd_corrigida_kw": 0.0 }, "geometry": { "type": "Polygon", "coordinates": [ [ [ -43.992834380650088, -22.761491220155101 ], [ -43.892498853805961, -22.705631782831603 ], [ -43.86427636192608, -22.691511060377351 ], [ -43.857554008159596, -22.694756651461795 ], [ -43.873171801398357, -22.722987086731941 ], [ -43.876055234112052, -22.733530572541007 ], [ -43.872929765935801, -22.737085180796452 ], [ -43.857031814695425, -22.74716974675988 ], [ -43.8307794366278, -22.735099597346309 ], [ -43.829921158325114, -22.738890902264853 ], [ -43.96483748425306, -22.798869144518758 ], [ -43.989043867122142, -22.786690288397217 ], [ -43.992834380650088, -22.761491220155101 ] ] ] } },
{ "type": "Feature", "properties": { "area_id": "LIGHT:152677490", "potencia_nominal_mva": 120.0, "n_trafos": 306, "origem": "fecho_trafos", "profundidade": 0, "recorte_ignorado": false, "geometria_vazia": false, "area_km2": 2.342, "lat_sub": -22.966752, "lon_sub": -43.188465, "classificacao": "Distribuição plena", "area_mae": null, "distribuidora": "LIGHT", "cod_sub": "152677490", "nome": "SETD COPACABANA", "lat_rep": -22.968823, "lon_rep": -43.19065, "capacidade_mmgd_bdgd_kw": 810.59, "capacidade_homologada_localizada_kw": 810.59, "capacidade_lag_kw": 142.703, "pot_sem_homologacao_kw": 0.0, "n_unidades": 98.345, "n_sem_homologacao": 0.0, "capacidade_mmgd_kw": 953.293, "fonte": "Solar FV", "fator_correcao": null, "capacidade_mmgd_corrigida_kw": 953.293 }, "geometry": { "type": "Polygon", "coordinates": [ [ [ -43.203134661444167, -22.970879094357119 ], [ -43.195806222055438, -22.965327749348159 ], [ -43.193616153504465, -22.966320251111753 ], [ -43.193932261897089, -22.964270361476427 ], [ -43.193672439978293, -22.963911051466908 ], [ -43.193388193672526, -22.963708681443631 ], [ -43.192977438596913, -22.963629437372113 ], [ -43.18993347104719, -22.963356672601201 ], [ -43.188149563616129, -22.961625280679886 ], [ -43.187959045780239, -22.959382628422613 ], [ -43.187910888916946, -22.959346121513821 ], [ -43.187512511419989, -22.959506938960388 ], [ -43.18706180533848, -22.959755801605109 ], [ -43.185414048762489, -22.962951832946985 ], [ -43.182164392790582, -22.962660820612161 ], [ -43.183899039587786, -22.964319792837834 ], [ -43.180266172659316, -22.966553037781395 ], [ -43.179788492470074, -22.966798364867337 ], [ -43.179549314380111, -22.967676114129198 ], [ -43.181913215161693, -22.969742127043492 ], [ -43.1809343196973, -22.971641329845994 ], [ -43.1853, -22.9742 ], [ -43.186248803461673, -22.977995400985392 ], [ -43.187605842457863, -22.977762297218341 ], [ -43.187577447067156, -22.975020239983184 ], [ -43.192247867641818, -22.973421186253006 ], [ -43.19739607971669, -22.976080218499565 ], [ -43.198912429097597, -22.975819633208651 ], [ -43.19867107249722, -22.975364314080014 ], [ -43.198742465875156, -22.974454878281424 ], [ -43.203134661444167, -22.970879094357119 ] ] ] } },
{ "type": "Feature", "properties": { "area_id": "LIGHT:135613108", "potencia_nominal_mva": 0.0, "n_trafos": 161, "origem": "fecho_trafos", "profundidade": 1, "recorte_ignorado": false, "geometria_vazia": false, "area_km2": 9.634, "lat_sub": -22.967644, "lon_sub": -43.619964, "classificacao": "Distribuição satélite", "area_mae": "LIGHT:29148432", "distribuidora": "LIGHT", "cod_sub": "135613108", "nome": "SESD AMERICAS", "lat_rep": -22.962141, "lon_rep": -43.606694, "capacidade_mmgd_bdgd_kw": 668.3, "capacidade_homologada_localizada_kw": 659.7, "capacidade_lag_kw": 116.139, "pot_sem_homologacao_kw": 0.0, "n_unidades": 116.233, "n_sem_homologacao": 0.0, "capacidade_mmgd_kw": 775.839, "fonte": "Solar FV", "fator_correcao": null, "capacidade_mmgd_corrigida_kw": 775.839 }, "geometry": { "type": "Polygon", "coordinates": [ [ [ -43.636785706412638, -22.988344525568181 ], [ -43.633300282405401, -22.983358963194416 ], [ -43.634046991669628, -22.982651848474347 ], [ -43.632181474916024, -22.98175856770095 ], [ -43.62107890900559, -22.965874255584978 ], [ -43.597657799544713, -22.93906319480157 ], [ -43.596401139066735, -22.939359432826141 ], [ -43.596134300393103, -22.940611047695455 ], [ -43.596600463160783, -22.940814836432491 ], [ -43.598118272317301, -22.942947222879088 ], [ -43.598367959147133, -22.944682310457743 ], [ -43.596415885523328, -22.949578122437124 ], [ -43.593875889190834, -22.951203116264359 ], [ -43.592339729791583, -22.958406684049621 ], [ -43.601554185870086, -22.969053669536173 ], [ -43.602254068104244, -22.970650502907226 ], [ -43.621742104638223, -22.991852846796384 ], [ -43.623381265233, -22.989488645067194 ], [ -43.627002502531759, -22.988504703577195 ], [ -43.627509185664785, -22.988835835006508 ], [ -43.628015409493557, -22.988357418984435 ], [ -43.636575324894878, -22.989060232445976 ], [ -43.636785706412638, -22.988344525568181 ] ] ] } },
{ "type": "Feature", "properties": { "area_id": "LIGHT:326499107", "potencia_nominal_mva": 0.0, "n_trafos": 101, "origem": "fecho_trafos", "profundidade": 1, "recorte_ignorado": false, "geometria_vazia": false, "area_km2": 14.041, "lat_sub": -22.100668, "lon_sub": -43.189511, "classificacao": "Distribuição satélite", "area_mae": "LIGHT:18520326", "distribuidora": "LIGHT", "cod_sub": "326499107", "nome": "SESD VILA ISABEL", "lat_rep": -22.085234, "lon_rep": -43.17987, "capacidade_mmgd_bdgd_kw": 1061.38, "capacidade_homologada_localizada_kw": 1054.88, "capacidade_lag_kw": 106.997, "pot_sem_homologacao_kw": 0.0, "n_unidades": 68.221, "n_sem_homologacao": 0.0, "capacidade_mmgd_kw": 1161.877, "fonte": "Solar FV", "fator_correcao": null, "capacidade_mmgd_corrigida_kw": 1161.877 }, "geometry": { "type": "Polygon", "coordinates": [ [ [ -43.204656448737076, -22.082407761331954 ], [ -43.195438104473219, -22.075819258182865 ], [ -43.1807348475702, -22.071294040274697 ], [ -43.178167036749684, -22.06735679263781 ], [ -43.175409089805136, -22.068599445187839 ], [ -43.174084418237292, -22.069246744688563 ], [ -43.133275283156422, -22.056676741603361 ], [ -43.133200018209351, -22.057900015025456 ], [ -43.152019540669365, -22.073426286966221 ], [ -43.154000809765954, -22.072012493662569 ], [ -43.167867530380619, -22.091296886937645 ], [ -43.171807301346746, -22.101290611951701 ], [ -43.173472511482906, -22.103149082344761 ], [ -43.173817283733847, -22.103469027119942 ], [ -43.179965882250848, -22.108199132576683 ], [ -43.182613137992881, -22.10952313098181 ], [ -43.187289012077031, -22.107981143871932 ], [ -43.188544425666656, -22.106929635122782 ], [ -43.18925801675249, -22.105787633198116 ], [ -43.190195363852965, -22.097603381258732 ], [ -43.18807422529499, -22.08842586301353 ], [ -43.204656448737076, -22.082407761331954 ] ] ] } },
{ "type": "Feature", "properties": { "area_id": "LIGHT:319319016", "potencia_nominal_mva": 0.0, "n_trafos": 63, "origem": "fecho_trafos", "profundidade": 1, "recorte_ignorado": false, "geometria_vazia": false, "area_km2": 2.271, "lat_sub": -22.666284, "lon_sub": -43.308229, "classificacao": "Distribuição satélite", "area_mae": "LIGHT:18521352", "distribuidora": "LIGHT", "cod_sub": "319319016", "nome": "SESD SAO LOURENCO", "lat_rep": -22.671226, "lon_rep": -43.299468, "capacidade_mmgd_bdgd_kw": 272.91, "capacidade_homologada_localizada_kw": 272.91, "capacidade_lag_kw": 51.298, "pot_sem_homologacao_kw": 0.0, "n_unidades": 23.392, "n_sem_homologacao": 0.0, "capacidade_mmgd_kw": 324.208, "fonte": "Solar FV", "fator_correcao": null, "capacidade_mmgd_corrigida_kw": 324.208 }, "geometry": { "type": "MultiPolygon", "coordinates": [ [ [ [ -43.33603536544917, -22.656948112482567 ], [ -43.335221169085912, -22.657574763373251 ], [ -43.30901347444928, -22.667117549381491 ], [ -43.309463688162559, -22.666554004951212 ], [ -43.307787728173821, -22.664928831274025 ], [ -43.301815136015463, -22.667411857229681 ], [ -43.296558463095714, -22.670723541534009 ], [ -43.293863595969043, -22.6702104544481 ], [ -43.293488848781017, -22.669620640449665 ], [ -43.293210982300558, -22.67163030312468 ], [ -43.293624856721685, -22.673969287242432 ], [ -43.292846423212119, -22.676297897711784 ], [ -43.292428891586894, -22.678148352858411 ], [ -43.29193440130058, -22.68098715690779 ], [ -43.292285133640966, -22.682518895078211 ], [ -43.295179471039049, -22.684344206467344 ], [ -43.294027354906056, -22.68577959473037 ], [ -43.307104955471196, -22.669492282369529 ], [ -43.329547993646244, -22.661481338403213 ], [ -43.335156626803766, -22.661532163364189 ], [ -43.33603536544917, -22.656948112482567 ] ] ], [ [ [ -43.293083675801753, -22.686006212915839 ], [ -43.292285133640966, -22.682518895078218 ], [ -43.292285133640966, -22.682518895078211 ], [ -43.293083675801753, -22.686006212915839 ] ] ] ] } },
{ "type": "Feature", "properties": { "area_id": "LIGHT:335893881", "potencia_nominal_mva": 0.0, "n_trafos": 36, "origem": "fecho_trafos", "profundidade": 0, "recorte_ignorado": true, "geometria_vazia": false, "area_km2": 1.237, "lat_sub": -22.766155, "lon_sub": -43.109844, "classificacao": "Distribuição satélite", "area_mae": "LIGHT:1150", "distribuidora": "LIGHT", "cod_sub": "335893881", "nome": "SESD ILHA DE PAQUETA", "lat_rep": -22.759985, "lon_rep": -43.107309, "capacidade_mmgd_bdgd_kw": 185.8, "capacidade_homologada_localizada_kw": 185.8, "capacidade_lag_kw": 32.71, "pot_sem_homologacao_kw": 0.0, "n_unidades": 33.6, "n_sem_homologacao": 0.0, "capacidade_mmgd_kw": 218.51, "fonte": "Solar FV", "fator_correcao": null, "capacidade_mmgd_corrigida_kw": 218.51 }, "geometry": { "type": "Polygon", "coordinates": [ [ [ -43.111163051395764, -22.767117716510686 ], [ -43.11052337975876, -22.754777543762302 ], [ -43.10940463078343, -22.752705783932704 ], [ -43.106902236339359, -22.750599178382391 ], [ -43.104738573062548, -22.751467499427651 ], [ -43.103257615667793, -22.765181673755098 ], [ -43.10900281413435, -22.769154089210161 ], [ -43.109741425387256, -22.769234152395562 ], [ -43.111163051395764, -22.767117716510686 ] ] ] } },
{ "type": "Feature", "properties": { "area_id": "LIGHT:283540595", "potencia_nominal_mva": 0.0, "n_trafos": 0, "origem": "semente", "profundidade": 1, "recorte_ignorado": false, "geometria_vazia": false, "area_km2": 0.0, "lat_sub": -22.927677, "lon_sub": -43.264459, "classificacao": "Transporte/manobra", "area_mae": "LIGHT:10386033", "distribuidora": "LIGHT", "cod_sub": "283540595", "nome": "SETD GRAJAU", "lat_rep": -22.927677, "lon_rep": -43.264459, "capacidade_mmgd_bdgd_kw": 0.0, "capacidade_homologada_localizada_kw": 0.0, "capacidade_lag_kw": 0.0, "pot_sem_homologacao_kw": 0.0, "n_unidades": 0.0, "n_sem_homologacao": 0.0, "capacidade_mmgd_kw": 0.0, "fonte": null, "fator_correcao": null, "capacidade_mmgd_corrigida_kw": 0.0 }, "geometry": { "type": "Polygon", "coordinates": [ [ [ -43.264362331989226, -22.927684706320314 ], [ -43.264396741652554, -22.927746029941712 ], [ -43.26446788732855, -22.927766855101069 ], [ -43.264534092794456, -22.92773498268231 ], [ -43.2645565757458, -22.92766908313785 ], [ -43.26452216602496, -22.927607759547314 ], [ -43.264451020420331, -22.927586934416503 ], [ -43.26438481501193, -22.927618806804386 ], [ -43.264362331989226, -22.927684706320314 ] ] ] } },
{ "type": "Feature", "properties": { "area_id": "LIGHT:1150", "potencia_nominal_mva": 120.0, "n_trafos": 788, "origem": "fecho_trafos", "profundidade": 0, "recorte_ignorado": false, "geometria_vazia": false, "area_km2": 14.205, "lat_sub": -22.796897, "lon_sub": -43.18941, "classificacao": "Distribuição plena", "area_mae": null, "distribuidora": "LIGHT", "cod_sub": "1150", "nome": "SETD GUANABARA", "lat_rep": -22.801826, "lon_rep": -43.216344, "capacidade_mmgd_bdgd_kw": 5148.22, "capacidade_homologada_localizada_kw": 5119.04, "capacidade_lag_kw": 901.196, "pot_sem_homologacao_kw": 0.0, "n_unidades": 774.645, "n_sem_homologacao": 0.0, "capacidade_mmgd_kw": 6020.236, "fonte": "Solar FV", "fator_correcao": null, "capacidade_mmgd_corrigida_kw": 6020.236 }, "geometry": { "type": "Polygon", "coordinates": [ [ [ -43.239277665762117, -22.792026912623662 ], [ -43.2362, -22.7917 ], [ -43.2207, -22.7846 ], [ -43.2075, -22.7949 ], [ -43.1904, -22.7955 ], [ -43.184999999197174, -22.784300000966123 ], [ -43.1712, -22.7822 ], [ -43.164699999682789, -22.777200001187069 ], [ -43.157500001086717, -22.778600000827272 ], [ -43.157400482958401, -22.787257994126087 ], [ -43.157415235151333, -22.787307681423879 ], [ -43.1695, -22.7934 ], [ -43.1752, -22.8012 ], [ -43.1784, -22.8027 ], [ -43.1726, -22.8253 ], [ -43.172984777700364, -22.82558156512334 ], [ -43.1832253870137, -22.820028046267051 ], [ -43.196841873014343, -22.798989371847444 ], [ -43.210515087388018, -22.805223136673575 ], [ -43.211810539168006, -22.804520139324541 ], [ -43.214260429639957, -22.801962812466293 ], [ -43.226036610416209, -22.806167257369488 ], [ -43.239277665762117, -22.792026912623662 ] ] ] } },
{ "type": "Feature", "properties": { "area_id": "LIGHT:1123", "potencia_nominal_mva": 80.0, "n_trafos": 836, "origem": "fecho_trafos", "profundidade": 0, "recorte_ignorado": false, "geometria_vazia": false, "area_km2": 8.421, "lat_sub": -22.867542, "lon_sub": -43.274454, "classificacao": "Distribuição plena", "area_mae": null, "distribuidora": "LIGHT", "cod_sub": "1123", "nome": "SETD TERRA NOVA", "lat_rep": -22.867334, "lon_rep": -43.282791, "capacidade_mmgd_bdgd_kw": 1452.47, "capacidade_homologada_localizada_kw": 1416.47, "capacidade_lag_kw": 249.438, "pot_sem_homologacao_kw": 0.0, "n_unidades": 132.815, "n_sem_homologacao": 0.0, "capacidade_mmgd_kw": 1665.908, "fonte": "Solar FV", "fator_correcao": null, "capacidade_mmgd_corrigida_kw": 1665.908 }, "geometry": { "type": "Polygon", "coordinates": [ [ [ -43.303236533473601, -22.8651029873085 ], [ -43.302533676285655, -22.864674120723258 ], [ -43.300731003257951, -22.86367018085463 ], [ -43.297329307820014, -22.862515315552287 ], [ -43.285958267479813, -22.852254825338381 ], [ -43.275831197639747, -22.856726532417593 ], [ -43.269846511663857, -22.856253800678758 ], [ -43.260207162750476, -22.861411846786655 ], [ -43.267122395239646, -22.87358919421019 ], [ -43.267122411366998, -22.873589213894483 ], [ -43.271893294186874, -22.878791687708596 ], [ -43.271724842032349, -22.878606589547633 ], [ -43.287698013633573, -22.878680258863522 ], [ -43.288829868708603, -22.880204338385546 ], [ -43.289722417807781, -22.881746049845773 ], [ -43.28932635336475, -22.88106090072479 ], [ -43.299035892666552, -22.870230967617612 ], [ -43.301024110756487, -22.869981046098832 ], [ -43.295498888636864, -22.882169789551465 ], [ -43.303236533473601, -22.8651029873085 ] ], [ [ -43.278871393422257, -22.862540939620938 ], [ -43.278907346480018, -22.862480389161387 ], [ -43.27897897074925, -22.862461132982169 ], [ -43.279044309761197, -22.862494451079556 ], [ -43.279065088839616, -22.862560826190855 ], [ -43.279029135825539, -22.862621376688473 ], [ -43.278957511476122, -22.862640632885206 ], [ -43.278892172420484, -22.862607314749766 ], [ -43.278871393422257, -22.862540939620938 ] ] ] } },
{ "type": "Feature", "properties": { "area_id": "LIGHT:18520299", "potencia_nominal_mva": 94.8, "n_trafos": 1, "origem": "semente", "profundidade": 1, "recorte_ignorado": false, "geometria_vazia": false, "area_km2": 0.0, "lat_sub": -22.482681, "lon_sub": -43.839357, "classificacao": "Distribuição plena", "area_mae": null, "distribuidora": "LIGHT", "cod_sub": "18520299", "nome": "SETD SANTA CECILIA", "lat_rep": -22.482681, "lon_rep": -43.839357, "capacidade_mmgd_bdgd_kw": 17407.4, "capacidade_homologada_localizada_kw": 16407.4, "capacidade_lag_kw": 2418.094, "pot_sem_homologacao_kw": 1000.0, "n_unidades": 92.884, "n_sem_homologacao": 1.0, "capacidade_mmgd_kw": 18825.494, "fonte": "Solar FV", "fator_correcao": null, "capacidade_mmgd_corrigida_kw": 18825.494 }, "geometry": { "type": "Polygon", "coordinates": [ [ [ -43.839260327045999, -22.48268948879014 ], [ -43.839294900540942, -22.4827506992008 ], [ -43.839365922305625, -22.48277126245415 ], [ -43.839431788703017, -22.482739132856732 ], [ -43.839453916052868, -22.482673131513096 ], [ -43.839419342503916, -22.482611921133831 ], [ -43.839348320810352, -22.482591357906728 ], [ -43.839282454466954, -22.48262348747275 ], [ -43.839260327045999, -22.48268948879014 ] ] ] } },
{ "type": "Feature", "properties": { "area_id": "LIGHT:18520632", "potencia_nominal_mva": 0.0, "n_trafos": 171, "origem": "fecho_trafos", "profundidade": 0, "recorte_ignorado": false, "geometria_vazia": false, "area_km2": 62.777, "lat_sub": -22.475645, "lon_sub": -43.581409, "classificacao": "Distribuição satélite", "area_mae": "LIGHT:18520353", "distribuidora": "LIGHT", "cod_sub": "18520632", "nome": "SESD MORRO AZUL", "lat_rep": -22.50532, "lon_rep": -43.595594, "capacidade_mmgd_bdgd_kw": 309.15, "capacidade_homologada_localizada_kw": 309.15, "capacidade_lag_kw": 9.84, "pot_sem_homologacao_kw": 0.0, "n_unidades": 28.906, "n_sem_homologacao": 0.0, "capacidade_mmgd_kw": 318.99, "fonte": "Solar FV", "fator_correcao": null, "capacidade_mmgd_corrigida_kw": 318.99 }, "geometry": { "type": "Polygon", "coordinates": [ [ [ -43.628656285310328, -22.455599067023559 ], [ -43.590573422489072, -22.449240099342482 ], [ -43.587067103566412, -22.444777535226013 ], [ -43.579385851866128, -22.443364218622722 ], [ -43.574602529004231, -22.446570435550736 ], [ -43.568647011553054, -22.445574595525287 ], [ -43.553351610342752, -22.448742476035054 ], [ -43.560021604686497, -22.469104434703457 ], [ -43.555284807133461, -22.495227640927219 ], [ -43.566261101575556, -22.504429946936764 ], [ -43.567983519675998, -22.505709139102922 ], [ -43.574953386495707, -22.540246529327984 ], [ -43.574060682676247, -22.542562639363606 ], [ -43.54845467514015, -22.56468400589543 ], [ -43.542300337839855, -22.565096454085467 ], [ -43.542376812497444, -22.567720243958082 ], [ -43.585329180122024, -22.562064243418391 ], [ -43.582203822494073, -22.556730606568749 ], [ -43.576644929622887, -22.545071004326495 ], [ -43.580592135376044, -22.546031668617569 ], [ -43.591227582471326, -22.54913292772779 ], [ -43.59772850335878, -22.552221887739229 ], [ -43.606739412031494, -22.524086738943815 ], [ -43.611335179618784, -22.522094603858314 ], [ -43.6273346162099, -22.513589653914075 ], [ -43.626427842008603, -22.509904516628289 ], [ -43.608656182261463, -22.47724351253904 ], [ -43.610152507374472, -22.470598678754858 ], [ -43.625544879914962, -22.46532660580106 ], [ -43.628656285310328, -22.455599067023559 ] ], [ [ -43.617267949560571, -22.493072513554875 ], [ -43.61672783151095, -22.492884600209436 ], [ -43.616889580797633, -22.492379167164536 ], [ -43.616890902969651, -22.492379557831068 ], [ -43.617267949560571, -22.493072513554875 ] ] ] } },
{ "type": "Feature", "properties": { "area_id": "LIGHT:18521145", "potencia_nominal_mva": 0.0, "n_trafos": 243, "origem": "fecho_trafos", "profundidade": 0, "recorte_ignorado": false, "geometria_vazia": false, "area_km2": 33.249, "lat_sub": -22.62208, "lon_sub": -43.703845, "classificacao": "Distribuição satélite", "area_mae": "LIGHT:18521154", "distribuidora": "LIGHT", "cod_sub": "18521145", "nome": "SESD LAGES", "lat_rep": -22.623246, "lon_rep": -43.696802, "capacidade_mmgd_bdgd_kw": 2165.99, "capacidade_homologada_localizada_kw": 2176.6, "capacidade_lag_kw": 858.37, "pot_sem_homologacao_kw": 0.0, "n_unidades": 172.375, "n_sem_homologacao": 0.0, "capacidade_mmgd_kw": 3034.97, "fonte": "Solar FV", "fator_correcao": null, "capacidade_mmgd_corrigida_kw": 3034.97 }, "geometry": { "type": "Polygon", "coordinates": [ [ [ -43.763185449748555, -22.650230760313399 ], [ -43.758107555981262, -22.647023413384218 ], [ -43.721654507538148, -22.630541397349571 ], [ -43.71549908942702, -22.620098649133514 ], [ -43.693299662242168, -22.6060599871007 ], [ -43.685051601981144, -22.603608165475922 ], [ -43.682751775945832, -22.600379693806218 ], [ -43.682994450778388, -22.599544258386803 ], [ -43.665319441619893, -22.588362212939678 ], [ -43.657356006771849, -22.590287247017653 ], [ -43.66300981790382, -22.600151831028722 ], [ -43.662343391549982, -22.602602158457447 ], [ -43.673222080355288, -22.617965948524347 ], [ -43.678052324831768, -22.62639001940229 ], [ -43.678531091657824, -22.627957083388299 ], [ -43.682273969154345, -22.633751760828076 ], [ -43.6949737125559, -22.655892536181412 ], [ -43.732339738954828, -22.661280431346395 ], [ -43.758896846305447, -22.65718236371902 ], [ -43.763185449748555, -22.650230760313399 ] ] ] } },
{ "type": "Feature", "properties": { "area_id": "LIGHT:1222", "potencia_nominal_mva": 80.0, "n_trafos": 629, "origem": "fecho_trafos", "profundidade": 1, "recorte_ignorado": false, "geometria_vazia": false, "area_km2": 20.857, "lat_sub": -22.838489, "lon_sub": -43.241075, "classificacao": "Distribuição plena", "area_mae": null, "distribuidora": "LIGHT", "cod_sub": "1222", "nome": "SETD FUNDAO", "lat_rep": -22.814082, "lon_rep": -43.230445, "capacidade_mmgd_bdgd_kw": 7193.57, "capacidade_homologada_localizada_kw": 6882.34, "capacidade_lag_kw": 1211.024, "pot_sem_homologacao_kw": 0.0, "n_unidades": 917.282, "n_sem_homologacao": 0.0, "capacidade_mmgd_kw": 8093.364, "fonte": "Solar FV", "fator_correcao": null, "capacidade_mmgd_corrigida_kw": 8093.364 }, "geometry": { "type": "MultiPolygon", "coordinates": [ [ [ [ -43.233054812425323, -22.862053876270984 ], [ -43.234367048126508, -22.859998223574852 ], [ -43.235779263177847, -22.855295997509515 ], [ -43.236095933834889, -22.853876662917141 ], [ -43.23622884551412, -22.853793016966254 ], [ -43.236230330478151, -22.853794006793347 ], [ -43.23941222182313, -22.843197650763916 ], [ -43.2376, -22.8392 ], [ -43.2277, -22.8371 ], [ -43.2239, -22.8419 ], [ -43.2324, -22.8472 ], [ -43.2266, -22.8562 ], [ -43.2178, -22.8611 ], [ -43.217209977271651, -22.870147031157344 ], [ -43.217944164666676, -22.869870607618562 ], [ -43.233054812425323, -22.862053876270984 ] ] ], [ [ [ -43.256399999015457, -22.79720000098067 ], [ -43.247499999698086, -22.792900000914081 ], [ -43.239277690102774, -22.792026916252137 ], [ -43.226036832284947, -22.806166958283619 ], [ -43.214258775679788, -22.801962177767106 ], [ -43.211810570948892, -22.804520100512175 ], [ -43.210515089697324, -22.805223137812963 ], [ -43.211664144402867, -22.805748503623352 ], [ -43.177120244077166, -22.825727519792963 ], [ -43.181816310449349, -22.830933483496228 ], [ -43.1869, -22.8291 ], [ -43.1929, -22.8195 ], [ -43.2036, -22.8202 ], [ -43.2169, -22.8172 ], [ -43.2279, -22.8214 ], [ -43.2392, -22.8338 ], [ -43.245852150975367, -22.83134166722774 ], [ -43.249989435274749, -22.825886100575836 ], [ -43.2509, -22.8233 ], [ -43.252540532819737, -22.822521847212062 ], [ -43.252685617137502, -22.822330614375836 ], [ -43.257756945574528, -22.819137761997084 ], [ -43.259980994245566, -22.818062910801643 ], [ -43.265699987122936, -22.81119998061741 ], [ -43.256399999015457, -22.79720000098067 ] ] ] ] } },
{ "type": "Feature", "properties": { "area_id": "LIGHT:277466338", "potencia_nominal_mva": 0.0, "n_trafos": 0, "origem": "semente", "profundidade": 2, "recorte_ignorado": false, "geometria_vazia": false, "area_km2": 0.0, "lat_sub": -22.755631, "lon_sub": -43.457656, "classificacao": "Transporte/manobra", "area_mae": "LIGHT:18519976", "distribuidora": "LIGHT", "cod_sub": "277466338", "nome": "SETR BERNARDINO DE MELO", "lat_rep": -22.755631, "lon_rep": -43.457656, "capacidade_mmgd_bdgd_kw": 0.0, "capacidade_homologada_localizada_kw": 0.0, "capacidade_lag_kw": 0.0, "pot_sem_homologacao_kw": 0.0, "n_unidades": 0.0, "n_sem_homologacao": 0.0, "capacidade_mmgd_kw": 0.0, "fonte": null, "fator_correcao": null, "capacidade_mmgd_corrigida_kw": 0.0 }, "geometry": { "type": "Polygon", "coordinates": [ [ [ -43.457560556257611, -22.755648010545443 ], [ -43.457601328318198, -22.755705868339241 ], [ -43.457674270614852, -22.755720041449372 ], [ -43.457736654482602, -22.755682227445288 ], [ -43.457751936268458, -22.755614577282937 ], [ -43.457711164166575, -22.755556719524968 ], [ -43.457638221950717, -22.755542546436001 ], [ -43.457575838124271, -22.755580360404252 ], [ -43.457560556257611, -22.755648010545443 ] ] ] } },
{ "type": "Feature", "properties": { "area_id": "LIGHT:275730622", "potencia_nominal_mva": 0.0, "n_trafos": 0, "origem": "semente", "profundidade": 1, "recorte_ignorado": false, "geometria_vazia": false, "area_km2": 0.0, "lat_sub": -22.930536, "lon_sub": -43.256958, "classificacao": "Transporte/manobra", "area_mae": "LIGHT:10386033", "distribuidora": "LIGHT", "cod_sub": "275730622", "nome": "SETR PAULA BRITO", "lat_rep": -22.930536, "lon_rep": -43.256958, "capacidade_mmgd_bdgd_kw": 0.0, "capacidade_homologada_localizada_kw": 0.0, "capacidade_lag_kw": 0.0, "pot_sem_homologacao_kw": 0.0, "n_unidades": 0.0, "n_sem_homologacao": 0.0, "capacidade_mmgd_kw": 0.0, "fonte": null, "fator_correcao": null, "capacidade_mmgd_corrigida_kw": 0.0 }, "geometry": { "type": "Polygon", "coordinates": [ [ [ -43.256861343680903, -22.930543491950296 ], [ -43.256895750478336, -22.930604817014011 ], [ -43.256966896228256, -22.930625645551338 ], [ -43.257033104664622, -22.93059377646744 ], [ -43.257055591742855, -22.930527878261191 ], [ -43.257021184887869, -22.930466553228335 ], [ -43.2569500392093, -22.930445724719572 ], [ -43.256883830830496, -22.930477593772608 ], [ -43.256861343680903, -22.930543491950296 ] ] ] } },
{ "type": "Feature", "properties": { "area_id": "LIGHT:29148432", "potencia_nominal_mva": 116.8, "n_trafos": 0, "origem": "semente", "profundidade": 1, "recorte_ignorado": false, "geometria_vazia": false, "area_km2": 0.0, "lat_sub": -22.941865, "lon_sub": -43.568149, "classificacao": "Transformadora pura", "area_mae": "LIGHT:450101398", "distribuidora": "LIGHT", "cod_sub": "29148432", "nome": "SETD MATO ALTO", "lat_rep": -22.941865, "lon_rep": -43.568149, "capacidade_mmgd_bdgd_kw": 1163.95, "capacidade_homologada_localizada_kw": 1193.0, "capacidade_lag_kw": 210.025, "pot_sem_homologacao_kw": 0.0, "n_unidades": 21.697, "n_sem_homologacao": 0.0, "capacidade_mmgd_kw": 1403.025, "fonte": "Solar FV", "fator_correcao": null, "capacidade_mmgd_corrigida_kw": 1403.025 }, "geometry": { "type": "Polygon", "coordinates": [ [ [ -43.568051576535787, -22.94187310333826 ], [ -43.56808613046497, -22.941934368707567 ], [ -43.568157338639139, -22.941955060585023 ], [ -43.568223488224312, -22.941923057929959 ], [ -43.568245829650969, -22.941857107485912 ], [ -43.568211275665398, -22.941795842148174 ], [ -43.568140067563498, -22.941775150298326 ], [ -43.568073918034713, -22.941807152921829 ], [ -43.568051576535787, -22.94187310333826 ] ] ] } },
{ "type": "Feature", "properties": { "area_id": "LIGHT:29186320", "potencia_nominal_mva": 0.0, "n_trafos": 0, "origem": "semente", "profundidade": 1, "recorte_ignorado": false, "geometria_vazia": false, "area_km2": 0.0, "lat_sub": -22.967756, "lon_sub": -43.235701, "classificacao": "Transporte/manobra", "area_mae": "LIGHT:10386060", "distribuidora": "LIGHT", "cod_sub": "29186320", "nome": "SEMT TERMINAL SUL", "lat_rep": -22.967756, "lon_rep": -43.235701, "capacidade_mmgd_bdgd_kw": 0.0, "capacidade_homologada_localizada_kw": 0.0, "capacidade_lag_kw": 0.0, "pot_sem_homologacao_kw": 0.0, "n_unidades": 0.0, "n_sem_homologacao": 0.0, "capacidade_mmgd_kw": 0.0, "fonte": null, "fator_correcao": null, "capacidade_mmgd_corrigida_kw": 0.0 }, "geometry": { "type": "Polygon", "coordinates": [ [ [ -43.235604009105167, -22.967763488650835 ], [ -43.235638414187022, -22.967824818043251 ], [ -43.235709575055125, -22.967845657032825 ], [ -43.235775806587334, -22.967813798401846 ], [ -43.23579831120972, -22.967747904526025 ], [ -43.235763906070126, -22.967686575164478 ], [ -43.235692745273468, -22.967665736203582 ], [ -43.235626513798998, -22.967697594803695 ], [ -43.235604009105167, -22.967763488650835 ] ] ] } },
{ "type": "Feature", "properties": { "area_id": "LIGHT:30526190", "potencia_nominal_mva": 0.0, "n_trafos": 120, "origem": "fecho_trafos", "profundidade": 0, "recorte_ignorado": false, "geometria_vazia": false, "area_km2": 49.064, "lat_sub": -22.496381, "lon_sub": -43.656447, "classificacao": "Distribuição satélite", "area_mae": "LIGHT:18520353", "distribuidora": "LIGHT", "cod_sub": "30526190", "nome": "SESD PALMAS", "lat_rep": -22.502416, "lon_rep": -43.663246, "capacidade_mmgd_bdgd_kw": 301.08, "capacidade_homologada_localizada_kw": 301.08, "capacidade_lag_kw": 13.566, "pot_sem_homologacao_kw": 0.0, "n_unidades": 12.037, "n_sem_homologacao": 0.0, "capacidade_mmgd_kw": 314.646, "fonte": "Solar FV", "fator_correcao": null, "capacidade_mmgd_corrigida_kw": 314.646 }, "geometry": { "type": "Polygon", "coordinates": [ [ [ -43.704306238099718, -22.506575968469956 ], [ -43.704351245211278, -22.498927091119697 ], [ -43.679491546113134, -22.474735483836128 ], [ -43.666465967826504, -22.47068561600884 ], [ -43.671307076983943, -22.458715396997722 ], [ -43.662690088594246, -22.452534196765288 ], [ -43.652283793260501, -22.462649443330754 ], [ -43.64733537005197, -22.461308674239792 ], [ -43.638074612465381, -22.454189795957632 ], [ -43.636497760834374, -22.449754858504281 ], [ -43.628656310035829, -22.455599071635504 ], [ -43.62554468605272, -22.465326627709462 ], [ -43.610152260566437, -22.47059872049519 ], [ -43.608656134159077, -22.477243649608027 ], [ -43.616889626001182, -22.492377210973682 ], [ -43.616727491434453, -22.492884706627567 ], [ -43.61726920810051, -22.493074816522604 ], [ -43.626427801701972, -22.509904442571308 ], [ -43.627334467694524, -22.513589353896684 ], [ -43.611335197164848, -22.522094594532703 ], [ -43.606739370892967, -22.524086650000733 ], [ -43.597728505402266, -22.552221888652305 ], [ -43.598164652511805, -22.552429095198907 ], [ -43.606971357396695, -22.548257332032712 ], [ -43.605897890696141, -22.547535848298846 ], [ -43.60591452724735, -22.546817269381489 ], [ -43.621551022669017, -22.520376041029575 ], [ -43.658045726819694, -22.507358948031762 ], [ -43.66147134107085, -22.508558326447069 ], [ -43.672031577237618, -22.517414814847868 ], [ -43.678290265262774, -22.514445844226028 ], [ -43.691036058702707, -22.518906062280283 ], [ -43.695854047274935, -22.520030539807813 ], [ -43.696025754742074, -22.519468956006662 ], [ -43.704306238099718, -22.506575968469956 ] ] ] } },
{ "type": "Feature", "properties": { "area_id": "LIGHT:18520605", "potencia_nominal_mva": 0.0, "n_trafos": 448, "origem": "fecho_trafos", "profundidade": 1, "recorte_ignorado": false, "geometria_vazia": false, "area_km2": 208.8, "lat_sub": -22.15977, "lon_sub": -43.288609, "classificacao": "Distribuição satélite", "area_mae": "LIGHT:18520326", "distribuidora": "LIGHT", "cod_sub": "18520605", "nome": "SESD PARAIBA DO SUL", "lat_rep": -22.126305, "lon_rep": -43.36728, "capacidade_mmgd_bdgd_kw": 1856.79, "capacidade_homologada_localizada_kw": 1841.19, "capacidade_lag_kw": 504.161, "pot_sem_homologacao_kw": 0.0, "n_unidades": 176.376, "n_sem_homologacao": 0.0, "capacidade_mmgd_kw": 2345.351, "fonte": "Solar FV", "fator_correcao": null, "capacidade_mmgd_corrigida_kw": 2345.351 }, "geometry": { "type": "Polygon", "coordinates": [ [ [ -43.460266520784579, -22.142868730387587 ], [ -43.460246589748174, -22.142126100194048 ], [ -43.43801864627568, -22.099732382632244 ], [ -43.438023101012703, -22.099504089311079 ], [ -43.449080840427904, -22.112184905109196 ], [ -43.437709938467123, -22.099143419676391 ], [ -43.412596272475163, -22.051213231593898 ], [ -43.418070803390137, -22.051855999707708 ], [ -43.404700021327336, -22.042400015084777 ], [ -43.398696439985308, -22.039056038383961 ], [ -43.39842375934532, -22.039165868182344 ], [ -43.404293858178463, -22.043843045440806 ], [ -43.411628530950253, -22.072311483417497 ], [ -43.411314072400067, -22.073671787084219 ], [ -43.399229644926969, -22.081066941264201 ], [ -43.342527727975941, -22.06166604697631 ], [ -43.321226295118095, -22.070232769597325 ], [ -43.337189419943449, -22.0598382693268 ], [ -43.30057033443773, -22.083675773778086 ], [ -43.294381848681532, -22.097730717215942 ], [ -43.292293326392112, -22.100535408689961 ], [ -43.292565083264329, -22.101856225145752 ], [ -43.266582205568909, -22.160826833891768 ], [ -43.280712750755164, -22.166901096796884 ], [ -43.308315943973554, -22.17836176981449 ], [ -43.305533846874141, -22.179184254138221 ], [ -43.315901951716306, -22.18321249130236 ], [ -43.31794375604224, -22.18235720235851 ], [ -43.369456817243218, -22.203723212125844 ], [ -43.379299956606587, -22.207215877019355 ], [ -43.460266520784579, -22.142868730387587 ] ] ] } },
{ "type": "Feature", "properties": { "area_id": "LIGHT:345834478", "potencia_nominal_mva": 120.0, "n_trafos": 478, "origem": "fecho_trafos", "profundidade": 1, "recorte_ignorado": false, "geometria_vazia": false, "area_km2": 7.527, "lat_sub": -22.997724, "lon_sub": -43.324707, "classificacao": "Distribuição plena", "area_mae": null, "distribuidora": "LIGHT", "cod_sub": "345834478", "nome": "SETD BARRA 2", "lat_rep": -22.998485, "lon_rep": -43.318236, "capacidade_mmgd_bdgd_kw": 3325.6, "capacidade_homologada_localizada_kw": 3302.64, "capacidade_lag_kw": 581.423, "pot_sem_homologacao_kw": 0.0, "n_unidades": 270.223, "n_sem_homologacao": 0.0, "capacidade_mmgd_kw": 3884.063, "fonte": "Solar FV", "fator_correcao": null, "capacidade_mmgd_corrigida_kw": 3884.063 }, "geometry": { "type": "MultiPolygon", "coordinates": [ [ [ [ -43.30556245891237, -23.014968046834408 ], [ -43.305076761628278, -23.01495844674686 ], [ -43.29743797632559, -23.014241162045042 ], [ -43.294141210581181, -23.011076235151414 ], [ -43.295592968799234, -23.015758661831729 ], [ -43.302799999980586, -23.016299998360989 ], [ -43.304293720120548, -23.016079032621541 ], [ -43.30556245891237, -23.014968046834408 ] ] ], [ [ [ -43.349970470064797, -22.980771064648952 ], [ -43.349888610716398, -22.979620970175723 ], [ -43.345831397372493, -22.972078850815876 ], [ -43.342507630529738, -22.977291972851692 ], [ -43.331366515246678, -22.972097458781079 ], [ -43.329849697912074, -22.972804266460589 ], [ -43.327039535258201, -22.975342024365379 ], [ -43.306315803324246, -23.007488068322825 ], [ -43.306029010071484, -23.008042415407392 ], [ -43.310832061386819, -23.010353443851447 ], [ -43.342795101946976, -22.982352289766613 ], [ -43.350601410239165, -22.989695515375082 ], [ -43.35054239368452, -22.988855957733026 ], [ -43.357535758720253, -22.984297262991156 ], [ -43.349970470064797, -22.980771064648952 ] ] ], [ [ [ -43.351708085072765, -23.005335706219793 ], [ -43.338111541809141, -23.01020359639482 ], [ -43.329327806838684, -23.011597461861264 ], [ -43.346639320604247, -23.009963618455689 ], [ -43.349486221580818, -23.009588113504638 ], [ -43.351791892944014, -23.006519995975378 ], [ -43.351708085072765, -23.005335706219793 ] ] ] ] } },
{ "type": "Feature", "properties": { "area_id": "LIGHT:18520281", "potencia_nominal_mva": 0.0, "n_trafos": 279, "origem": "fecho_trafos", "profundidade": 0, "recorte_ignorado": false, "geometria_vazia": false, "area_km2": 100.232, "lat_sub": -22.658681, "lon_sub": -44.094163, "classificacao": "Distribuição satélite", "area_mae": "LIGHT:18520470", "distribuidora": "LIGHT", "cod_sub": "18520281", "nome": "SESD GETULANDIA", "lat_rep": -22.66686, "lon_rep": -44.116329, "capacidade_mmgd_bdgd_kw": 695.75, "capacidade_homologada_localizada_kw": 680.75, "capacidade_lag_kw": 120.731, "pot_sem_homologacao_kw": 0.0, "n_unidades": 49.886, "n_sem_homologacao": 0.0, "capacidade_mmgd_kw": 801.481, "fonte": "Solar FV", "fator_correcao": null, "capacidade_mmgd_corrigida_kw": 801.481 }, "geometry": { "type": "MultiPolygon", "coordinates": [ [ [ [ -44.051984518665378, -22.722836366625017 ], [ -44.052701008128814, -22.724783740370658 ], [ -44.053439469505435, -22.727049745758965 ], [ -44.054018887654372, -22.726735113681475 ], [ -44.051984518665378, -22.722836366625017 ] ] ], [ [ [ -44.227000013875518, -22.733700019530438 ], [ -44.2183, -22.7324 ], [ -44.2094, -22.737 ], [ -44.199, -22.7353 ], [ -44.2041, -22.7197 ], [ -44.2011, -22.7151 ], [ -44.1852, -22.712 ], [ -44.1739, -22.7021 ], [ -44.1763, -22.6922 ], [ -44.1683, -22.6879 ], [ -44.1614, -22.6783 ], [ -44.1656, -22.6734 ], [ -44.165825826763424, -22.672854961024498 ], [ -44.152642119230435, -22.65979538431786 ], [ -44.146978838022243, -22.661295719369114 ], [ -44.137304469382727, -22.652239308167445 ], [ -44.119894535097821, -22.63504868764311 ], [ -44.116462478526941, -22.630144570959583 ], [ -44.113104725305746, -22.621476308711927 ], [ -44.113701033138405, -22.621201347631921 ], [ -44.127607398447289, -22.634986749508265 ], [ -44.102281184841779, -22.609876439925053 ], [ -44.098812776025284, -22.604918289694758 ], [ -44.096648220444401, -22.6042897452567 ], [ -44.081564208751622, -22.589326499915941 ], [ -44.079320174972317, -22.587208036646491 ], [ -44.074637524717822, -22.590285347293211 ], [ -44.073513284694805, -22.59597120595285 ], [ -44.072597717572194, -22.603688510641721 ], [ -44.073967454733207, -22.619025081623533 ], [ -44.070440244808644, -22.621869782671894 ], [ -44.066937413300991, -22.651376527922679 ], [ -44.07858411627425, -22.682443772521786 ], [ -44.078770846934709, -22.682845582424363 ], [ -44.079360020579216, -22.712970994313331 ], [ -44.090069854104811, -22.707152231263848 ], [ -44.095679310450592, -22.719215041118222 ], [ -44.105332046819626, -22.720932210526854 ], [ -44.125773501296827, -22.708134378343896 ], [ -44.149532994050311, -22.714794855620131 ], [ -44.18872080008574, -22.735033454144261 ], [ -44.189682662041093, -22.73591125596705 ], [ -44.203075726150175, -22.738285233633249 ], [ -44.230732756456213, -22.738953789404224 ], [ -44.227000013875518, -22.733700019530438 ] ] ], [ [ [ -44.127607413844991, -22.634986766356818 ], [ -44.127607415549868, -22.634986764874668 ], [ -44.12760739844731, -22.634986749508275 ], [ -44.127607413844991, -22.634986766356818 ] ] ], [ [ [ -44.127607398447289, -22.634986749508265 ], [ -44.127607398447303, -22.634986749508275 ], [ -44.12760739844731, -22.634986749508275 ], [ -44.127607398447289, -22.634986749508265 ] ] ] ] } },
{ "type": "Feature", "properties": { "area_id": "LIGHT:1258", "potencia_nominal_mva": 120.0, "n_trafos": 1034, "origem": "fecho_trafos", "profundidade": 0, "recorte_ignorado": false, "geometria_vazia": false, "area_km2": 17.283, "lat_sub": -22.835559, "lon_sub": -43.370967, "classificacao": "Distribuição plena", "area_mae": null, "distribuidora": "LIGHT", "cod_sub": "1258", "nome": "SETD GUADALUPE", "lat_rep": -22.831432, "lon_rep": -43.368713, "capacidade_mmgd_bdgd_kw": 2646.03, "capacidade_homologada_localizada_kw": 2637.84, "capacidade_lag_kw": 464.295, "pot_sem_homologacao_kw": 0.0, "n_unidades": 305.916, "n_sem_homologacao": 0.0, "capacidade_mmgd_kw": 3102.135, "fonte": "Solar FV", "fator_correcao": null, "capacidade_mmgd_corrigida_kw": 3102.135 }, "geometry": { "type": "Polygon", "coordinates": [ [ [ -43.412473524452487, -22.851346507691538 ], [ -43.405547554926692, -22.846049787064974 ], [ -43.410333607796723, -22.841453442773478 ], [ -43.410233951509724, -22.839947615179447 ], [ -43.410233937589382, -22.839947598859354 ], [ -43.409553446739864, -22.839222220370985 ], [ -43.409962544028645, -22.839659724431495 ], [ -43.399532664130462, -22.841449744958688 ], [ -43.363941399958897, -22.814218267314821 ], [ -43.365927886471084, -22.812123964996911 ], [ -43.35962662643, -22.812125597371811 ], [ -43.358558495480295, -22.81089090502946 ], [ -43.358558476093222, -22.81089091564494 ], [ -43.351979101908356, -22.81490301743499 ], [ -43.352610413789783, -22.814519150985824 ], [ -43.350541080845488, -22.81638599788619 ], [ -43.34530966587073, -22.826157372370954 ], [ -43.344609856783443, -22.8261266835916 ], [ -43.349282151301992, -22.826334868746049 ], [ -43.352218944017594, -22.836159187158277 ], [ -43.352111448834606, -22.836608606258348 ], [ -43.355794908576314, -22.841321023700605 ], [ -43.37421974594767, -22.856154693015636 ], [ -43.37444151300317, -22.85796075994239 ], [ -43.396906733593099, -22.8543452953671 ], [ -43.397224209703829, -22.854040898429382 ], [ -43.406617207755566, -22.856303195160184 ], [ -43.412473524452487, -22.851346507691538 ] ] ] } },
{ "type": "Feature", "properties": { "area_id": "LIGHT:449886789", "potencia_nominal_mva": 37.5, "n_trafos": 0, "origem": "semente", "profundidade": 1, "recorte_ignorado": false, "geometria_vazia": false, "area_km2": 0.0, "lat_sub": -21.875526, "lon_sub": -42.653742, "classificacao": "Transformadora pura", "area_mae": null, "distribuidora": "LIGHT", "cod_sub": "449886789", "nome": "SETD INFLUENCIA", "lat_rep": -21.875526, "lon_rep": -42.653742, "capacidade_mmgd_bdgd_kw": 12560.5, "capacidade_homologada_localizada_kw": 12560.5, "capacidade_lag_kw": 769.371, "pot_sem_homologacao_kw": 0.0, "n_unidades": 35.364, "n_sem_homologacao": 0.0, "capacidade_mmgd_kw": 13329.871, "fonte": "Solar FV", "fator_correcao": null, "capacidade_mmgd_corrigida_kw": 13329.871 }, "geometry": { "type": "Polygon", "coordinates": [ [ [ -42.653645977715236, -21.875533546966867 ], [ -42.653679890349459, -21.875594967960954 ], [ -42.653750401275381, -21.875616016797274 ], [ -42.653816206102427, -21.875584363332372 ], [ -42.653838757215524, -21.875518549756283 ], [ -42.653804844524629, -21.87545712879 ], [ -42.653734333664126, -21.875436079982865 ], [ -42.653668528893753, -21.875467733419971 ], [ -42.653645977715236, -21.875533546966867 ] ] ] } },
{ "type": "Feature", "properties": { "area_id": "LIGHT:427261589", "potencia_nominal_mva": 0.0, "n_trafos": 116, "origem": "fecho_trafos", "profundidade": 1, "recorte_ignorado": false, "geometria_vazia": false, "area_km2": 0.435, "lat_sub": -22.253175, "lon_sub": -43.70786, "classificacao": "Distribuição satélite", "area_mae": "LIGHT:18520353", "distribuidora": "LIGHT", "cod_sub": "427261589", "nome": "SESD VALENCA NOVA", "lat_rep": -22.211335, "lon_rep": -43.704867, "capacidade_mmgd_bdgd_kw": 852.76, "capacidade_homologada_localizada_kw": 846.06, "capacidade_lag_kw": 43.0, "pot_sem_homologacao_kw": 0.0, "n_unidades": 75.065, "n_sem_homologacao": 0.0, "capacidade_mmgd_kw": 889.06, "fonte": "Solar FV", "fator_correcao": null, "capacidade_mmgd_corrigida_kw": 889.06 }, "geometry": { "type": "Polygon", "coordinates": [ [ [ -43.709932556158449, -22.216424771472418 ], [ -43.706587289251843, -22.208886170316827 ], [ -43.703134651405605, -22.208651397857551 ], [ -43.701049171384497, -22.213767211101739 ], [ -43.709932556158449, -22.216424771472418 ] ] ] } },
{ "type": "Feature", "properties": { "area_id": "LIGHT:51051566", "potencia_nominal_mva": 0.0, "n_trafos": 0, "origem": "semente", "profundidade": 1, "recorte_ignorado": false, "geometria_vazia": false, "area_km2": 0.0, "lat_sub": -21.844335, "lon_sub": -42.577748, "classificacao": "Transporte/manobra", "area_mae": null, "distribuidora": "LIGHT", "cod_sub": "51051566", "nome": "SETD ILHA DOS POMBOS", "lat_rep": -21.844335, "lon_rep": -42.577748, "capacidade_mmgd_bdgd_kw": 0.0, "capacidade_homologada_localizada_kw": 0.0, "capacidade_lag_kw": 0.0, "pot_sem_homologacao_kw": 0.0, "n_unidades": 0.0, "n_sem_homologacao": 0.0, "capacidade_mmgd_kw": 0.0, "fonte": null, "fator_correcao": null, "capacidade_mmgd_corrigida_kw": 0.0 }, "geometry": { "type": "Polygon", "coordinates": [ [ [ -42.577652052012645, -21.844342876350087 ], [ -42.577685924492343, -21.844404309600641 ], [ -42.577756406029458, -21.844425388666352 ], [ -42.577822209449209, -21.844393765695667 ], [ -42.577844787960778, -21.844327965015346 ], [ -42.577810915424223, -21.844266531792371 ], [ -42.577740433952201, -21.844245452756041 ], [ -42.5776746305893, -21.844277075699157 ], [ -42.577652052012645, -21.844342876350087 ] ] ] } },
{ "type": "Feature", "properties": { "area_id": "LIGHT:406362690", "potencia_nominal_mva": 0.0, "n_trafos": 98, "origem": "fecho_trafos", "profundidade": 0, "recorte_ignorado": false, "geometria_vazia": false, "area_km2": 95.486, "lat_sub": -22.657421, "lon_sub": -43.48573, "classificacao": "Distribuição satélite", "area_mae": "LIGHT:18520767", "distribuidora": "LIGHT", "cod_sub": "406362690", "nome": "SESD RIO DOURO", "lat_rep": -22.629639, "lon_rep": -43.490352, "capacidade_mmgd_bdgd_kw": 179.06, "capacidade_homologada_localizada_kw": 176.06, "capacidade_lag_kw": 27.786, "pot_sem_homologacao_kw": 0.0, "n_unidades": 15.358, "n_sem_homologacao": 0.0, "capacidade_mmgd_kw": 203.846, "fonte": "Solar FV", "fator_correcao": null, "capacidade_mmgd_corrigida_kw": 203.846 }, "geometry": { "type": "Polygon", "coordinates": [ [ [ -43.542622350068648, -22.614972022724768 ], [ -43.537794172578593, -22.570289259739003 ], [ -43.465815978908481, -22.56604060887484 ], [ -43.457125405987128, -22.603509092413905 ], [ -43.457753984561705, -22.609639398227003 ], [ -43.452724802429508, -22.622472723931423 ], [ -43.448165572415284, -22.642113471283345 ], [ -43.450877534486004, -22.646345737971789 ], [ -43.447589740195085, -22.668353127255987 ], [ -43.447540813459227, -22.670558263893298 ], [ -43.448047379809573, -22.671466164197177 ], [ -43.44848572408214, -22.671670687978818 ], [ -43.453472653516577, -22.675930919139155 ], [ -43.483888804430777, -22.676559433137474 ], [ -43.50087464288346, -22.687641525659529 ], [ -43.499410618195753, -22.683125410232886 ], [ -43.498193850065846, -22.678868737597536 ], [ -43.49764946647349, -22.676804878679555 ], [ -43.500318406940693, -22.671426561661125 ], [ -43.511147949399884, -22.669624331540366 ], [ -43.512421845452707, -22.669717439283119 ], [ -43.52288668737387, -22.673641750664025 ], [ -43.521849192782661, -22.669009458458969 ], [ -43.523282715135501, -22.665203054626872 ], [ -43.529934842005439, -22.660428851656203 ], [ -43.522379697429081, -22.658664203405266 ], [ -43.523684460480879, -22.636757046755175 ], [ -43.542622350068648, -22.614972022724768 ] ], [ [ -43.476482428412105, -22.663519192640532 ], [ -43.476511666232177, -22.663455622412386 ], [ -43.476580774821286, -22.663429858809138 ], [ -43.47664927135385, -22.663456993782489 ], [ -43.476677031531452, -22.663521132056559 ], [ -43.476647793769871, -22.663584702317813 ], [ -43.47657868511201, -22.663610465945933 ], [ -43.476510188520955, -22.663583330939474 ], [ -43.476482428412105, -22.663519192640532 ] ] ] } },
{ "type": "Feature", "properties": { "area_id": "LIGHT:50995643", "potencia_nominal_mva": 0.0, "n_trafos": 0, "origem": "semente", "profundidade": 1, "recorte_ignorado": false, "geometria_vazia": false, "area_km2": 0.0, "lat_sub": -22.252552, "lon_sub": -43.708424, "classificacao": "Transporte/manobra", "area_mae": null, "distribuidora": "LIGHT", "cod_sub": "50995643", "nome": "SESD FRANCISCO MEDEIROS", "lat_rep": -22.252552, "lon_rep": -43.708424, "capacidade_mmgd_bdgd_kw": 0.0, "capacidade_homologada_localizada_kw": 0.0, "capacidade_lag_kw": 0.0, "pot_sem_homologacao_kw": 0.0, "n_unidades": 0.0, "n_sem_homologacao": 0.0, "capacidade_mmgd_kw": 0.0, "fonte": null, "fator_correcao": null, "capacidade_mmgd_corrigida_kw": 0.0 }, "geometry": { "type": "Polygon", "coordinates": [ [ [ -43.708327576800578, -22.252559764290581 ], [ -43.708362040061303, -22.252620999203593 ], [ -43.708432924693284, -22.252641614328674 ], [ -43.708498707390916, -22.252609533586501 ], [ -43.708520853504226, -22.252543549462423 ], [ -43.708486390189677, -22.252482314580142 ], [ -43.708415505627507, -22.252461699481444 ], [ -43.708349722983705, -22.252493780192886 ], [ -43.708327576800578, -22.252559764290581 ] ] ] } },
{ "type": "Feature", "properties": { "area_id": "LIGHT:450101398", "potencia_nominal_mva": 120.0, "n_trafos": 1418, "origem": "fecho_trafos", "profundidade": 0, "recorte_ignorado": false, "geometria_vazia": false, "area_km2": 44.43, "lat_sub": -22.935113, "lon_sub": -43.636995, "classificacao": "Distribuição plena", "area_mae": null, "distribuidora": "LIGHT", "cod_sub": "450101398", "nome": "SETD PACIENCIA", "lat_rep": -22.949496, "lon_rep": -43.64038, "capacidade_mmgd_bdgd_kw": 7360.67, "capacidade_homologada_localizada_kw": 7337.86, "capacidade_lag_kw": 1291.367, "pot_sem_homologacao_kw": 0.0, "n_unidades": 767.659, "n_sem_homologacao": 0.0, "capacidade_mmgd_kw": 8629.227, "fonte": "Solar FV", "fator_correcao": null, "capacidade_mmgd_corrigida_kw": 8629.227 }, "geometry": { "type": "MultiPolygon", "coordinates": [ [ [ [ -43.695400902384996, -22.959329537720617 ], [ -43.687149361216399, -22.974262047929507 ], [ -43.687149443087876, -22.974262164931439 ], [ -43.695400902384996, -22.959329537720617 ] ] ], [ [ [ -43.695844481439309, -22.958526683196148 ], [ -43.695400902384996, -22.959329537720617 ], [ -43.695844481439316, -22.958526683196141 ], [ -43.695844481439309, -22.958526683196148 ] ] ], [ [ [ -43.649895959297126, -22.911388226073466 ], [ -43.649058762825099, -22.904921049518677 ], [ -43.646856045503867, -22.904361062605201 ], [ -43.636703070522472, -22.90601797441688 ], [ -43.629019349496787, -22.914576505625138 ], [ -43.604289403902349, -22.921458451607648 ], [ -43.604121564180765, -22.921289703357566 ], [ -43.604121546697087, -22.921289717315815 ], [ -43.601380250043746, -22.923708050085036 ], [ -43.601472591364661, -22.923627805802315 ], [ -43.601376315024005, -22.923769485750991 ], [ -43.600213900462315, -22.941989920431851 ], [ -43.621078892736143, -22.965874236965401 ], [ -43.632178352906173, -22.981757206911396 ], [ -43.651407410412048, -22.990961835421828 ], [ -43.66122481211864, -22.990610024246404 ], [ -43.664, -22.9869 ], [ -43.671803367851915, -22.981995157410832 ], [ -43.659284775599382, -22.988945556625879 ], [ -43.64950116442823, -22.987054431344916 ], [ -43.637878590416342, -22.973476771155763 ], [ -43.641014371774354, -22.971706260992551 ], [ -43.6453472787056, -22.970566541586962 ], [ -43.672137710991962, -22.971287849050409 ], [ -43.676440649390088, -22.972504622681864 ], [ -43.678866694407198, -22.978071976184527 ], [ -43.674770891682861, -22.980347304021308 ], [ -43.6808, -22.9814 ], [ -43.690720032976834, -22.989083183311173 ], [ -43.691165535491585, -22.988823019637888 ], [ -43.691489963421539, -22.987141217130393 ], [ -43.687096713754983, -22.979735574714255 ], [ -43.685735380927241, -22.976820875992242 ], [ -43.687149361216399, -22.974262047929507 ], [ -43.67595059813442, -22.958257977404742 ], [ -43.678813455287433, -22.956976948769633 ], [ -43.649895959297126, -22.911388226073466 ] ] ] ] } },
{ "type": "Feature", "properties": { "area_id": "LIGHT:18521082", "potencia_nominal_mva": 0.0, "n_trafos": 188, "origem": "fecho_trafos", "profundidade": 1, "recorte_ignorado": false, "geometria_vazia": false, "area_km2": 4.276, "lat_sub": -22.718344, "lon_sub": -43.42749, "classificacao": "Distribuição satélite", "area_mae": "LIGHT:18519976", "distribuidora": "LIGHT", "cod_sub": "18521082", "nome": "SESD MIGUEL COUTO", "lat_rep": -22.715207, "lon_rep": -43.434228, "capacidade_mmgd_bdgd_kw": 672.79, "capacidade_homologada_localizada_kw": 674.79, "capacidade_lag_kw": 106.113, "pot_sem_homologacao_kw": 0.0, "n_unidades": 93.068, "n_sem_homologacao": 0.0, "capacidade_mmgd_kw": 780.903, "fonte": "Solar FV", "fator_correcao": null, "capacidade_mmgd_corrigida_kw": 780.903 }, "geometry": { "type": "MultiPolygon", "coordinates": [ [ [ [ -43.445430789599243, -22.711167615193229 ], [ -43.433125311446176, -22.704989516749631 ], [ -43.431542712696512, -22.705806576662699 ], [ -43.42585662966691, -22.703845066468183 ], [ -43.426645293845183, -22.703169213987959 ], [ -43.425207010794857, -22.704401754637217 ], [ -43.422785810116984, -22.727607610702641 ], [ -43.423141741098448, -22.728333985025348 ], [ -43.430140369582375, -22.728861883469111 ], [ -43.432649364776296, -22.727263279176956 ], [ -43.443299297424574, -22.717978975149549 ], [ -43.44383518454606, -22.717360523069662 ], [ -43.444896231806496, -22.713252157095496 ], [ -43.444638727765181, -22.710769996140144 ], [ -43.445430789599243, -22.711167615193229 ] ] ], [ [ [ -43.445139627791548, -22.712309729910089 ], [ -43.444896231806496, -22.713252157095496 ], [ -43.444896234242968, -22.713252180581406 ], [ -43.445139627791548, -22.712309729910089 ] ] ] ] } },
{ "type": "Feature", "properties": { "area_id": "LIGHT:18521055", "potencia_nominal_mva": 120.0, "n_trafos": 1031, "origem": "fecho_trafos", "profundidade": 0, "recorte_ignorado": false, "geometria_vazia": false, "area_km2": 14.106, "lat_sub": -22.772974, "lon_sub": -43.390654, "classificacao": "Distribuição plena", "area_mae": null, "distribuidora": "LIGHT", "cod_sub": "18521055", "nome": "SETD COELHO DA ROCHA", "lat_rep": -22.77525, "lon_rep": -43.39404, "capacidade_mmgd_bdgd_kw": 6929.52, "capacidade_homologada_localizada_kw": 6888.08, "capacidade_lag_kw": 847.61, "pot_sem_homologacao_kw": 0.0, "n_unidades": 807.396, "n_sem_homologacao": 0.0, "capacidade_mmgd_kw": 7735.69, "fonte": "Solar FV", "fator_correcao": null, "capacidade_mmgd_corrigida_kw": 7735.69 }, "geometry": { "type": "MultiPolygon", "coordinates": [ [ [ [ -43.391500737066224, -22.794894743716863 ], [ -43.391500597831516, -22.794894541176259 ], [ -43.386763244313563, -22.794635279704693 ], [ -43.391500737066224, -22.794894743716863 ] ] ], [ [ [ -43.391500597831516, -22.794894541176259 ], [ -43.404572820019119, -22.795609945578345 ], [ -43.40557783404978, -22.789805034574616 ], [ -43.406442055556397, -22.787829247421765 ], [ -43.408642455899944, -22.783286280038169 ], [ -43.415290401197403, -22.776068649526454 ], [ -43.415222910982564, -22.766442597021168 ], [ -43.369183652082711, -22.754628323043825 ], [ -43.370004323937358, -22.75483905020522 ], [ -43.367683914157574, -22.757039066515112 ], [ -43.363131415382497, -22.764356302601239 ], [ -43.362496387998455, -22.766659024659155 ], [ -43.372142140804904, -22.774422625248135 ], [ -43.387059377823384, -22.788434029897534 ], [ -43.391500597831516, -22.794894541176259 ] ] ], [ [ [ -43.415222910982564, -22.766442597021168 ], [ -43.415222918804545, -22.766442599028391 ], [ -43.415192744149806, -22.762139936009181 ], [ -43.415222910982564, -22.766442597021168 ] ] ] ] } },
{ "type": "Feature", "properties": { "area_id": "LIGHT:18520758", "potencia_nominal_mva": 120.0, "n_trafos": 1530, "origem": "fecho_trafos", "profundidade": 0, "recorte_ignorado": false, "geometria_vazia": false, "area_km2": 58.404, "lat_sub": -22.924293, "lon_sub": -43.568135, "classificacao": "Distribuição plena", "area_mae": null, "distribuidora": "LIGHT", "cod_sub": "18520758", "nome": "SETD CACHAMORRA", "lat_rep": -22.933238, "lon_rep": -43.534921, "capacidade_mmgd_bdgd_kw": 15217.17, "capacidade_homologada_localizada_kw": 15144.27, "capacidade_lag_kw": 2889.937, "pot_sem_homologacao_kw": 0.0, "n_unidades": 2208.106, "n_sem_homologacao": 0.0, "capacidade_mmgd_kw": 18034.207, "fonte": "Solar FV", "fator_correcao": null, "capacidade_mmgd_corrigida_kw": 18034.207 }, "geometry": { "type": "Polygon", "coordinates": [ [ [ -43.603352328169045, -22.920512829915928 ], [ -43.595494617761169, -22.912576419425459 ], [ -43.592971342351795, -22.909725949472534 ], [ -43.592828920787717, -22.908632257903101 ], [ -43.582208346572891, -22.905821519933166 ], [ -43.567649226746411, -22.909524034686385 ], [ -43.560390817757749, -22.909886327747419 ], [ -43.547006630747262, -22.904587842765071 ], [ -43.528990843509916, -22.893868954284034 ], [ -43.508931836068022, -22.906872248958102 ], [ -43.503476123702463, -22.910597134477815 ], [ -43.499454931922926, -22.914197526590517 ], [ -43.491686253019864, -22.942546880541109 ], [ -43.504243731171236, -22.949611044900916 ], [ -43.504206225134304, -22.949688579775465 ], [ -43.504583524075137, -22.949802170709727 ], [ -43.545606086385256, -22.972867353031301 ], [ -43.549591142018741, -22.973713327715782 ], [ -43.564600389693695, -22.965966905447104 ], [ -43.575811719938379, -22.956523964687214 ], [ -43.570866196581377, -22.943606109214009 ], [ -43.570626367480429, -22.938843934763248 ], [ -43.574081572059036, -22.934124231852749 ], [ -43.57699288481539, -22.933063989540784 ], [ -43.578965681547807, -22.933108049748881 ], [ -43.591277226311703, -22.938488679076031 ], [ -43.600999098505199, -22.924319323038311 ], [ -43.601349395997438, -22.924191495608248 ], [ -43.601376403262918, -22.923769345042107 ], [ -43.602558667186081, -22.922045946649085 ], [ -43.603352328169045, -22.920512829915928 ] ], [ [ -43.568055687820824, -22.941838007114956 ], [ -43.568103620354918, -22.941785028605125 ], [ -43.568177961712045, -22.941778957997652 ], [ -43.568235163797688, -22.941823351370061 ], [ -43.568241718413823, -22.94189220371651 ], [ -43.56819378589082, -22.941945182268196 ], [ -43.568119444442701, -22.9419512528784 ], [ -43.568062242345967, -22.941906859464144 ], [ -43.568055687820824, -22.941838007114956 ] ] ] } },
{ "type": "Feature", "properties": { "area_id": "LIGHT:1159", "potencia_nominal_mva": 97.5, "n_trafos": 686, "origem": "fecho_trafos", "profundidade": 0, "recorte_ignorado": false, "geometria_vazia": false, "area_km2": 11.732, "lat_sub": -22.826391, "lon_sub": -43.278876, "classificacao": "Distribuição plena", "area_mae": null, "distribuidora": "LIGHT", "cod_sub": "1159", "nome": "SETD BRAS DE PINA", "lat_rep": -22.817923, "lon_rep": -43.283167, "capacidade_mmgd_bdgd_kw": 2805.71, "capacidade_homologada_localizada_kw": 2784.83, "capacidade_lag_kw": 490.263, "pot_sem_homologacao_kw": 0.0, "n_unidades": 241.976, "n_sem_homologacao": 0.0, "capacidade_mmgd_kw": 3275.093, "fonte": "Solar FV", "fator_correcao": null, "capacidade_mmgd_corrigida_kw": 3275.093 }, "geometry": { "type": "MultiPolygon", "coordinates": [ [ [ [ -43.298299992738187, -22.811652966307584 ], [ -43.294594010623449, -22.805426793875117 ], [ -43.294593987965214, -22.805426797052213 ], [ -43.288981164333052, -22.806474878049638 ], [ -43.292313810012914, -22.805853503775275 ], [ -43.290123330243077, -22.806558713955422 ], [ -43.288601382894512, -22.806866444091078 ], [ -43.288249073465522, -22.806611566237507 ], [ -43.285812149470217, -22.807066517546946 ], [ -43.279567267902948, -22.806182981636187 ], [ -43.276425499981315, -22.79913593813157 ], [ -43.276745012135159, -22.798274478120348 ], [ -43.271536574060129, -22.794499293329253 ], [ -43.271300014816582, -22.794799981166758 ], [ -43.2728, -22.8098 ], [ -43.2669, -22.8235 ], [ -43.26095687144997, -22.829938836302944 ], [ -43.264791447322757, -22.832712394415271 ], [ -43.266208397858513, -22.83209299366629 ], [ -43.269885735602408, -22.832092947308954 ], [ -43.2718319094854, -22.835470132540379 ], [ -43.277543756258289, -22.841934745577788 ], [ -43.289287563778409, -22.850425869337702 ], [ -43.28905039101511, -22.850889262386204 ], [ -43.286949281768749, -22.851817178891253 ], [ -43.287702796548771, -22.851834812097124 ], [ -43.293000774725428, -22.848828772620713 ], [ -43.293161652995195, -22.848130036144855 ], [ -43.288031146888109, -22.839434138932418 ], [ -43.287702740182091, -22.838045118369674 ], [ -43.290118740897562, -22.835569770850991 ], [ -43.291444984647427, -22.83467686152472 ], [ -43.296159356311946, -22.835108562600379 ], [ -43.295516553859223, -22.835048808381899 ], [ -43.297458157761049, -22.812323231351815 ], [ -43.298263946141176, -22.811737194227295 ], [ -43.298299992738187, -22.811652966307584 ] ] ], [ [ [ -43.294791222090197, -22.841051910794121 ], [ -43.294791222090204, -22.841051910794107 ], [ -43.293498322451214, -22.846667764940758 ], [ -43.294791222090197, -22.841051910794121 ] ] ] ] } },
{ "type": "Feature", "properties": { "area_id": "LIGHT:18521262", "potencia_nominal_mva": 0.0, "n_trafos": 171, "origem": "fecho_trafos", "profundidade": 0, "recorte_ignorado": false, "geometria_vazia": false, "area_km2": 33.856, "lat_sub": -21.875811, "lon_sub": -42.654036, "classificacao": "Distribuição satélite", "area_mae": "LIGHT:449886789", "distribuidora": "LIGHT", "cod_sub": "18521262", "nome": "SESD COTRIL", "lat_rep": -21.890567, "lon_rep": -42.634659, "capacidade_mmgd_bdgd_kw": 481.6, "capacidade_homologada_localizada_kw": 481.6, "capacidade_lag_kw": 29.5, "pot_sem_homologacao_kw": 0.0, "n_unidades": 49.896, "n_sem_homologacao": 0.0, "capacidade_mmgd_kw": 511.1, "fonte": "Solar FV", "fator_correcao": null, "capacidade_mmgd_corrigida_kw": 511.1 }, "geometry": { "type": "MultiPolygon", "coordinates": [ [ [ [ -42.629884486703439, -21.910411648698293 ], [ -42.629878988762705, -21.910406665039101 ], [ -42.598996601412011, -21.899218362537347 ], [ -42.629884486703439, -21.910411648698293 ] ] ], [ [ [ -42.668937835237713, -21.8921767715991 ], [ -42.670726739976438, -21.885714370748286 ], [ -42.669900266683896, -21.87739411424695 ], [ -42.671039621381397, -21.877020029550689 ], [ -42.673052737349288, -21.877310650088006 ], [ -42.673484256131218, -21.875751458744567 ], [ -42.6403, -21.8658 ], [ -42.6265, -21.8587 ], [ -42.617449420829232, -21.856622912844298 ], [ -42.611674629434681, -21.868911854503001 ], [ -42.593594128366306, -21.895988330497008 ], [ -42.598315230305587, -21.888920140184901 ], [ -42.626351139793201, -21.907208813735728 ], [ -42.629878988762705, -21.910406665039101 ], [ -42.655125613473317, -21.919553201257397 ], [ -42.660285927910593, -21.923421524784484 ], [ -42.660789403628662, -21.921603778272971 ], [ -42.659261370609833, -21.921050577700349 ], [ -42.660955200422109, -21.921663801343303 ], [ -42.67075274933984, -21.919702151533038 ], [ -42.668937835237713, -21.8921767715991 ] ], [ [ -42.617954886608686, -21.85950684786269 ], [ -42.611670935336363, -21.868919715662926 ], [ -42.611674629434681, -21.868911854503001 ], [ -42.617954886608686, -21.85950684786269 ] ], [ [ -42.653762683479087, -21.875437780845683 ], [ -42.653823602353484, -21.875477042375387 ], [ -42.653836934971054, -21.87554501096713 ], [ -42.653794871206202, -21.875601871546532 ], [ -42.653722051425738, -21.875614315929255 ], [ -42.65366113252847, -21.875575054359839 ], [ -42.653647799994388, -21.875507085761225 ], [ -42.653689863782098, -21.875450225221542 ], [ -42.653762683479087, -21.875437780845683 ] ] ] ] } },
{ "type": "Feature", "properties": { "area_id": "LIGHT:1204", "potencia_nominal_mva": 160.0, "n_trafos": 677, "origem": "fecho_trafos", "profundidade": 0, "recorte_ignorado": false, "geometria_vazia": false, "area_km2": 4.908, "lat_sub": -22.891198, "lon_sub": -43.251105, "classificacao": "Distribuição plena", "area_mae": null, "distribuidora": "LIGHT", "cod_sub": "1204", "nome": "SETD TRIAGEM", "lat_rep": -22.892749, "lon_rep": -43.252217, "capacidade_mmgd_bdgd_kw": 2540.97, "capacidade_homologada_localizada_kw": 2527.47, "capacidade_lag_kw": 444.956, "pot_sem_homologacao_kw": 0.0, "n_unidades": 164.374, "n_sem_homologacao": 0.0, "capacidade_mmgd_kw": 2972.426, "fonte": "Solar FV", "fator_correcao": null, "capacidade_mmgd_corrigida_kw": 2972.426 }, "geometry": { "type": "MultiPolygon", "coordinates": [ [ [ [ -43.267719164836862, -22.879762497785016 ], [ -43.267731833645122, -22.879772803569963 ], [ -43.251614992004804, -22.882350013372772 ], [ -43.25119062802677, -22.882341544608664 ], [ -43.249499729745608, -22.881731297731339 ], [ -43.247968992795585, -22.880442844831006 ], [ -43.247002835927987, -22.880830140385328 ], [ -43.243086726564869, -22.879416694141323 ], [ -43.242718746686457, -22.882547982673362 ], [ -43.242558884281642, -22.882612377636143 ], [ -43.239245729861572, -22.889167191722667 ], [ -43.24244659020161, -22.882836670965077 ], [ -43.242589450424532, -22.883648636914341 ], [ -43.241100672398169, -22.896313364050201 ], [ -43.240928547493901, -22.896062396522403 ], [ -43.244549101222596, -22.901377152740451 ], [ -43.242868677142319, -22.903366391544544 ], [ -43.243340707324734, -22.903564508461447 ], [ -43.246281863692388, -22.901901779311697 ], [ -43.247252667543187, -22.901641681933878 ], [ -43.264280632620597, -22.902306673780856 ], [ -43.263610470359353, -22.902279733311818 ], [ -43.262065108061002, -22.88176359444293 ], [ -43.267803735366847, -22.8798236951475 ], [ -43.267903422586329, -22.879894669530493 ], [ -43.267719164836862, -22.879762497785016 ] ] ], [ [ [ -43.248391685156051, -22.880273329362286 ], [ -43.248391685156079, -22.880273329362272 ], [ -43.248215596070331, -22.88034394787412 ], [ -43.248391685156051, -22.880273329362286 ] ] ] ] } },
{ "type": "Feature", "properties": { "area_id": "LIGHT:10385970", "potencia_nominal_mva": 240.0, "n_trafos": 479, "origem": "fecho_trafos", "profundidade": 1, "recorte_ignorado": false, "geometria_vazia": false, "area_km2": 2.112, "lat_sub": -22.908529, "lon_sub": -43.182937, "classificacao": "Distribuição plena", "area_mae": null, "distribuidora": "LIGHT", "cod_sub": "10385970", "nome": "SETD SANTO ANTONIO", "lat_rep": -22.911992, "lon_rep": -43.184205, "capacidade_mmgd_bdgd_kw": 672.78, "capacidade_homologada_localizada_kw": 667.98, "capacidade_lag_kw": 111.335, "pot_sem_homologacao_kw": 0.0, "n_unidades": 41.83, "n_sem_homologacao": 0.0, "capacidade_mmgd_kw": 779.315, "fonte": "Solar FV", "fator_correcao": null, "capacidade_mmgd_corrigida_kw": 779.315 }, "geometry": { "type": "MultiPolygon", "coordinates": [ [ [ [ -43.190393556417725, -22.907445864499607 ], [ -43.186851665493052, -22.905790378865529 ], [ -43.176477805497967, -22.902144765441822 ], [ -43.176550847754598, -22.901795984514916 ], [ -43.175958138305361, -22.901559600482244 ], [ -43.176208353967489, -22.900814967848792 ], [ -43.17532855844879, -22.900403645709574 ], [ -43.171945413267643, -22.903431550548952 ], [ -43.171945417188446, -22.903431570731712 ], [ -43.173331828609847, -22.909042347719527 ], [ -43.172590264681403, -22.906037304242965 ], [ -43.177683186731592, -22.908886939252035 ], [ -43.178353237867597, -22.91080861789893 ], [ -43.179241516623982, -22.91487994393837 ], [ -43.178451971691466, -22.914904204584531 ], [ -43.18362640591269, -22.920827554751568 ], [ -43.186543314901954, -22.921017300012533 ], [ -43.185992022949335, -22.920051583948911 ], [ -43.189670793322506, -22.913171082508068 ], [ -43.188558861464891, -22.921983093342497 ], [ -43.190393556417725, -22.907445864499607 ] ] ], [ [ [ -43.176708191791327, -22.901048649516881 ], [ -43.176708603842123, -22.901050126915191 ], [ -43.176709998950649, -22.901049494366436 ], [ -43.176708191791327, -22.901048649516881 ] ] ] ] } },
{ "type": "Feature", "properties": { "area_id": "LIGHT:18520821", "potencia_nominal_mva": 120.0, "n_trafos": 1366, "origem": "fecho_trafos", "profundidade": 0, "recorte_ignorado": false, "geometria_vazia": false, "area_km2": 45.438, "lat_sub": -22.756334, "lon_sub": -43.482342, "classificacao": "Distribuição plena", "area_mae": null, "distribuidora": "LIGHT", "cod_sub": "18520821", "nome": "SETD COMENDADOR SOARES", "lat_rep": -22.762159, "lon_rep": -43.497389, "capacidade_mmgd_bdgd_kw": 9065.07, "capacidade_homologada_localizada_kw": 9005.21, "capacidade_lag_kw": 1430.058, "pot_sem_homologacao_kw": 0.0, "n_unidades": 1258.301, "n_sem_homologacao": 0.0, "capacidade_mmgd_kw": 10435.268, "fonte": "Solar FV", "fator_correcao": null, "capacidade_mmgd_corrigida_kw": 10435.268 }, "geometry": { "type": "Polygon", "coordinates": [ [ [ -43.533340464157376, -22.75868425134929 ], [ -43.531638617362013, -22.755610017201821 ], [ -43.510317232462505, -22.753285967448676 ], [ -43.508169436490405, -22.744992313013519 ], [ -43.507762792199813, -22.740291924899296 ], [ -43.508555365300367, -22.738965243196432 ], [ -43.518773182500304, -22.734435904517262 ], [ -43.515084633023598, -22.731460749078806 ], [ -43.512367555053828, -22.723084215042338 ], [ -43.510440625648862, -22.720871282642001 ], [ -43.506194029977884, -22.718313291089679 ], [ -43.490853244886047, -22.71578719414341 ], [ -43.479276365576297, -22.731434830640044 ], [ -43.476022454299176, -22.734405032981826 ], [ -43.46821207218629, -22.73755785680391 ], [ -43.459866043450447, -22.738181625385991 ], [ -43.462914676605834, -22.745657032828177 ], [ -43.464164321609985, -22.761043549636796 ], [ -43.461954861230538, -22.762621653618712 ], [ -43.464349941196105, -22.763328839959357 ], [ -43.466935116276254, -22.795151758380531 ], [ -43.47636012929118, -22.80675662822366 ], [ -43.504463295358896, -22.80486455606334 ], [ -43.510189031985014, -22.774790603239264 ], [ -43.513728336299017, -22.775546707447536 ], [ -43.521120410285683, -22.776731539128775 ], [ -43.52509587791377, -22.776129407114841 ], [ -43.526031699663029, -22.775777513656219 ], [ -43.527088733166501, -22.773305706704697 ], [ -43.526571493445068, -22.768965905425368 ], [ -43.526842402428407, -22.76644460357376 ], [ -43.528081836215947, -22.764941826447174 ], [ -43.530900253715323, -22.764391837610557 ], [ -43.533340464157376, -22.75868425134929 ] ] ] } },
{ "type": "Feature", "properties": { "area_id": "LIGHT:18520992", "potencia_nominal_mva": 0.0, "n_trafos": 361, "origem": "fecho_trafos", "profundidade": 1, "recorte_ignorado": false, "geometria_vazia": false, "area_km2": 197.479, "lat_sub": -22.825362, "lon_sub": -44.204664, "classificacao": "Distribuição satélite", "area_mae": "LIGHT:18520470", "distribuidora": "LIGHT", "cod_sub": "18520992", "nome": "SESD LIDICE", "lat_rep": -22.863823, "lon_rep": -44.224811, "capacidade_mmgd_bdgd_kw": 392.4, "capacidade_homologada_localizada_kw": 392.4, "capacidade_lag_kw": 39.242, "pot_sem_homologacao_kw": 0.0, "n_unidades": 30.485, "n_sem_homologacao": 0.0, "capacidade_mmgd_kw": 431.642, "fonte": "Solar FV", "fator_correcao": null, "capacidade_mmgd_corrigida_kw": 431.642 }, "geometry": { "type": "Polygon", "coordinates": [ [ [ -44.373496009547416, -22.855887260790183 ], [ -44.3337, -22.8429 ], [ -44.325300000194453, -22.837800001432687 ], [ -44.3181, -22.8451 ], [ -44.317399998783173, -22.840000000601435 ], [ -44.308500018807507, -22.832800015216367 ], [ -44.296099999858257, -22.827800001004082 ], [ -44.285400000876649, -22.829300000909477 ], [ -44.2834, -22.8362 ], [ -44.2676, -22.829 ], [ -44.263767259209388, -22.815190850898805 ], [ -44.239987155820671, -22.822129563899708 ], [ -44.221871468771837, -22.826457893901868 ], [ -44.209294583187926, -22.806506939656821 ], [ -44.198198172025634, -22.804626967153929 ], [ -44.140985007353699, -22.818791273016497 ], [ -44.127463096401968, -22.825971325368812 ], [ -44.124967638872704, -22.8321903559352 ], [ -44.133581739230131, -22.847519892287714 ], [ -44.091129417989279, -22.857627244600568 ], [ -44.090587576780024, -22.857696755554603 ], [ -44.132064962232917, -22.921686573183095 ], [ -44.183904331347669, -22.912814701121814 ], [ -44.186605226865225, -22.91555666239876 ], [ -44.224655596300096, -22.911880466839413 ], [ -44.227623184581248, -22.905318480658963 ], [ -44.245200003467581, -22.902300984139043 ], [ -44.242905964748623, -22.884418459316105 ], [ -44.246283141033089, -22.877522390069011 ], [ -44.248287640942479, -22.873530602266605 ], [ -44.250177233103351, -22.872642331169583 ], [ -44.260801529296742, -22.869410152849259 ], [ -44.284391795374276, -22.871225495918814 ], [ -44.313807850342258, -22.884156940201734 ], [ -44.373496009547416, -22.855887260790183 ] ] ] } },
{ "type": "Feature", "properties": { "area_id": "LIGHT:469239770", "potencia_nominal_mva": 0.0, "n_trafos": 0, "origem": "semente", "profundidade": 1, "recorte_ignorado": false, "geometria_vazia": false, "area_km2": 0.0, "lat_sub": -22.671677, "lon_sub": -43.753846, "classificacao": "Transporte/manobra", "area_mae": null, "distribuidora": "LIGHT", "cod_sub": "469239770", "nome": "SETD PCH PARACAMBI", "lat_rep": -22.671677, "lon_rep": -43.753846, "capacidade_mmgd_bdgd_kw": 0.0, "capacidade_homologada_localizada_kw": 0.0, "capacidade_lag_kw": 0.0, "pot_sem_homologacao_kw": 0.0, "n_unidades": 0.0, "n_sem_homologacao": 0.0, "capacidade_mmgd_kw": 0.0, "fonte": null, "fator_correcao": null, "capacidade_mmgd_corrigida_kw": 0.0 }, "geometry": { "type": "Polygon", "coordinates": [ [ [ -43.753748588711822, -22.671685576143567 ], [ -43.753783166441167, -22.671746803961259 ], [ -43.753854269117291, -22.67176740823869 ], [ -43.753920245705963, -22.671735319250732 ], [ -43.753942447977757, -22.671669334313528 ], [ -43.753907870193537, -22.671608106527369 ], [ -43.753836767589071, -22.671587502276662 ], [ -43.753770791055274, -22.6716195912331 ], [ -43.753748588711822, -22.671685576143567 ] ] ] } },
{ "type": "Feature", "properties": { "area_id": "LIGHT:277466392", "potencia_nominal_mva": 0.0, "n_trafos": 0, "origem": "semente", "profundidade": 1, "recorte_ignorado": false, "geometria_vazia": false, "area_km2": 0.0, "lat_sub": -22.686761, "lon_sub": -43.822865, "classificacao": "Transporte/manobra", "area_mae": null, "distribuidora": "LIGHT", "cod_sub": "277466392", "nome": "SETD PEREIRA PASSOS", "lat_rep": -22.686761, "lon_rep": -43.822865, "capacidade_mmgd_bdgd_kw": 0.0, "capacidade_homologada_localizada_kw": 0.0, "capacidade_lag_kw": 0.0, "pot_sem_homologacao_kw": 0.0, "n_unidades": 0.0, "n_sem_homologacao": 0.0, "capacidade_mmgd_kw": 0.0, "fonte": null, "fator_correcao": null, "capacidade_mmgd_corrigida_kw": 0.0 }, "geometry": { "type": "Polygon", "coordinates": [ [ [ -43.82276846360579, -22.686769424780774 ], [ -43.822803076190873, -22.686830639069459 ], [ -43.822874198395361, -22.686851213434725 ], [ -43.822940167745415, -22.686819095673705 ], [ -43.822962340252019, -22.686753099957553 ], [ -43.822927727612274, -22.686691885700561 ], [ -43.822856605479693, -22.686671311361824 ], [ -43.822790636184301, -22.686703429091146 ], [ -43.82276846360579, -22.686769424780774 ] ] ] } },
{ "type": "Feature", "properties": { "area_id": "LIGHT:10385871", "potencia_nominal_mva": 120.0, "n_trafos": 1477, "origem": "fecho_trafos", "profundidade": 0, "recorte_ignorado": false, "geometria_vazia": false, "area_km2": 39.075, "lat_sub": -22.912061, "lon_sub": -43.373284, "classificacao": "Distribuição plena", "area_mae": null, "distribuidora": "LIGHT", "cod_sub": "10385871", "nome": "SETD TAQUARA", "lat_rep": -22.917044, "lon_rep": -43.392848, "capacidade_mmgd_bdgd_kw": 20041.24, "capacidade_homologada_localizada_kw": 14935.21, "capacidade_lag_kw": 2686.082, "pot_sem_homologacao_kw": 0.0, "n_unidades": 1974.792, "n_sem_homologacao": 0.0, "capacidade_mmgd_kw": 17621.292, "fonte": "Solar FV", "fator_correcao": null, "capacidade_mmgd_corrigida_kw": 17621.292 }, "geometry": { "type": "MultiPolygon", "coordinates": [ [ [ [ -43.351119963813765, -22.934418672662808 ], [ -43.34091570354385, -22.920789215281296 ], [ -43.340915379511891, -22.920789238773114 ], [ -43.351119963813765, -22.934418672662808 ] ] ], [ [ [ -43.399120549750812, -22.894306887981621 ], [ -43.395407445893511, -22.892833386059898 ], [ -43.39473385043425, -22.8913892357013 ], [ -43.393772849810702, -22.890916323192787 ], [ -43.393772827702684, -22.890916327804916 ], [ -43.355921087150541, -22.900571141545928 ], [ -43.382632533885385, -22.893759704171224 ], [ -43.370186400228704, -22.900259576930871 ], [ -43.353824150519024, -22.901526484566066 ], [ -43.348655803940261, -22.905704953794402 ], [ -43.348201167007304, -22.902663077571972 ], [ -43.346545097350365, -22.904657468876067 ], [ -43.344619378702014, -22.905922989113659 ], [ -43.344507781212499, -22.905942999038189 ], [ -43.340953158971978, -22.909878545131697 ], [ -43.341908360101826, -22.911159855721941 ], [ -43.336798612640727, -22.915290165678186 ], [ -43.336798624683517, -22.915290183565233 ], [ -43.34091570354385, -22.920789215281296 ], [ -43.348674859586069, -22.920226688405744 ], [ -43.361711715002969, -22.937693647956131 ], [ -43.362208140264777, -22.943185706144007 ], [ -43.365165535908929, -22.94391425138399 ], [ -43.395354380597666, -22.93068341584312 ], [ -43.405417853194358, -22.937989496497018 ], [ -43.405874321080738, -22.93845362240576 ], [ -43.442016634362147, -22.9318243488181 ], [ -43.44310714956967, -22.930874275240164 ], [ -43.450453044678433, -22.91879370140256 ], [ -43.402160931316018, -22.895043832977315 ], [ -43.399120549750812, -22.894306887981621 ] ], [ [ -43.421493054993398, -22.923952361582561 ], [ -43.421550198803935, -22.923996804961543 ], [ -43.421556678551319, -22.924065659486555 ], [ -43.421508698422997, -22.924118591112219 ], [ -43.421434364520039, -22.924124593180412 ], [ -43.421377220699114, -22.924080149759526 ], [ -43.421370741042736, -22.924011295232333 ], [ -43.421418721181446, -22.92395836364857 ], [ -43.421493054993398, -22.923952361582561 ] ] ] ] } },
{ "type": "Feature", "properties": { "area_id": "LIGHT:1026235949", "potencia_nominal_mva": 0.0, "n_trafos": 4, "origem": "fecho_trafos", "profundidade": 2, "recorte_ignorado": false, "geometria_vazia": false, "area_km2": 0.0, "lat_sub": -22.876164, "lon_sub": -43.512796, "classificacao": "Distribuição satélite", "area_mae": "LIGHT:18521136", "distribuidora": "LIGHT", "cod_sub": "1026235949", "nome": "SESD SERRA ALTA", "lat_rep": -22.876158, "lon_rep": -43.512846, "capacidade_mmgd_bdgd_kw": 0.0, "capacidade_homologada_localizada_kw": 0.0, "capacidade_lag_kw": 0.0, "pot_sem_homologacao_kw": 0.0, "n_unidades": 0.0, "n_sem_homologacao": 0.0, "capacidade_mmgd_kw": 0.0, "fonte": null, "fator_correcao": null, "capacidade_mmgd_corrigida_kw": 0.0 }, "geometry": { "type": "Polygon", "coordinates": [ [ [ -43.512867275855264, -22.876121047646716 ], [ -43.512825239458472, -22.876194339560179 ], [ -43.512788891384567, -22.876258204282063 ], [ -43.512867275855264, -22.876121047646716 ] ] ] } },
{ "type": "Feature", "properties": { "area_id": "LIGHT:553221784", "potencia_nominal_mva": 0.0, "n_trafos": 0, "origem": "semente", "profundidade": 1, "recorte_ignorado": false, "geometria_vazia": false, "area_km2": 0.0, "lat_sub": -22.077235, "lon_sub": -43.154976, "classificacao": "Transporte/manobra", "area_mae": null, "distribuidora": "LIGHT", "cod_sub": "553221784", "nome": "SETD USINA GERADORA SANTA FE", "lat_rep": -22.077235, "lon_rep": -43.154976, "capacidade_mmgd_bdgd_kw": 0.0, "capacidade_homologada_localizada_kw": 0.0, "capacidade_lag_kw": 0.0, "pot_sem_homologacao_kw": 0.0, "n_unidades": 0.0, "n_sem_homologacao": 0.0, "capacidade_mmgd_kw": 0.0, "fonte": null, "fator_correcao": null, "capacidade_mmgd_corrigida_kw": 0.0 }, "geometry": { "type": "Polygon", "coordinates": [ [ [ -43.154879907594569, -22.077243111420437 ], [ -43.15491408563053, -22.077304447715729 ], [ -43.154984786881734, -22.07732529388818 ], [ -43.155050595466108, -22.077293438512978 ], [ -43.155072961568472, -22.077227542057493 ], [ -43.15503878347711, -22.077166205791425 ], [ -43.154968082293507, -22.077145359646877 ], [ -43.154902273764542, -22.07717721499284 ], [ -43.154879907594569, -22.077243111420437 ] ] ] } },
{ "type": "Feature", "properties": { "area_id": "LIGHT:553290488", "potencia_nominal_mva": 0.0, "n_trafos": 0, "origem": "semente", "profundidade": 0, "recorte_ignorado": false, "geometria_vazia": false, "area_km2": 22.523, "lat_sub": -22.913459, "lon_sub": -43.764429, "classificacao": "Transporte/manobra", "area_mae": "LIGHT:18520911", "distribuidora": "LIGHT", "cod_sub": "553290488", "nome": "SETD USINA DE SANTA CRUZ", "lat_rep": -22.921684, "lon_rep": -43.764639, "capacidade_mmgd_bdgd_kw": 0.0, "capacidade_homologada_localizada_kw": 0.0, "capacidade_lag_kw": 0.0, "pot_sem_homologacao_kw": 0.0, "n_unidades": 0.0, "n_sem_homologacao": 0.0, "capacidade_mmgd_kw": 0.0, "fonte": null, "fator_correcao": null, "capacidade_mmgd_corrigida_kw": 0.0 }, "geometry": { "type": "Polygon", "coordinates": [ [ [ -43.798991826081654, -22.894747801375555 ], [ -43.763280311059752, -22.898085173114836 ], [ -43.761835638835421, -22.914109856847158 ], [ -43.743498162703702, -22.912694539226596 ], [ -43.727668662439591, -22.933275752260862 ], [ -43.743575578872132, -22.947935094492408 ], [ -43.7453, -22.9465 ], [ -43.775699999448626, -22.931799999207872 ], [ -43.7843, -22.9243 ], [ -43.789699999527663, -22.925799998779873 ], [ -43.796, -22.9171 ], [ -43.798099068739198, -22.919477005561181 ], [ -43.798991826081654, -22.894747801375555 ] ] ] } },
{ "type": "Feature", "properties": { "area_id": "LIGHT:497739010", "potencia_nominal_mva": 0.0, "n_trafos": 350, "origem": "fecho_trafos", "profundidade": 0, "recorte_ignorado": false, "geometria_vazia": false, "area_km2": 31.511, "lat_sub": -22.740399, "lon_sub": -43.609063, "classificacao": "Distribuição satélite", "area_mae": "LIGHT:18520893", "distribuidora": "LIGHT", "cod_sub": "497739010", "nome": "SESD VILA AMERICANA", "lat_rep": -22.749731, "lon_rep": -43.60398, "capacidade_mmgd_bdgd_kw": 111.6, "capacidade_homologada_localizada_kw": 111.6, "capacidade_lag_kw": 8.9, "pot_sem_homologacao_kw": 0.0, "n_unidades": 12.91, "n_sem_homologacao": 0.0, "capacidade_mmgd_kw": 120.5, "fonte": "Solar FV", "fator_correcao": null, "capacidade_mmgd_corrigida_kw": 120.5 }, "geometry": { "type": "Polygon", "coordinates": [ [ [ -43.636403761534552, -22.76326793882756 ], [ -43.628761108324134, -22.755510370741863 ], [ -43.631227393964409, -22.742857436461176 ], [ -43.623124511088143, -22.733382204980376 ], [ -43.626357171540057, -22.735783588817373 ], [ -43.591864568623329, -22.710141071679516 ], [ -43.588546875136032, -22.709940183002519 ], [ -43.586468969368561, -22.711429078037451 ], [ -43.586881068298979, -22.713350402645318 ], [ -43.580439406077751, -22.731885196923514 ], [ -43.578023830265799, -22.750205499075477 ], [ -43.593423987776177, -22.762116361674739 ], [ -43.595592875374351, -22.765629799098562 ], [ -43.594560911452234, -22.76641534363522 ], [ -43.574464742329916, -22.777187398303827 ], [ -43.573977607629807, -22.780879401026592 ], [ -43.614807058448498, -22.789207980263765 ], [ -43.621485406439099, -22.779710791489737 ], [ -43.625516690029443, -22.772149719223634 ], [ -43.625944404348033, -22.76995693473777 ], [ -43.636403761534552, -22.76326793882756 ] ], [ [ -43.6093202018196, -22.740240474524349 ], [ -43.615703749558001, -22.734121703868237 ], [ -43.619734247286566, -22.736121194480418 ], [ -43.621939552742816, -22.738245292789959 ], [ -43.622358682827901, -22.738917433057431 ], [ -43.622599358120759, -22.741658718936186 ], [ -43.620818996146539, -22.748324862694844 ], [ -43.616074641809789, -22.749133071661348 ], [ -43.613176031302132, -22.747799445972792 ], [ -43.612847975018767, -22.747371737826455 ], [ -43.6093202018196, -22.740240474524349 ] ] ] } },
{ "type": "Feature", "properties": { "area_id": "LIGHT:535612098", "potencia_nominal_mva": 120.0, "n_trafos": 0, "origem": "semente", "profundidade": 2, "recorte_ignorado": false, "geometria_vazia": false, "area_km2": 0.0, "lat_sub": -22.975911, "lon_sub": -43.39723, "classificacao": "Transformadora pura", "area_mae": "LIGHT:457474244", "distribuidora": "LIGHT", "cod_sub": "535612098", "nome": "SETD OLIMPICA", "lat_rep": -22.975911, "lon_rep": -43.39723, "capacidade_mmgd_bdgd_kw": 0.0, "capacidade_homologada_localizada_kw": 0.0, "capacidade_lag_kw": 0.0, "pot_sem_homologacao_kw": 0.0, "n_unidades": 0.0, "n_sem_homologacao": 0.0, "capacidade_mmgd_kw": 0.0, "fonte": null, "fator_correcao": null, "capacidade_mmgd_corrigida_kw": 0.0 }, "geometry": { "type": "Polygon", "coordinates": [ [ [ -43.397133664413118, -22.975928152160215 ], [ -43.397174469584613, -22.97598602615885 ], [ -43.397247520063104, -22.976000232857864 ], [ -43.397310023811528, -22.975962450150529 ], [ -43.397325366951918, -22.975894810659796 ], [ -43.397284561738402, -22.975836936697306 ], [ -43.397211511341609, -22.975822730019839 ], [ -43.397149007635214, -22.975860512691032 ], [ -43.397133664413118, -22.975928152160215 ] ] ] } },
{ "type": "Feature", "properties": { "area_id": "LIGHT:504644331", "potencia_nominal_mva": 0.0, "n_trafos": 0, "origem": "semente", "profundidade": 1, "recorte_ignorado": false, "geometria_vazia": false, "area_km2": 0.0, "lat_sub": -22.438333, "lon_sub": -43.1693, "classificacao": "Transporte/manobra", "area_mae": "LIGHT:18520929", "distribuidora": "LIGHT", "cod_sub": "504644331", "nome": "SETD RIO DA CIDADE", "lat_rep": -22.438338, "lon_rep": -43.169299, "capacidade_mmgd_bdgd_kw": 0.0, "capacidade_homologada_localizada_kw": 0.0, "capacidade_lag_kw": 0.0, "pot_sem_homologacao_kw": 0.0, "n_unidades": 0.0, "n_sem_homologacao": 0.0, "capacidade_mmgd_kw": 0.0, "fonte": null, "fator_correcao": null, "capacidade_mmgd_corrigida_kw": 0.0 }, "geometry": { "type": "Polygon", "coordinates": [ [ [ -43.169379552999409, -22.438282173174411 ], [ -43.169238989851095, -22.438262961570789 ], [ -43.169203167481719, -22.438323475707875 ], [ -43.169218304997678, -22.438382711239672 ], [ -43.169279623054187, -22.438421792406157 ], [ -43.169352708446972, -22.438409120425732 ], [ -43.169394748683665, -22.43835211837925 ], [ -43.169379552999409, -22.438282173174411 ] ] ] } },
{ "type": "Feature", "properties": { "area_id": "LIGHT:488045000", "potencia_nominal_mva": 0.0, "n_trafos": 0, "origem": "semente", "profundidade": 0, "recorte_ignorado": false, "geometria_vazia": false, "area_km2": 1.805, "lat_sub": -22.753071, "lon_sub": -43.539729, "classificacao": "Transporte/manobra", "area_mae": "LIGHT:18520821", "distribuidora": "LIGHT", "cod_sub": "488045000", "nome": "SEMT NOVA IGUACU", "lat_rep": -22.753909, "lon_rep": -43.543335, "capacidade_mmgd_bdgd_kw": 0.0, "capacidade_homologada_localizada_kw": 0.0, "capacidade_lag_kw": 0.0, "pot_sem_homologacao_kw": 0.0, "n_unidades": 0.0, "n_sem_homologacao": 0.0, "capacidade_mmgd_kw": 0.0, "fonte": null, "fator_correcao": null, "capacidade_mmgd_corrigida_kw": 0.0 }, "geometry": { "type": "Polygon", "coordinates": [ [ [ -43.554014446030614, -22.752197306963222 ], [ -43.54014124476172, -22.748476968830325 ], [ -43.532903855161287, -22.755747515871793 ], [ -43.531638619979596, -22.75561001742901 ], [ -43.53334037595009, -22.758684232028052 ], [ -43.532012132009562, -22.761791277401244 ], [ -43.546306240880426, -22.758593472770723 ], [ -43.554014446030614, -22.752197306963222 ] ] ] } },
{ "type": "Feature", "properties": { "area_id": "LIGHT:18520524", "potencia_nominal_mva": 0.0, "n_trafos": 169, "origem": "fecho_trafos", "profundidade": 0, "recorte_ignorado": false, "geometria_vazia": false, "area_km2": 68.537, "lat_sub": -22.426895, "lon_sub": -43.757433, "classificacao": "Distribuição satélite", "area_mae": "LIGHT:18520353", "distribuidora": "LIGHT", "cod_sub": "18520524", "nome": "SESD IPIRANGA", "lat_rep": -22.425516, "lon_rep": -43.756434, "capacidade_mmgd_bdgd_kw": 418.57, "capacidade_homologada_localizada_kw": 416.07, "capacidade_lag_kw": 89.181, "pot_sem_homologacao_kw": 0.0, "n_unidades": 33.788, "n_sem_homologacao": 0.0, "capacidade_mmgd_kw": 505.251, "fonte": "Solar FV", "fator_correcao": null, "capacidade_mmgd_corrigida_kw": 505.251 }, "geometry": { "type": "Polygon", "coordinates": [ [ [ -43.808931018518415, -22.410756882922609 ], [ -43.801248002156747, -22.399806281777007 ], [ -43.801861746561755, -22.396936494657474 ], [ -43.785362216216363, -22.391365498660278 ], [ -43.781462384995734, -22.389957073903012 ], [ -43.780719390547581, -22.389797490358809 ], [ -43.729211980540512, -22.37239089681783 ], [ -43.725951446706723, -22.374895733427714 ], [ -43.734482752116293, -22.379961574651734 ], [ -43.726818612378267, -22.387798565014641 ], [ -43.721077070688779, -22.389105942865324 ], [ -43.716364886559965, -22.406352432427834 ], [ -43.714015037416736, -22.423097705417376 ], [ -43.715573421447026, -22.427282369336705 ], [ -43.730191362576015, -22.443112098125937 ], [ -43.735384516489667, -22.447574915612883 ], [ -43.73779249528733, -22.459412083026677 ], [ -43.741993524716463, -22.468542417515025 ], [ -43.743451471692687, -22.471779131535921 ], [ -43.74339802045305, -22.472104785981116 ], [ -43.743656517125451, -22.472140289119768 ], [ -43.751429450004913, -22.467596378451965 ], [ -43.752672095358065, -22.467685081702616 ], [ -43.754558084937486, -22.472055372786453 ], [ -43.754762201431234, -22.473665803902744 ], [ -43.762807368208342, -22.474770410027734 ], [ -43.772484821719161, -22.461345711898694 ], [ -43.789254940163268, -22.454135904694635 ], [ -43.791736607202317, -22.448306955103455 ], [ -43.797149109663799, -22.438364839568465 ], [ -43.796364192009662, -22.428205511120069 ], [ -43.808931018518415, -22.410756882922609 ] ] ] } },
{ "type": "Feature", "properties": { "area_id": "LIGHT:18520488", "potencia_nominal_mva": 120.0, "n_trafos": 1371, "origem": "fecho_trafos", "profundidade": 0, "recorte_ignorado": false, "geometria_vazia": false, "area_km2": 47.043, "lat_sub": -22.888228, "lon_sub": -43.483348, "classificacao": "Distribuição plena", "area_mae": null, "distribuidora": "LIGHT", "cod_sub": "18520488", "nome": "SETD CAMARA", "lat_rep": -22.908495, "lon_rep": -43.480896, "capacidade_mmgd_bdgd_kw": 9395.28, "capacidade_homologada_localizada_kw": 9356.23, "capacidade_lag_kw": 1767.8, "pot_sem_homologacao_kw": 5.1, "n_unidades": 1225.72, "n_sem_homologacao": 1.0, "capacidade_mmgd_kw": 11124.03, "fonte": "Solar FV", "fator_correcao": null, "capacidade_mmgd_corrigida_kw": 11124.03 }, "geometry": { "type": "MultiPolygon", "coordinates": [ [ [ [ -43.5207786162593, -22.883443880538053 ], [ -43.518084546221928, -22.882477983632118 ], [ -43.514666554170205, -22.87353908643307 ], [ -43.513803546492753, -22.873560298958814 ], [ -43.511456126214874, -22.87234810650083 ], [ -43.511612570608392, -22.871696300014921 ], [ -43.510215025163291, -22.872301754199274 ], [ -43.508951902448729, -22.871680101923232 ], [ -43.509067452876593, -22.870080047876883 ], [ -43.509629621471362, -22.867818458373304 ], [ -43.509863233736887, -22.867097173914846 ], [ -43.503510267982847, -22.865275409503045 ], [ -43.494893303229915, -22.865004354975746 ], [ -43.488052332154417, -22.871251409996457 ], [ -43.477649628397515, -22.873519866011591 ], [ -43.468545339646788, -22.87510955135367 ], [ -43.451738192285632, -22.875139866191102 ], [ -43.446120723055721, -22.87494058384803 ], [ -43.446457571309637, -22.87529206576956 ], [ -43.450744002763024, -22.888667001590839 ], [ -43.450440967168461, -22.889480684872222 ], [ -43.447124138224368, -22.895075254293619 ], [ -43.446444567462386, -22.894938945789022 ], [ -43.45491822277701, -22.896646136657953 ], [ -43.457520073990025, -22.941663059033836 ], [ -43.460878881767243, -22.94521666289873 ], [ -43.470858247737873, -22.949225294494557 ], [ -43.498365368731029, -22.952110596401386 ], [ -43.504206222616013, -22.949688579523581 ], [ -43.504244453518027, -22.949611451205929 ], [ -43.491686409154902, -22.942546584849079 ], [ -43.499454888963513, -22.914197695163807 ], [ -43.503476149919386, -22.91059711657919 ], [ -43.508931840997477, -22.906872245763196 ], [ -43.520774329405441, -22.899195952052246 ], [ -43.521763156859357, -22.891427937232471 ], [ -43.534410362426044, -22.88341500748416 ], [ -43.523653772977219, -22.890230051857184 ], [ -43.52337390479385, -22.887141774754532 ], [ -43.529136331418322, -22.881793463320417 ], [ -43.523492955738419, -22.883658113240838 ], [ -43.522608834822229, -22.88383413859037 ], [ -43.5207786162593, -22.883443880538053 ] ] ], [ [ [ -43.529136331418322, -22.881793463320417 ], [ -43.529136926001215, -22.881793266861948 ], [ -43.536686671071557, -22.874785726731218 ], [ -43.529136331418322, -22.881793463320417 ] ] ], [ [ [ -43.536113165351495, -22.874621394136149 ], [ -43.536685131821834, -22.874785284687423 ], [ -43.536685131821841, -22.874785284687423 ], [ -43.536113165351495, -22.874621394136149 ] ] ], [ [ [ -43.519975334383489, -22.869996284941344 ], [ -43.528493820209754, -22.872437926180243 ], [ -43.536113165351495, -22.874621394136149 ], [ -43.519975334383489, -22.869996284941344 ] ] ] ] } },
{ "type": "Feature", "properties": { "area_id": "LIGHT:18520695", "potencia_nominal_mva": 0.0, "n_trafos": 191, "origem": "fecho_trafos", "profundidade": 1, "recorte_ignorado": false, "geometria_vazia": false, "area_km2": 5.441, "lat_sub": -22.866681, "lon_sub": -43.548977, "classificacao": "Distribuição satélite", "area_mae": "LIGHT:18521136", "distribuidora": "LIGHT", "cod_sub": "18520695", "nome": "SESD CAMPINA", "lat_rep": -22.872537, "lon_rep": -43.542676, "capacidade_mmgd_bdgd_kw": 1949.25, "capacidade_homologada_localizada_kw": 1948.58, "capacidade_lag_kw": 454.953, "pot_sem_homologacao_kw": 0.0, "n_unidades": 315.847, "n_sem_homologacao": 0.0, "capacidade_mmgd_kw": 2403.533, "fonte": "Solar FV", "fator_correcao": null, "capacidade_mmgd_corrigida_kw": 2403.533 }, "geometry": { "type": "MultiPolygon", "coordinates": [ [ [ [ -43.514666554940945, -22.873539085393219 ], [ -43.514666595660309, -22.873539084386938 ], [ -43.514026610603587, -22.871865334746801 ], [ -43.514666554940945, -22.873539085393219 ] ] ], [ [ [ -43.514934410994215, -22.870921009796742 ], [ -43.54456575592878, -22.863587324842577 ], [ -43.538435083923197, -22.86959065298111 ], [ -43.52559124953649, -22.873269108182736 ], [ -43.514666595660309, -22.873539084386938 ], [ -43.518084617051414, -22.882478218220182 ], [ -43.520778548291332, -22.883443866041549 ], [ -43.522608622789676, -22.883834180802751 ], [ -43.52349289558061, -22.883658133116288 ], [ -43.559369498703347, -22.871799735569308 ], [ -43.56303554365536, -22.867254293950459 ], [ -43.561332903090943, -22.863173032909113 ], [ -43.557288730990081, -22.861239356511021 ], [ -43.550613451049855, -22.862089748243246 ], [ -43.514934410994215, -22.870921009796742 ] ], [ [ -43.548782340709906, -22.86698084348356 ], [ -43.548847773960553, -22.867014025510613 ], [ -43.548868722649679, -22.867080364716067 ], [ -43.548832915263077, -22.867141000506127 ], [ -43.548761327250467, -22.867160413230796 ], [ -43.54869589395495, -22.86712723116624 ], [ -43.548674945345333, -22.867060891942351 ], [ -43.548710752776799, -22.867000256189808 ], [ -43.548782340709906, -22.86698084348356 ] ] ] ] } },
{ "type": "Feature", "properties": { "area_id": "LIGHT:18519985", "potencia_nominal_mva": 120.0, "n_trafos": 1321, "origem": "fecho_trafos", "profundidade": 0, "recorte_ignorado": false, "geometria_vazia": false, "area_km2": 14.138, "lat_sub": -22.791569, "lon_sub": -43.370341, "classificacao": "Distribuição plena", "area_mae": null, "distribuidora": "LIGHT", "cod_sub": "18519985", "nome": "SETD ROSALI", "lat_rep": -22.792065, "lon_rep": -43.369855, "capacidade_mmgd_bdgd_kw": 6115.05, "capacidade_homologada_localizada_kw": 6110.39, "capacidade_lag_kw": 793.46, "pot_sem_homologacao_kw": 0.0, "n_unidades": 655.471, "n_sem_homologacao": 0.0, "capacidade_mmgd_kw": 6903.85, "fonte": "Solar FV", "fator_correcao": null, "capacidade_mmgd_corrigida_kw": 6903.85 }, "geometry": { "type": "MultiPolygon", "coordinates": [ [ [ [ -43.351614230512268, -22.801590096905382 ], [ -43.358606384776806, -22.810955038644067 ], [ -43.359626352674013, -22.812125615105003 ], [ -43.365927888884265, -22.812123963985044 ], [ -43.366171428752359, -22.811867355938816 ], [ -43.392328521142922, -22.796098819726083 ], [ -43.383971569732125, -22.783941876616268 ], [ -43.387059377823384, -22.788434029897534 ], [ -43.372142140804954, -22.774422625248171 ], [ -43.362496398993493, -22.766658984789657 ], [ -43.362752123924651, -22.765731691676702 ], [ -43.362363165028, -22.765787701341306 ], [ -43.360746424735261, -22.765325176234434 ], [ -43.360584708969881, -22.765501341799581 ], [ -43.359873555620027, -22.765146311153273 ], [ -43.359931875826398, -22.765175427012593 ], [ -43.356395556711199, -22.769771440679538 ], [ -43.355331564699895, -22.770789605555819 ], [ -43.34385440653395, -22.779456694037705 ], [ -43.348154663922088, -22.779945752041694 ], [ -43.351494684702423, -22.801330971650195 ], [ -43.351614230512268, -22.801590096905382 ] ] ], [ [ [ -43.341269176925152, -22.779162682047673 ], [ -43.343854365519299, -22.77945672501032 ], [ -43.34385440653395, -22.779456694037705 ], [ -43.341269176925152, -22.779162682047673 ] ] ] ] } },
{ "type": "Feature", "properties": { "area_id": "LIGHT:18521163", "potencia_nominal_mva": 0.0, "n_trafos": 134, "origem": "fecho_trafos", "profundidade": 1, "recorte_ignorado": false, "geometria_vazia": false, "area_km2": 5.949, "lat_sub": -22.747208, "lon_sub": -43.513101, "classificacao": "Distribuição satélite", "area_mae": "LIGHT:18519976", "distribuidora": "LIGHT", "cod_sub": "18521163", "nome": "SESD AIMORES", "lat_rep": -22.742314, "lon_rep": -43.522131, "capacidade_mmgd_bdgd_kw": 543.31, "capacidade_homologada_localizada_kw": 543.31, "capacidade_lag_kw": 79.616, "pot_sem_homologacao_kw": 0.0, "n_unidades": 57.864, "n_sem_homologacao": 0.0, "capacidade_mmgd_kw": 622.926, "fonte": "Solar FV", "fator_correcao": null, "capacidade_mmgd_corrigida_kw": 622.926 }, "geometry": { "type": "Polygon", "coordinates": [ [ [ -43.540497033632349, -22.748119487094112 ], [ -43.53811666261069, -22.744349336513398 ], [ -43.532902144101698, -22.738770282044118 ], [ -43.523652845217931, -22.732450519587722 ], [ -43.521880899110464, -22.733058129972793 ], [ -43.50855519524962, -22.738965313244499 ], [ -43.507762692964064, -22.740292084346841 ], [ -43.508169434300562, -22.744992313336937 ], [ -43.510317162189402, -22.753286178688185 ], [ -43.532903583622087, -22.755747793094343 ], [ -43.540497033632349, -22.748119487094112 ] ] ] } },
{ "type": "Feature", "properties": { "area_id": "LIGHT:18520983", "potencia_nominal_mva": 0.0, "n_trafos": 613, "origem": "fecho_trafos", "profundidade": 0, "recorte_ignorado": false, "geometria_vazia": false, "area_km2": 259.943, "lat_sub": -22.411023, "lon_sub": -44.261447, "classificacao": "Distribuição satélite", "area_mae": "LIGHT:18520398", "distribuidora": "LIGHT", "cod_sub": "18520983", "nome": "SESD QUATIS", "lat_rep": -22.361832, "lon_rep": -44.226633, "capacidade_mmgd_bdgd_kw": 967.67, "capacidade_homologada_localizada_kw": 960.67, "capacidade_lag_kw": 89.02, "pot_sem_homologacao_kw": 0.0, "n_unidades": 113.192, "n_sem_homologacao": 0.0, "capacidade_mmgd_kw": 1049.69, "fonte": "Solar FV", "fator_correcao": null, "capacidade_mmgd_corrigida_kw": 1049.69 }, "geometry": { "type": "MultiPolygon", "coordinates": [ [ [ [ -44.220348964434422, -22.484812201693405 ], [ -44.220348046342039, -22.484811645299178 ], [ -44.212227802313407, -22.492580788456081 ], [ -44.220348964434422, -22.484812201693405 ] ] ], [ [ [ -44.25860022140607, -22.273345557442667 ], [ -44.259658683561085, -22.267809504881416 ], [ -44.250400000412505, -22.260500001660443 ], [ -44.2472, -22.2673 ], [ -44.2368, -22.2658 ], [ -44.2235, -22.2595 ], [ -44.22209997996999, -22.252699989234689 ], [ -44.214099999944963, -22.248400001137579 ], [ -44.2083, -22.2509 ], [ -44.1892, -22.2404 ], [ -44.188338282367518, -22.239353730844112 ], [ -44.185301007649137, -22.238027427086827 ], [ -44.174139321750637, -22.236814891595525 ], [ -44.16479501742706, -22.240960804761972 ], [ -44.162961685790421, -22.297301054088642 ], [ -44.157648962006647, -22.327328232899156 ], [ -44.143649932710794, -22.340429137475329 ], [ -44.186363504773205, -22.380628212352462 ], [ -44.175662906504648, -22.431953770799915 ], [ -44.200158897791617, -22.472576356208975 ], [ -44.220348046342039, -22.484811645299178 ], [ -44.249516119924891, -22.456904732837277 ], [ -44.254628884386861, -22.451318602007515 ], [ -44.25563007748412, -22.449764487087897 ], [ -44.258807035440121, -22.450377265546948 ], [ -44.259977460342924, -22.449445744218824 ], [ -44.26153405698431, -22.440598643180525 ], [ -44.264584220187281, -22.435862653358729 ], [ -44.271221457234446, -22.414717831790359 ], [ -44.283640496125557, -22.37383097455907 ], [ -44.284349024634771, -22.374042642634308 ], [ -44.283984929934149, -22.372696628959439 ], [ -44.290413044259495, -22.351522791416947 ], [ -44.290966095438478, -22.342012734372581 ], [ -44.290538402291936, -22.332480348473059 ], [ -44.289280724579463, -22.306493757558819 ], [ -44.285428820143402, -22.302194871734798 ], [ -44.25860022140607, -22.273345557442667 ] ] ] ] } },
{ "type": "Feature", "properties": { "area_id": "LIGHT:18520461", "potencia_nominal_mva": 120.0, "n_trafos": 1255, "origem": "fecho_trafos", "profundidade": 0, "recorte_ignorado": false, "geometria_vazia": false, "area_km2": 33.057, "lat_sub": -22.861441, "lon_sub": -43.473049, "classificacao": "Distribuição plena", "area_mae": null, "distribuidora": "LIGHT", "cod_sub": "18520461", "nome": "SETD ARI FRANCO", "lat_rep": -22.84761, "lon_rep": -43.470837, "capacidade_mmgd_bdgd_kw": 7567.59, "capacidade_homologada_localizada_kw": 7353.43, "capacidade_lag_kw": 1311.382, "pot_sem_homologacao_kw": 0.0, "n_unidades": 890.99, "n_sem_homologacao": 0.0, "capacidade_mmgd_kw": 8664.812, "fonte": "Solar FV", "fator_correcao": null, "capacidade_mmgd_corrigida_kw": 8664.812 }, "geometry": { "type": "Polygon", "coordinates": [ [ [ -43.518162698433784, -22.843748096219397 ], [ -43.512734528298679, -22.833031179228815 ], [ -43.473991589583243, -22.838696672723099 ], [ -43.465859250627666, -22.817345686630564 ], [ -43.427638806245291, -22.843603844782731 ], [ -43.426690728928129, -22.845149737593481 ], [ -43.434789242966318, -22.856264784948856 ], [ -43.424763671330588, -22.860962401003697 ], [ -43.434733624629445, -22.864565596461841 ], [ -43.437510836518399, -22.865959195394318 ], [ -43.446120721229796, -22.87494058169802 ], [ -43.451738182680792, -22.875139866201472 ], [ -43.468545406215377, -22.875109551061886 ], [ -43.477649596416917, -22.87351987251877 ], [ -43.488052349833417, -22.871251439658899 ], [ -43.497861007917614, -22.862293962601704 ], [ -43.493463612887901, -22.861128553216382 ], [ -43.487101538263232, -22.858257848982742 ], [ -43.484921685073076, -22.85712771328437 ], [ -43.484382029198862, -22.856462016801295 ], [ -43.484593709733289, -22.855337211077995 ], [ -43.493342823709689, -22.850014037825311 ], [ -43.493651024661162, -22.849856680243569 ], [ -43.504831481663899, -22.855927247297902 ], [ -43.518162698433784, -22.843748096219397 ] ] ] } },
{ "type": "Feature", "properties": { "area_id": "LIGHT:18520794", "potencia_nominal_mva": 60.0, "n_trafos": 649, "origem": "fecho_trafos", "profundidade": 0, "recorte_ignorado": false, "geometria_vazia": false, "area_km2": 19.042, "lat_sub": -22.736094, "lon_sub": -43.350002, "classificacao": "Distribuição plena", "area_mae": null, "distribuidora": "LIGHT", "cod_sub": "18520794", "nome": "SETD VILAR DOS TELES", "lat_rep": -22.737278, "lon_rep": -43.354851, "capacidade_mmgd_bdgd_kw": 998.68, "capacidade_homologada_localizada_kw": 992.84, "capacidade_lag_kw": 124.266, "pot_sem_homologacao_kw": 0.0, "n_unidades": 106.02, "n_sem_homologacao": 0.0, "capacidade_mmgd_kw": 1117.106, "fonte": "Solar FV", "fator_correcao": null, "capacidade_mmgd_corrigida_kw": 1117.106 }, "geometry": { "type": "MultiPolygon", "coordinates": [ [ [ [ -43.379807859184695, -22.715013148676046 ], [ -43.378657071225746, -22.712267643613345 ], [ -43.360026351866608, -22.71336047915419 ], [ -43.359625119193048, -22.706175115637027 ], [ -43.355280930556731, -22.714267481580546 ], [ -43.349705024930316, -22.716299821686899 ], [ -43.338827883875318, -22.724543130091181 ], [ -43.335802293068632, -22.728204285551403 ], [ -43.332585453356089, -22.745922868273677 ], [ -43.360879507814886, -22.763290277054136 ], [ -43.361588733196079, -22.764407298989521 ], [ -43.36074581192463, -22.765325000914888 ], [ -43.362363165124037, -22.765787700406211 ], [ -43.362753582462432, -22.765731481646938 ], [ -43.363131482223494, -22.764356195174781 ], [ -43.367683852747369, -22.757039165226356 ], [ -43.370002559437467, -22.75484140711675 ], [ -43.369080930804991, -22.75774902019522 ], [ -43.379584371716113, -22.724640102820178 ], [ -43.379807859184695, -22.715013148676046 ] ] ], [ [ [ -43.332090539151864, -22.748648397628152 ], [ -43.332090539151864, -22.748648397628159 ], [ -43.3325402840672, -22.746171624377034 ], [ -43.332090539151864, -22.748648397628152 ] ] ], [ [ [ -43.331093134413578, -22.754140779096534 ], [ -43.331093134413578, -22.754140779096542 ], [ -43.332058483108526, -22.748824928097545 ], [ -43.331093134413578, -22.754140779096534 ] ] ] ] } },
{ "type": "Feature", "properties": { "area_id": "LIGHT:310124393", "potencia_nominal_mva": 0.0, "n_trafos": 0, "origem": "semente", "profundidade": 1, "recorte_ignorado": false, "geometria_vazia": false, "area_km2": 0.0, "lat_sub": -22.862551, "lon_sub": -43.278968, "classificacao": "Transporte/manobra", "area_mae": "LIGHT:1123", "distribuidora": "LIGHT", "cod_sub": "310124393", "nome": "SETR PAC ALEMAO", "lat_rep": -22.862551, "lon_rep": -43.278968, "capacidade_mmgd_bdgd_kw": 0.0, "capacidade_homologada_localizada_kw": 0.0, "capacidade_lag_kw": 0.0, "pot_sem_homologacao_kw": 0.0, "n_unidades": 0.0, "n_sem_homologacao": 0.0, "capacidade_mmgd_kw": 0.0, "fonte": null, "fator_correcao": null, "capacidade_mmgd_corrigida_kw": 0.0 }, "geometry": { "type": "Polygon", "coordinates": [ [ [ -43.278871166087043, -22.862558706319756 ], [ -43.278905568156553, -22.862620026670321 ], [ -43.278976683244593, -22.862640843548746 ], [ -43.279042853046583, -22.862608962689901 ], [ -43.279065316149641, -22.862543059490221 ], [ -43.279030914022862, -22.862481739170448 ], [ -43.278959799005953, -22.862460922320444 ], [ -43.278893629261241, -22.862492803148495 ], [ -43.278871166087043, -22.862558706319756 ] ] ] } },
{ "type": "Feature", "properties": { "area_id": "LIGHT:18520911", "potencia_nominal_mva": 40.0, "n_trafos": 308, "origem": "fecho_trafos", "profundidade": 0, "recorte_ignorado": false, "geometria_vazia": false, "area_km2": 49.128, "lat_sub": -22.894619, "lon_sub": -43.735878, "classificacao": "Distribuição plena", "area_mae": null, "distribuidora": "LIGHT", "cod_sub": "18520911", "nome": "SETD ZONA INDUSTRIAL", "lat_rep": -22.895637, "lon_rep": -43.726926, "capacidade_mmgd_bdgd_kw": 1278.89, "capacidade_homologada_localizada_kw": 1278.89, "capacidade_lag_kw": 327.813, "pot_sem_homologacao_kw": 0.0, "n_unidades": 68.05, "n_sem_homologacao": 0.0, "capacidade_mmgd_kw": 1606.703, "fonte": "Solar FV", "fator_correcao": null, "capacidade_mmgd_corrigida_kw": 1606.703 }, "geometry": { "type": "Polygon", "coordinates": [ [ [ -43.764708311294889, -22.88223789995558 ], [ -43.761778337511075, -22.881610459338674 ], [ -43.757760574196475, -22.877352490120977 ], [ -43.739689144039197, -22.872584598743934 ], [ -43.739617360979437, -22.872453644320863 ], [ -43.739007858161379, -22.872404804946687 ], [ -43.71929876501305, -22.86720205407256 ], [ -43.713971326293887, -22.868973210142183 ], [ -43.708534520484868, -22.868129716163509 ], [ -43.691735079660376, -22.86101953666989 ], [ -43.686104713799573, -22.858433238626986 ], [ -43.674102700192272, -22.855260729215232 ], [ -43.655827498011043, -22.853623826328725 ], [ -43.640402883153406, -22.857267994083667 ], [ -43.64040289750541, -22.857268009810554 ], [ -43.659073754237582, -22.87578774050781 ], [ -43.659073771055439, -22.875787755749659 ], [ -43.659073794464433, -22.875787757907759 ], [ -43.663332335789526, -22.876001598416149 ], [ -43.659073720241537, -22.875787652707874 ], [ -43.653116078180965, -22.869877759740682 ], [ -43.65796627876469, -22.870726770644708 ], [ -43.660093810177315, -22.871369273559122 ], [ -43.663725828528889, -22.873121130329693 ], [ -43.666153951235124, -22.876017608521824 ], [ -43.666125809861818, -22.8761418091621 ], [ -43.676382162785409, -22.876656180316921 ], [ -43.680092373088449, -22.878641707412793 ], [ -43.698943267270884, -22.909245082414166 ], [ -43.696941847555614, -22.90909079155778 ], [ -43.709579531561651, -22.91007053835693 ], [ -43.716622933828837, -22.929445708235686 ], [ -43.727668660455613, -22.933275751049909 ], [ -43.743498103673694, -22.912694723275425 ], [ -43.761835828636457, -22.914110201703114 ], [ -43.764708311294889, -22.88223789995558 ] ], [ [ -43.71304779256063, -22.873914443697441 ], [ -43.713101024409092, -22.873866018813477 ], [ -43.713175617631379, -22.87386665627799 ], [ -43.713227876593926, -22.873915982676397 ], [ -43.71322718870087, -22.873985103302839 ], [ -43.713173956846234, -22.874033528228264 ], [ -43.713099363532862, -22.874032890758812 ], [ -43.713047104576496, -22.873983564318955 ], [ -43.71304779256063, -22.873914443697441 ] ] ] } },
{ "type": "Feature", "properties": { "area_id": "LIGHT:18520704", "potencia_nominal_mva": 0.0, "n_trafos": 172, "origem": "fecho_trafos", "profundidade": 0, "recorte_ignorado": false, "geometria_vazia": false, "area_km2": 7.818, "lat_sub": -22.995366, "lon_sub": -43.650556, "classificacao": "Distribuição satélite", "area_mae": "LIGHT:18519958", "distribuidora": "LIGHT", "cod_sub": "18520704", "nome": "SESD MAGARCA", "lat_rep": -23.000861, "lon_rep": -43.629806, "capacidade_mmgd_bdgd_kw": 1233.46, "capacidade_homologada_localizada_kw": 1230.96, "capacidade_lag_kw": 241.634, "pot_sem_homologacao_kw": 0.0, "n_unidades": 191.365, "n_sem_homologacao": 0.0, "capacidade_mmgd_kw": 1472.594, "fonte": "Solar FV", "fator_correcao": null, "capacidade_mmgd_corrigida_kw": 1472.594 }, "geometry": { "type": "Polygon", "coordinates": [ [ [ -43.661224788643295, -22.99061002508839 ], [ -43.651407368574979, -22.990961795175892 ], [ -43.634046993730209, -22.982651849485421 ], [ -43.633299946291892, -22.983358511313913 ], [ -43.636785527858756, -22.988344277413841 ], [ -43.636575303642395, -22.989059891676089 ], [ -43.62801504555604, -22.988357385788451 ], [ -43.627509350934318, -22.98883551970474 ], [ -43.627002954864871, -22.988504581822944 ], [ -43.623381185992557, -22.989488623989281 ], [ -43.621075267888529, -22.992814672402602 ], [ -43.620942636984267, -22.994152749443771 ], [ -43.622884812221173, -22.998411108294068 ], [ -43.615878458323856, -23.000027572456649 ], [ -43.615409169199637, -22.999975545223059 ], [ -43.615228524991061, -23.000609739921209 ], [ -43.616528250559007, -23.004693939733833 ], [ -43.61251583042727, -23.010132489271001 ], [ -43.609956738092279, -23.019114614087975 ], [ -43.614099999190607, -23.017599998765082 ], [ -43.6278, -23.0066 ], [ -43.638799999385398, -23.005999998874593 ], [ -43.6432, -23.0011 ], [ -43.654199999390919, -22.999999999051443 ], [ -43.661224788643295, -22.99061002508839 ] ] ] } },
{ "type": "Feature", "properties": { "area_id": "LIGHT:18520353", "potencia_nominal_mva": 72.0, "n_trafos": 0, "origem": "semente", "profundidade": 1, "recorte_ignorado": false, "geometria_vazia": false, "area_km2": 0.0, "lat_sub": -22.400278, "lon_sub": -43.664762, "classificacao": "Transformadora pura", "area_mae": "LIGHT:18520299", "distribuidora": "LIGHT", "cod_sub": "18520353", "nome": "SETD CENTENARIO", "lat_rep": -22.400278, "lon_rep": -43.664762, "capacidade_mmgd_bdgd_kw": 34900.0, "capacidade_homologada_localizada_kw": 34650.0, "capacidade_lag_kw": 10917.883, "pot_sem_homologacao_kw": 0.0, "n_unidades": 106.323, "n_sem_homologacao": 0.0, "capacidade_mmgd_kw": 45567.883, "fonte": "Solar FV", "fator_correcao": null, "capacidade_mmgd_corrigida_kw": 45567.883 }, "geometry": { "type": "Polygon", "coordinates": [ [ [ -43.664665059033489, -22.40028578057667 ], [ -43.664699535417846, -22.400347024524731 ], [ -43.66477048604397, -22.400367661690904 ], [ -43.664836348947425, -22.400335603084283 ], [ -43.664858542494351, -22.400269628223594 ], [ -43.664824066055559, -22.400208384306413 ], [ -43.664753115499735, -22.400187747166939 ], [ -43.664687252650701, -22.400219805742683 ], [ -43.664665059033489, -22.40028578057667 ] ] ] } },
{ "type": "Feature", "properties": { "area_id": "LIGHT:277466374", "potencia_nominal_mva": 0.0, "n_trafos": 0, "origem": "semente", "profundidade": 1, "recorte_ignorado": false, "geometria_vazia": false, "area_km2": 0.0, "lat_sub": -22.97284, "lon_sub": -43.227702, "classificacao": "Transporte/manobra", "area_mae": "LIGHT:55813421", "distribuidora": "LIGHT", "cod_sub": "277466374", "nome": "SEMT MAJOR VAZ", "lat_rep": -22.97284, "lon_rep": -43.227702, "capacidade_mmgd_bdgd_kw": 0.0, "capacidade_homologada_localizada_kw": 0.0, "capacidade_lag_kw": 0.0, "pot_sem_homologacao_kw": 0.0, "n_unidades": 0.0, "n_sem_homologacao": 0.0, "capacidade_mmgd_kw": 0.0, "fonte": null, "fator_correcao": null, "capacidade_mmgd_corrigida_kw": 0.0 }, "geometry": { "type": "Polygon", "coordinates": [ [ [ -43.227604384750997, -22.972847303690877 ], [ -43.227638787215149, -22.972908634638063 ], [ -43.227709949200978, -22.972929477297804 ], [ -43.227776184931592, -22.972897622302423 ], [ -43.227798694373647, -22.972831729897951 ], [ -43.227764291851699, -22.972770398981623 ], [ -43.227693129937322, -22.972749556350589 ], [ -43.227626894264503, -22.972781411315101 ], [ -43.227604384750997, -22.972847303690877 ] ] ] } },
{ "type": "Feature", "properties": { "area_id": "LIGHT:18521100", "potencia_nominal_mva": 0.0, "n_trafos": 162, "origem": "fecho_trafos", "profundidade": 1, "recorte_ignorado": false, "geometria_vazia": false, "area_km2": 18.61, "lat_sub": -22.766289, "lon_sub": -43.543168, "classificacao": "Distribuição satélite", "area_mae": "LIGHT:18520893", "distribuidora": "LIGHT", "cod_sub": "18521100", "nome": "SESD CABUCU", "lat_rep": -22.78222, "lon_rep": -43.529395, "capacidade_mmgd_bdgd_kw": 857.7, "capacidade_homologada_localizada_kw": 855.59, "capacidade_lag_kw": 135.031, "pot_sem_homologacao_kw": 0.0, "n_unidades": 85.457, "n_sem_homologacao": 0.0, "capacidade_mmgd_kw": 990.621, "fonte": "Solar FV", "fator_correcao": null, "capacidade_mmgd_corrigida_kw": 990.621 }, "geometry": { "type": "Polygon", "coordinates": [ [ [ -43.55283408836894, -22.771328010314424 ], [ -43.544473742112686, -22.766811447137535 ], [ -43.543246123273924, -22.766239470416924 ], [ -43.538804315766953, -22.76481835504724 ], [ -43.546306237881929, -22.758593475494397 ], [ -43.532012131013872, -22.76179127970828 ], [ -43.530900169735695, -22.764391745210492 ], [ -43.528081759866829, -22.764941800055755 ], [ -43.526842367571909, -22.766444590808042 ], [ -43.526571489419432, -22.768965905445476 ], [ -43.52708871010347, -22.773305659411747 ], [ -43.526031403888702, -22.775777621128938 ], [ -43.525095796978093, -22.776129419374616 ], [ -43.521120356320637, -22.776731526239644 ], [ -43.513728349599276, -22.775546709579675 ], [ -43.510189078998444, -22.774789987727811 ], [ -43.504463297586881, -22.804864556591845 ], [ -43.509174487131425, -22.807262655078269 ], [ -43.545153891392793, -22.811956822598205 ], [ -43.548851273895565, -22.808687577224259 ], [ -43.54823198585283, -22.808061047017542 ], [ -43.54363255605751, -22.793098460653706 ], [ -43.542764586116576, -22.78923404668225 ], [ -43.548311161333451, -22.787806267012854 ], [ -43.552242146655338, -22.775086933546767 ], [ -43.55283408836894, -22.771328010314424 ] ] ] } },
{ "type": "Feature", "properties": { "area_id": "LIGHT:1294", "potencia_nominal_mva": 60.0, "n_trafos": 745, "origem": "fecho_trafos", "profundidade": 0, "recorte_ignorado": false, "geometria_vazia": false, "area_km2": 7.722, "lat_sub": -22.856048, "lon_sub": -43.35176, "classificacao": "Distribuição plena", "area_mae": null, "distribuidora": "LIGHT", "cod_sub": "1294", "nome": "SETD TURIACU", "lat_rep": -22.848947, "lon_rep": -43.355209, "capacidade_mmgd_bdgd_kw": 3986.38, "capacidade_homologada_localizada_kw": 3984.51, "capacidade_lag_kw": 701.465, "pot_sem_homologacao_kw": 0.0, "n_unidades": 528.766, "n_sem_homologacao": 0.0, "capacidade_mmgd_kw": 4685.975, "fonte": "Solar FV", "fator_correcao": null, "capacidade_mmgd_corrigida_kw": 4685.975 }, "geometry": { "type": "Polygon", "coordinates": [ [ [ -43.374489883420949, -22.858355048798089 ], [ -43.37421996586378, -22.85615486618488 ], [ -43.355790010021025, -22.841314717032411 ], [ -43.352111542654406, -22.836608209939545 ], [ -43.350835720544993, -22.841888692332578 ], [ -43.33516676307454, -22.860619573050222 ], [ -43.346301167850882, -22.838485046754855 ], [ -43.334972162993687, -22.861004206800903 ], [ -43.335274916823906, -22.863794868424726 ], [ -43.346925271765897, -22.871408912490189 ], [ -43.366278067821632, -22.862628197302204 ], [ -43.370897231938507, -22.860447409956279 ], [ -43.372366609930545, -22.859740986664811 ], [ -43.374489883420949, -22.858355048798089 ] ] ] } },
{ "type": "Feature", "properties": { "area_id": "LIGHT:289218076", "potencia_nominal_mva": 0.0, "n_trafos": 0, "origem": "semente", "profundidade": 1, "recorte_ignorado": false, "geometria_vazia": false, "area_km2": 0.0, "lat_sub": -22.88223, "lon_sub": -43.279496, "classificacao": "Transporte/manobra", "area_mae": "LIGHT:1123", "distribuidora": "LIGHT", "cod_sub": "289218076", "nome": "SETR DEL CASTILHO", "lat_rep": -22.88223, "lon_rep": -43.279496, "capacidade_mmgd_bdgd_kw": 0.0, "capacidade_homologada_localizada_kw": 0.0, "capacidade_lag_kw": 0.0, "pot_sem_homologacao_kw": 0.0, "n_unidades": 0.0, "n_sem_homologacao": 0.0, "capacidade_mmgd_kw": 0.0, "fonte": null, "fator_correcao": null, "capacidade_mmgd_corrigida_kw": 0.0 }, "geometry": { "type": "Polygon", "coordinates": [ [ [ -43.279399046102235, -22.882237488038328 ], [ -43.279433452748265, -22.882298808447455 ], [ -43.279504577973938, -22.882319625671926 ], [ -43.279570757536121, -22.882287745243907 ], [ -43.279593224304506, -22.88222184230748 ], [ -43.279558817601163, -22.882160521929201 ], [ -43.279487692446708, -22.882139704733156 ], [ -43.279421512941852, -22.882171585130344 ], [ -43.279399046102235, -22.882237488038328 ] ] ] } },
{ "type": "Feature", "properties": { "area_id": "LIGHT:1276", "potencia_nominal_mva": 80.0, "n_trafos": 755, "origem": "fecho_trafos", "profundidade": 0, "recorte_ignorado": false, "geometria_vazia": false, "area_km2": 8.302, "lat_sub": -22.84119, "lon_sub": -43.30214, "classificacao": "Distribuição plena", "area_mae": null, "distribuidora": "LIGHT", "cod_sub": "1276", "nome": "SETD MATURACA", "lat_rep": -22.850478, "lon_rep": -43.304481, "capacidade_mmgd_bdgd_kw": 3529.85, "capacidade_homologada_localizada_kw": 3518.19, "capacidade_lag_kw": 619.37, "pot_sem_homologacao_kw": 0.0, "n_unidades": 465.24, "n_sem_homologacao": 0.0, "capacidade_mmgd_kw": 4137.56, "fonte": "Solar FV", "fator_correcao": null, "capacidade_mmgd_corrigida_kw": 4137.56 }, "geometry": { "type": "Polygon", "coordinates": [ [ [ -43.320080125812154, -22.839674787195257 ], [ -43.319739060977362, -22.839525336970905 ], [ -43.317438016463861, -22.838659340698545 ], [ -43.311686497790973, -22.838145078694275 ], [ -43.309374504105548, -22.836318153875393 ], [ -43.291445015636086, -22.834676788437225 ], [ -43.290118738263779, -22.835569768132924 ], [ -43.287702643333361, -22.838045005760929 ], [ -43.288031091050058, -22.83943404424776 ], [ -43.293160974483413, -22.848132205206355 ], [ -43.29300083140631, -22.84882850421647 ], [ -43.287702960585655, -22.851834715376008 ], [ -43.286949277841039, -22.851817180703506 ], [ -43.285958269543549, -22.852254824268339 ], [ -43.297329380590064, -22.86251538645088 ], [ -43.300731001828332, -22.863670183624656 ], [ -43.302173118010664, -22.864473320824541 ], [ -43.303751302583798, -22.863123615596088 ], [ -43.304632380383332, -22.864190426142081 ], [ -43.305297502082134, -22.864483046287692 ], [ -43.305894780313317, -22.864224686037439 ], [ -43.313909526040639, -22.860462074356896 ], [ -43.316863022826603, -22.860862602430814 ], [ -43.317085435913853, -22.858971078910809 ], [ -43.318258979376139, -22.858419877630386 ], [ -43.318712053474698, -22.85781774029974 ], [ -43.318539400188364, -22.846599106098765 ], [ -43.319139126127546, -22.841495422877607 ], [ -43.320080125812154, -22.839674787195257 ] ] ] } },
{ "type": "Feature", "properties": { "area_id": "LIGHT:18520227", "potencia_nominal_mva": 0.0, "n_trafos": 122, "origem": "fecho_trafos", "profundidade": 1, "recorte_ignorado": false, "geometria_vazia": false, "area_km2": 6.248, "lat_sub": -22.717007, "lon_sub": -43.526975, "classificacao": "Distribuição satélite", "area_mae": "LIGHT:18520767", "distribuidora": "LIGHT", "cod_sub": "18520227", "nome": "SESD AUSTIN", "lat_rep": -22.710976, "lon_rep": -43.51953, "capacidade_mmgd_bdgd_kw": 530.37, "capacidade_homologada_localizada_kw": 530.37, "capacidade_lag_kw": 84.103, "pot_sem_homologacao_kw": 0.0, "n_unidades": 54.118, "n_sem_homologacao": 0.0, "capacidade_mmgd_kw": 614.473, "fonte": "Solar FV", "fator_correcao": null, "capacidade_mmgd_corrigida_kw": 614.473 }, "geometry": { "type": "Polygon", "coordinates": [ [ [ -43.533881808757002, -22.71836213584082 ], [ -43.532527306198723, -22.713897054573 ], [ -43.531360439078782, -22.711935466193001 ], [ -43.524238689327426, -22.707868744513299 ], [ -43.507180359644352, -22.70094614187763 ], [ -43.507693295698516, -22.70389464730281 ], [ -43.510848501959764, -22.718400107134521 ], [ -43.50416467515236, -22.69778933870273 ], [ -43.495208704759548, -22.709899026805385 ], [ -43.494989525301094, -22.716468447136034 ], [ -43.50619402315332, -22.71831330713816 ], [ -43.510440600024445, -22.720871273154962 ], [ -43.512367553785737, -22.723084210525883 ], [ -43.511583519876794, -22.720663767058575 ], [ -43.513111157838459, -22.722387923939959 ], [ -43.514823479042228, -22.723406388183282 ], [ -43.516633931906057, -22.724353477490002 ], [ -43.533881808757002, -22.71836213584082 ] ] ] } },
{ "type": "Feature", "properties": { "area_id": "LIGHT:18520416", "potencia_nominal_mva": 0.0, "n_trafos": 153, "origem": "fecho_trafos", "profundidade": 0, "recorte_ignorado": false, "geometria_vazia": false, "area_km2": 118.362, "lat_sub": -22.421522, "lon_sub": -43.591878, "classificacao": "Distribuição satélite", "area_mae": "LIGHT:18520353", "distribuidora": "LIGHT", "cod_sub": "18520416", "nome": "SESD FERREIROS", "lat_rep": -22.407429, "lon_rep": -43.575556, "capacidade_mmgd_bdgd_kw": 229.44, "capacidade_homologada_localizada_kw": 229.44, "capacidade_lag_kw": 54.166, "pot_sem_homologacao_kw": 0.0, "n_unidades": 15.27, "n_sem_homologacao": 0.0, "capacidade_mmgd_kw": 283.606, "fonte": "Solar FV", "fator_correcao": null, "capacidade_mmgd_corrigida_kw": 283.606 }, "geometry": { "type": "MultiPolygon", "coordinates": [ [ [ [ -43.526997209946323, -22.436537525001686 ], [ -43.521286347528779, -22.430022823976344 ], [ -43.530071528604473, -22.428154393534353 ], [ -43.545475586599956, -22.450373073203938 ], [ -43.568646915705408, -22.445574618811229 ], [ -43.574602547296294, -22.446570510400445 ], [ -43.579386167396706, -22.443364280337001 ], [ -43.58706698733485, -22.444777548525465 ], [ -43.590573130149856, -22.449240053630675 ], [ -43.628656308684327, -22.455599069912985 ], [ -43.636497759956342, -22.449754856468175 ], [ -43.630348147739198, -22.432454537378529 ], [ -43.631360846970836, -22.425642758134625 ], [ -43.630174936036404, -22.421467346640441 ], [ -43.632155080357514, -22.420300248280174 ], [ -43.637332139748544, -22.385476490780867 ], [ -43.628163951011331, -22.356548799634389 ], [ -43.612672047370005, -22.357443953600235 ], [ -43.611093864245113, -22.360977766832548 ], [ -43.551601876441751, -22.372658628082764 ], [ -43.541852236706973, -22.361517063879905 ], [ -43.503224093763414, -22.363725502918662 ], [ -43.503164774021826, -22.363818682394669 ], [ -43.494576293201234, -22.365405105589478 ], [ -43.494710920175613, -22.36537525723897 ], [ -43.484851349144918, -22.367494071346627 ], [ -43.476936832772658, -22.379409747482768 ], [ -43.476936846060873, -22.379409764221712 ], [ -43.489957296311282, -22.394270606287908 ], [ -43.498938571751758, -22.387730290582645 ], [ -43.511648751145174, -22.383684680826804 ], [ -43.520045052360402, -22.419321120270073 ], [ -43.519892668501534, -22.421260666808635 ], [ -43.5170633007003, -22.425205930282008 ], [ -43.521285539532045, -22.430022519657363 ], [ -43.526997209946323, -22.436537525001686 ] ] ], [ [ [ -43.489955571191082, -22.394271862549427 ], [ -43.512861373245933, -22.420412088606245 ], [ -43.489957296311282, -22.394270606287908 ], [ -43.489955571191082, -22.394271862549427 ] ] ], [ [ [ -43.517063300700293, -22.425205930282001 ], [ -43.5170633007003, -22.425205930282008 ], [ -43.512861373245933, -22.420412088606245 ], [ -43.517063300700293, -22.425205930282001 ] ] ], [ [ [ -43.637812774692861, -22.386992687479196 ], [ -43.637812774692861, -22.386992687479189 ], [ -43.637684494846447, -22.386588022756673 ], [ -43.637812774692861, -22.386992687479196 ] ] ] ] } },
{ "type": "Feature", "properties": { "area_id": "LIGHT:18520443", "potencia_nominal_mva": 0.0, "n_trafos": 1004, "origem": "fecho_trafos", "profundidade": 0, "recorte_ignorado": false, "geometria_vazia": false, "area_km2": 172.313, "lat_sub": -22.421176, "lon_sub": -43.428084, "classificacao": "Distribuição satélite", "area_mae": "LIGHT:18520353", "distribuidora": "LIGHT", "cod_sub": "18520443", "nome": "SESD PATY DO ALFERES", "lat_rep": -22.446551, "lon_rep": -43.371094, "capacidade_mmgd_bdgd_kw": 4541.54, "capacidade_homologada_localizada_kw": 4523.94, "capacidade_lag_kw": 1593.508, "pot_sem_homologacao_kw": 0.0, "n_unidades": 347.082, "n_sem_homologacao": 0.0, "capacidade_mmgd_kw": 6117.448, "fonte": "Solar FV", "fator_correcao": null, "capacidade_mmgd_corrigida_kw": 6117.448 }, "geometry": { "type": "Polygon", "coordinates": [ [ [ -43.494515915000513, -22.365417169514803 ], [ -43.436267738125032, -22.376169481012276 ], [ -43.429010078233972, -22.377275643236509 ], [ -43.399341519409475, -22.373793256607485 ], [ -43.328927342491873, -22.387102476837466 ], [ -43.326170071161449, -22.387303540013491 ], [ -43.325539387438063, -22.387741997355846 ], [ -43.309033582406371, -22.390856569187836 ], [ -43.317153699411371, -22.39982875293552 ], [ -43.317061977332109, -22.400334355310811 ], [ -43.307749660382797, -22.483486977086429 ], [ -43.3117515949411, -22.485605793482186 ], [ -43.334474359765807, -22.483089868067182 ], [ -43.34044933918414, -22.494066648152639 ], [ -43.387906555718352, -22.529002048651453 ], [ -43.388507192673018, -22.529051387628787 ], [ -43.396969391593899, -22.520023603008042 ], [ -43.388680843146432, -22.516649690412141 ], [ -43.366164103271316, -22.497041741837112 ], [ -43.359709326177402, -22.48806225795169 ], [ -43.357247851691795, -22.480564874632616 ], [ -43.416035702596382, -22.474030797691395 ], [ -43.428287924464087, -22.467501834021402 ], [ -43.432524223147695, -22.462152896441076 ], [ -43.431268697867054, -22.461238509775519 ], [ -43.430194078422709, -22.449124761315776 ], [ -43.430273320074214, -22.445149581516244 ], [ -43.467866915788903, -22.41308997091901 ], [ -43.467679836348545, -22.410487030271824 ], [ -43.489716644013619, -22.394445397867297 ], [ -43.48994017105435, -22.394254617867769 ], [ -43.476937064185293, -22.379409520195441 ], [ -43.48485132061154, -22.367494187195554 ], [ -43.494515915000513, -22.365417169514803 ] ] ] } },
{ "type": "Feature", "properties": { "area_id": "LIGHT:18521118", "potencia_nominal_mva": 0.0, "n_trafos": 282, "origem": "fecho_trafos", "profundidade": 1, "recorte_ignorado": false, "geometria_vazia": false, "area_km2": 40.907, "lat_sub": -22.466723, "lon_sub": -44.101117, "classificacao": "Distribuição satélite", "area_mae": "LIGHT:18520470", "distribuidora": "LIGHT", "cod_sub": "18521118", "nome": "SESD SANTA RITA", "lat_rep": -22.453967, "lon_rep": -44.112505, "capacidade_mmgd_bdgd_kw": 498.97, "capacidade_homologada_localizada_kw": 478.97, "capacidade_lag_kw": 98.398, "pot_sem_homologacao_kw": 20.0, "n_unidades": 60.188, "n_sem_homologacao": 1.0, "capacidade_mmgd_kw": 577.368, "fonte": "Solar FV", "fator_correcao": null, "capacidade_mmgd_corrigida_kw": 577.368 }, "geometry": { "type": "MultiPolygon", "coordinates": [ [ [ [ -44.181671775225652, -22.441920966711354 ], [ -44.176221098328355, -22.432879739844061 ], [ -44.159925481718886, -22.452615456462368 ], [ -44.155786888962851, -22.455804877038357 ], [ -44.144171512610065, -22.451545009042704 ], [ -44.144794686583111, -22.435020605311838 ], [ -44.141230124476195, -22.426473768005508 ], [ -44.140808446030213, -22.426054963004994 ], [ -44.09559145853175, -22.424478967100864 ], [ -44.091955076436307, -22.432382846158475 ], [ -44.069149000978101, -22.424006678728915 ], [ -44.0747710573674, -22.461034110966111 ], [ -44.075353459913316, -22.46184651692635 ], [ -44.074953113469846, -22.462232851101653 ], [ -44.075161837015493, -22.463607169195296 ], [ -44.079645579402921, -22.463912710504918 ], [ -44.083011601929748, -22.46417069433474 ], [ -44.094691706183035, -22.485292546176169 ], [ -44.118388089369901, -22.477398513582269 ], [ -44.123062704880148, -22.474424895225784 ], [ -44.125191304347503, -22.472464538564836 ], [ -44.129790805754141, -22.467744628428356 ], [ -44.135053737872752, -22.468145706556058 ], [ -44.150372250975636, -22.459530988408662 ], [ -44.150427472749975, -22.459363197337559 ], [ -44.150879691832927, -22.459245573359937 ], [ -44.181671775225652, -22.441920966711354 ] ] ], [ [ [ -44.121755613838822, -22.407128792862473 ], [ -44.121755613838793, -22.407128792862455 ], [ -44.133391667906537, -22.418688352315176 ], [ -44.121755613838822, -22.407128792862473 ] ] ] ] } },
{ "type": "Feature", "properties": { "area_id": "LIGHT:10386033", "potencia_nominal_mva": 80.0, "n_trafos": 617, "origem": "fecho_trafos", "profundidade": 1, "recorte_ignorado": false, "geometria_vazia": false, "area_km2": 9.357, "lat_sub": -22.931291, "lon_sub": -43.255271, "classificacao": "Distribuição plena", "area_mae": null, "distribuidora": "LIGHT", "cod_sub": "10386033", "nome": "SETD LEOPOLDO", "lat_rep": -22.935362, "lon_rep": -43.270431, "capacidade_mmgd_bdgd_kw": 3055.72, "capacidade_homologada_localizada_kw": 3074.33, "capacidade_lag_kw": 541.229, "pot_sem_homologacao_kw": 3.68, "n_unidades": 446.028, "n_sem_homologacao": 1.0, "capacidade_mmgd_kw": 3615.559, "fonte": "Solar FV", "fator_correcao": null, "capacidade_mmgd_corrigida_kw": 3615.559 }, "geometry": { "type": "MultiPolygon", "coordinates": [ [ [ [ -43.292001087063333, -22.948312605134809 ], [ -43.269344202330636, -22.919870208440997 ], [ -43.269367680291687, -22.919698421831868 ], [ -43.269317565045426, -22.91944832066002 ], [ -43.267288279437452, -22.916330197919976 ], [ -43.265985003159791, -22.915651992031684 ], [ -43.262094509102809, -22.910763707636789 ], [ -43.258210619448391, -22.910431832132744 ], [ -43.259277737174955, -22.911523770632197 ], [ -43.246071783811935, -22.924998862303848 ], [ -43.246467730877839, -22.926265395019374 ], [ -43.249060316046538, -22.929330433218283 ], [ -43.256546378813425, -22.934058016562297 ], [ -43.257600135069858, -22.934636083184486 ], [ -43.260976752318975, -22.936007732211802 ], [ -43.261609218349378, -22.935850296621702 ], [ -43.290591232059008, -22.960844966704489 ], [ -43.292001087063333, -22.948312605134809 ] ], [ [ -43.25686553418322, -22.930508408312967 ], [ -43.256913492333453, -22.930455571234766 ], [ -43.256987916608495, -22.930449606044181 ], [ -43.257045005195756, -22.930494105679763 ], [ -43.257051401312651, -22.930562961876024 ], [ -43.257003358217489, -22.9306158397846 ], [ -43.256929018805835, -22.930621764188388 ], [ -43.256871930207794, -22.930577264601087 ], [ -43.25686553418322, -22.930508408312967 ] ], [ [ -43.264364081929166, -22.927658191097429 ], [ -43.264406294085681, -22.927601203796907 ], [ -43.264479646518275, -22.927588555330491 ], [ -43.264541170357717, -22.927627654828981 ], [ -43.26455482588711, -22.927695598374317 ], [ -43.264512613757852, -22.927752585715723 ], [ -43.264439354794298, -22.927765252553623 ], [ -43.26437778955961, -22.927726208913036 ], [ -43.264364081929166, -22.927658191097429 ] ] ], [ [ [ -43.244681434712739, -22.920551304572701 ], [ -43.244681434616432, -22.920551304481332 ], [ -43.244681434710415, -22.920551304753289 ], [ -43.244681434712739, -22.920551304572701 ] ] ] ] } },
{ "type": "Feature", "properties": { "area_id": "LIGHT:18520929", "potencia_nominal_mva": 40.0, "n_trafos": 1006, "origem": "fecho_trafos", "profundidade": 0, "recorte_ignorado": false, "geometria_vazia": false, "area_km2": 142.604, "lat_sub": -22.590018, "lon_sub": -43.284094, "classificacao": "Distribuição plena", "area_mae": null, "distribuidora": "LIGHT", "cod_sub": "18520929", "nome": "SETD INMETRO", "lat_rep": -22.566041, "lon_rep": -43.308568, "capacidade_mmgd_bdgd_kw": 4300.53, "capacidade_homologada_localizada_kw": 4289.26, "capacidade_lag_kw": 806.244, "pot_sem_homologacao_kw": 8.0, "n_unidades": 522.315, "n_sem_homologacao": 1.0, "capacidade_mmgd_kw": 5095.504, "fonte": "Solar FV", "fator_correcao": null, "capacidade_mmgd_corrigida_kw": 5095.504 }, "geometry": { "type": "MultiPolygon", "coordinates": [ [ [ [ -43.387906556186486, -22.529002048946953 ], [ -43.340449338022964, -22.494066650375281 ], [ -43.284374474861643, -22.532781306357286 ], [ -43.265090484188306, -22.522454521658627 ], [ -43.258067909215349, -22.550928746274451 ], [ -43.251912190607591, -22.555174111121751 ], [ -43.25390419564939, -22.562539246621384 ], [ -43.254263018498484, -22.566350458015432 ], [ -43.2519919146036, -22.575553420388456 ], [ -43.251600329482827, -22.575520315942121 ], [ -43.241358513795021, -22.570746048317705 ], [ -43.234468255452519, -22.56720115259596 ], [ -43.230966946964905, -22.569614694120236 ], [ -43.246775861895046, -22.604365699968231 ], [ -43.265986667127223, -22.615733779153192 ], [ -43.270018827577623, -22.618596854227558 ], [ -43.270676889249991, -22.618508623991826 ], [ -43.275268189624761, -22.621224710893362 ], [ -43.283036906064723, -22.62598658945895 ], [ -43.284713660471844, -22.627655008164972 ], [ -43.286151498976913, -22.630049903689439 ], [ -43.29275714550689, -22.63473845884814 ], [ -43.300368970416329, -22.63776417607728 ], [ -43.313172240022567, -22.626652657306554 ], [ -43.318951399463195, -22.621768681089833 ], [ -43.344263691264828, -22.618629153088897 ], [ -43.362366160073258, -22.581473617870611 ], [ -43.358590381778363, -22.572491611260283 ], [ -43.358126972405145, -22.572242916332254 ], [ -43.363603667616182, -22.565851587261722 ], [ -43.369204010034053, -22.56742750711112 ], [ -43.387906556186486, -22.529002048946953 ] ] ], [ [ [ -43.369204010809781, -22.56742750729962 ], [ -43.369204010713609, -22.567427507208322 ], [ -43.369204010519148, -22.567427507206354 ], [ -43.369204010809781, -22.56742750729962 ] ] ] ] } },
{ "type": "Feature", "properties": { "area_id": "LIGHT:457701774", "potencia_nominal_mva": 0.0, "n_trafos": 226, "origem": "fecho_trafos", "profundidade": 0, "recorte_ignorado": false, "geometria_vazia": false, "area_km2": 16.928, "lat_sub": -22.690002, "lon_sub": -43.622014, "classificacao": "Distribuição satélite", "area_mae": "LIGHT:18520893", "distribuidora": "LIGHT", "cod_sub": "457701774", "nome": "SESD CARAMUJOS", "lat_rep": -22.681216, "lon_rep": -43.63329, "capacidade_mmgd_bdgd_kw": 326.27, "capacidade_homologada_localizada_kw": 326.27, "capacidade_lag_kw": 539.501, "pot_sem_homologacao_kw": 0.0, "n_unidades": 33.716, "n_sem_homologacao": 0.0, "capacidade_mmgd_kw": 865.771, "fonte": "Solar FV", "fator_correcao": null, "capacidade_mmgd_corrigida_kw": 865.771 }, "geometry": { "type": "Polygon", "coordinates": [ [ [ -43.658257783935753, -22.690740147858076 ], [ -43.653453579194981, -22.68387390708801 ], [ -43.643216092371553, -22.668552933312672 ], [ -43.634496008317633, -22.662404240637954 ], [ -43.627187799836705, -22.664490106380558 ], [ -43.62659385948453, -22.665230363981717 ], [ -43.598165410551864, -22.673610389162814 ], [ -43.606323420904261, -22.674027967551059 ], [ -43.608872070429648, -22.67502896621674 ], [ -43.613910309428547, -22.678233681791664 ], [ -43.614788024229931, -22.679524305363586 ], [ -43.614805385188021, -22.682590782232793 ], [ -43.604094506027891, -22.686945464830792 ], [ -43.594904871204143, -22.68679496985629 ], [ -43.586267628121611, -22.677115738380007 ], [ -43.583969853102587, -22.677792588953292 ], [ -43.584616553897966, -22.678512738835 ], [ -43.587383071709588, -22.691032810249997 ], [ -43.585518546614949, -22.692373003021224 ], [ -43.585396753266672, -22.692424407041706 ], [ -43.58625944162452, -22.693415087145404 ], [ -43.588039645145308, -22.694004227052222 ], [ -43.588700190349179, -22.696992772581147 ], [ -43.592281841879199, -22.695219831275512 ], [ -43.624438794039293, -22.700647736948621 ], [ -43.64307240654874, -22.691498057167969 ], [ -43.643401977441599, -22.691139942897976 ], [ -43.658257783935753, -22.690740147858076 ] ] ] } },
{ "type": "Feature", "properties": { "area_id": "LIGHT:277466356", "potencia_nominal_mva": 0.0, "n_trafos": 0, "origem": "semente", "profundidade": 1, "recorte_ignorado": false, "geometria_vazia": false, "area_km2": 0.0, "lat_sub": -22.719572, "lon_sub": -43.645557, "classificacao": "Transporte/manobra", "area_mae": "LIGHT:18521154", "distribuidora": "LIGHT", "cod_sub": "277466356", "nome": "SETD ELETROBOLT", "lat_rep": -22.719572, "lon_rep": -43.645557, "capacidade_mmgd_bdgd_kw": 0.0, "capacidade_homologada_localizada_kw": 0.0, "capacidade_lag_kw": 0.0, "pot_sem_homologacao_kw": 0.0, "n_unidades": 0.0, "n_sem_homologacao": 0.0, "capacidade_mmgd_kw": 0.0, "fonte": null, "fator_correcao": null, "capacidade_mmgd_corrigida_kw": 0.0 }, "geometry": { "type": "Polygon", "coordinates": [ [ [ -43.645460062213616, -22.71957971859225 ], [ -43.645494601386211, -22.719640967758991 ], [ -43.645565709569865, -22.719661620446487 ], [ -43.645631732504178, -22.719629578571343 ], [ -43.645653994810672, -22.719563611851576 ], [ -43.645619455582633, -22.719502362716192 ], [ -43.645548347470545, -22.71948171005582 ], [ -43.645482324591669, -22.719513751899594 ], [ -43.645460062213616, -22.71957971859225 ] ] ] } },
{ "type": "Feature", "properties": { "area_id": "LIGHT:10386042", "potencia_nominal_mva": 120.0, "n_trafos": 1212, "origem": "fecho_trafos", "profundidade": 0, "recorte_ignorado": false, "geometria_vazia": false, "area_km2": 32.564, "lat_sub": -22.9583, "lon_sub": -43.396909, "classificacao": "Distribuição plena", "area_mae": null, "distribuidora": "LIGHT", "cod_sub": "10386042", "nome": "SETD CURICICA", "lat_rep": -22.954567, "lon_rep": -43.402946, "capacidade_mmgd_bdgd_kw": 8137.39, "capacidade_homologada_localizada_kw": 8057.39, "capacidade_lag_kw": 1418.534, "pot_sem_homologacao_kw": 0.0, "n_unidades": 820.763, "n_sem_homologacao": 0.0, "capacidade_mmgd_kw": 9475.924, "fonte": "Solar FV", "fator_correcao": null, "capacidade_mmgd_corrigida_kw": 9475.924 }, "geometry": { "type": "MultiPolygon", "coordinates": [ [ [ [ -43.457520072282165, -22.941663060280334 ], [ -43.434480530528958, -22.933207375162873 ], [ -43.405874462433417, -22.938453521031011 ], [ -43.405417901460901, -22.937989531536896 ], [ -43.395354644067766, -22.930683256378479 ], [ -43.365165768357677, -22.943914145758512 ], [ -43.362207475568091, -22.943185543399533 ], [ -43.362460980807597, -22.945984714913507 ], [ -43.357750621050094, -22.953377173585071 ], [ -43.357325498194953, -22.953024762107706 ], [ -43.380546166445477, -22.972336078924531 ], [ -43.359523224770633, -22.954851641214468 ], [ -43.392869795238028, -22.969286902252289 ], [ -43.402313301231551, -22.978947425624423 ], [ -43.398695238657993, -22.978612894817783 ], [ -43.408367925688843, -22.97950940731814 ], [ -43.417585458347972, -22.976176799019274 ], [ -43.417716376299794, -22.976230382424145 ], [ -43.417999498131174, -22.976027085667763 ], [ -43.436319560059459, -22.969401256564261 ], [ -43.43255318781118, -22.965572714247362 ], [ -43.460878879632347, -22.945216663471694 ], [ -43.457520072282165, -22.941663060280334 ] ], [ [ -43.397482276599966, -22.95833140964751 ], [ -43.397535648986846, -22.958283098631846 ], [ -43.397610277923818, -22.958283886675218 ], [ -43.397662446856422, -22.958333312156839 ], [ -43.397661595926024, -22.95840242232935 ], [ -43.397608223531464, -22.958450733386613 ], [ -43.397533594503031, -22.958449945337108 ], [ -43.397481425578121, -22.958400519813893 ], [ -43.397482276599966, -22.95833140964751 ] ] ], [ [ [ -43.362207475568091, -22.943185543399533 ], [ -43.362207475568013, -22.943185543399508 ], [ -43.362170311827711, -22.943176387830707 ], [ -43.362207475568091, -22.943185543399533 ] ] ], [ [ [ -43.360565107910098, -22.942780924342365 ], [ -43.360565084589375, -22.942780919718356 ], [ -43.362170311827711, -22.943176387830707 ], [ -43.360565107910098, -22.942780924342365 ] ] ] ] } },
{ "type": "Feature", "properties": { "area_id": "LIGHT:18520497", "potencia_nominal_mva": 0.0, "n_trafos": 140, "origem": "fecho_trafos", "profundidade": 1, "recorte_ignorado": false, "geometria_vazia": false, "area_km2": 16.432, "lat_sub": -22.85585, "lon_sub": -43.490134, "classificacao": "Distribuição satélite", "area_mae": "LIGHT:18521136", "distribuidora": "LIGHT", "cod_sub": "18520497", "nome": "SESD KENEDY", "lat_rep": -22.825435, "lon_rep": -43.489157, "capacidade_mmgd_bdgd_kw": 230.05, "capacidade_homologada_localizada_kw": 280.05, "capacidade_lag_kw": 49.302, "pot_sem_homologacao_kw": 0.0, "n_unidades": 16.92, "n_sem_homologacao": 0.0, "capacidade_mmgd_kw": 329.352, "fonte": "Solar FV", "fator_correcao": null, "capacidade_mmgd_corrigida_kw": 329.352 }, "geometry": { "type": "MultiPolygon", "coordinates": [ [ [ [ -43.513136686683957, -22.860435934592275 ], [ -43.513135812709031, -22.860435435209151 ], [ -43.513136133691965, -22.860436711666367 ], [ -43.513136686683957, -22.860435934592275 ] ] ], [ [ [ -43.493650980792353, -22.849856544063435 ], [ -43.493342839404981, -22.850014028275083 ], [ -43.484593438371654, -22.85533737191324 ], [ -43.484381963875364, -22.85646212603244 ], [ -43.484921527558953, -22.85712763162001 ], [ -43.487101525791232, -22.858257843354743 ], [ -43.49346361188848, -22.861128555634277 ], [ -43.49785981866313, -22.862293759752081 ], [ -43.494893280943003, -22.865004353317012 ], [ -43.503510223954763, -22.865275410798592 ], [ -43.50986323435923, -22.86709717191987 ], [ -43.510056848329455, -22.866499384744664 ], [ -43.510031578541451, -22.864799180321128 ], [ -43.511092121730329, -22.863308907589555 ], [ -43.512188542733853, -22.859921225191382 ], [ -43.50994075064159, -22.858700676936198 ], [ -43.509831413974808, -22.851359817241363 ], [ -43.504831205989788, -22.855927015266968 ], [ -43.493650980792353, -22.849856544063435 ] ] ], [ [ [ -43.473991392856433, -22.838696907354993 ], [ -43.509565329474142, -22.833494830386098 ], [ -43.509174485732061, -22.807262656567172 ], [ -43.504463296145907, -22.804864558164748 ], [ -43.476360129233228, -22.806756630316173 ], [ -43.465859252483533, -22.817345685228727 ], [ -43.473991392856433, -22.838696907354993 ] ] ] ] } },
{ "type": "Feature", "properties": { "area_id": "LIGHT:10385880", "potencia_nominal_mva": 120.0, "n_trafos": 620, "origem": "fecho_trafos", "profundidade": 0, "recorte_ignorado": false, "geometria_vazia": false, "area_km2": 11.896, "lat_sub": -22.963155, "lon_sub": -43.21834, "classificacao": "Distribuição plena", "area_mae": null, "distribuidora": "LIGHT", "cod_sub": "10385880", "nome": "SETD JARDIM BOTANICO", "lat_rep": -22.962132, "lon_rep": -43.223407, "capacidade_mmgd_bdgd_kw": 3965.39, "capacidade_homologada_localizada_kw": 3875.62, "capacidade_lag_kw": 682.295, "pot_sem_homologacao_kw": 20.0, "n_unidades": 497.242, "n_sem_homologacao": 1.0, "capacidade_mmgd_kw": 4557.915, "fonte": "Solar FV", "fator_correcao": null, "capacidade_mmgd_corrigida_kw": 4557.915 }, "geometry": { "type": "MultiPolygon", "coordinates": [ [ [ [ -43.248353344948015, -22.96420250843428 ], [ -43.225467261743724, -22.944907890088615 ], [ -43.222630597892575, -22.944700594226383 ], [ -43.231674244371426, -22.950729196995159 ], [ -43.210804910014971, -22.951570145071589 ], [ -43.209478184060956, -22.951158174938016 ], [ -43.208071145472644, -22.956841636248001 ], [ -43.202965305668357, -22.955788226424264 ], [ -43.20296528336857, -22.955788228602167 ], [ -43.201051026164386, -22.956058694107742 ], [ -43.201802827145698, -22.955953110178193 ], [ -43.203029691886478, -22.960108619701654 ], [ -43.197265818496703, -22.964325841962349 ], [ -43.197183527881819, -22.964537897781501 ], [ -43.197471846583639, -22.965201079676085 ], [ -43.20701672727693, -22.973211303465778 ], [ -43.213356828638886, -22.972964404727925 ], [ -43.231061329452437, -22.981102379012189 ], [ -43.232766232515232, -22.982669548171845 ], [ -43.232974480671416, -22.982934263221036 ], [ -43.246339711009973, -22.978586160489606 ], [ -43.247144090640617, -22.981521333938502 ], [ -43.245879554169818, -22.97690183708939 ], [ -43.241869012735954, -22.97081717700609 ], [ -43.248353344948015, -22.96420250843428 ] ], [ [ -43.227606143035331, -22.972820789461004 ], [ -43.227648385286294, -22.972763814146521 ], [ -43.22772176455257, -22.972751184414108 ], [ -43.227783296317341, -22.972790298582872 ], [ -43.227796936126452, -22.972858244132272 ], [ -43.227754693902661, -22.972915219487774 ], [ -43.227681314548597, -22.972927849229844 ], [ -43.227619782756662, -22.972888735020049 ], [ -43.227606143035331, -22.972820789461004 ] ], [ [ -43.235604243244602, -22.967745722598426 ], [ -43.235640245981813, -22.967685185611924 ], [ -43.235711931374901, -22.967665953000513 ], [ -43.235777307150016, -22.967699290954759 ], [ -43.235798077095616, -22.967765670580306 ], [ -43.23576207440221, -22.967826207605132 ], [ -43.235690388928354, -22.967845440234047 ], [ -43.235625013109448, -22.967812102241457 ], [ -43.235604243244602, -22.967745722598426 ] ] ], [ [ [ -43.214536264608292, -22.979520795137532 ], [ -43.207016727276944, -22.973211303465789 ], [ -43.20701672727693, -22.973211303465778 ], [ -43.214536264608292, -22.979520795137532 ] ] ] ] } },
{ "type": "Feature", "properties": { "area_id": "LIGHT:1312", "potencia_nominal_mva": 96.0, "n_trafos": 761, "origem": "fecho_trafos", "profundidade": 0, "recorte_ignorado": false, "geometria_vazia": false, "area_km2": 10.935, "lat_sub": -22.796927, "lon_sub": -43.330435, "classificacao": "Distribuição plena", "area_mae": null, "distribuidora": "LIGHT", "cod_sub": "1312", "nome": "SETD MERITI", "lat_rep": -22.799181, "lon_rep": -43.332402, "capacidade_mmgd_bdgd_kw": 3664.9, "capacidade_homologada_localizada_kw": 3658.4, "capacidade_lag_kw": 605.98, "pot_sem_homologacao_kw": 0.0, "n_unidades": 476.262, "n_sem_homologacao": 0.0, "capacidade_mmgd_kw": 4264.38, "fonte": "Solar FV", "fator_correcao": null, "capacidade_mmgd_corrigida_kw": 4264.38 }, "geometry": { "type": "MultiPolygon", "coordinates": [ [ [ [ -43.358558481954915, -22.810890885143216 ], [ -43.35161428648901, -22.801590171883888 ], [ -43.351494682154012, -22.801330931622893 ], [ -43.348154846904592, -22.779946660672092 ], [ -43.349516016700996, -22.780100539453066 ], [ -43.343852096454043, -22.77945646694246 ], [ -43.342725208851817, -22.780309306222509 ], [ -43.342071078428773, -22.780521812664066 ], [ -43.326033495820653, -22.78086247044925 ], [ -43.323637118156547, -22.78241816312871 ], [ -43.323637103887741, -22.782418177582322 ], [ -43.316635896212354, -22.790157765393285 ], [ -43.319545044099847, -22.786943302920005 ], [ -43.319913493597937, -22.787330532391842 ], [ -43.318155867722609, -22.797510744289443 ], [ -43.309074707481287, -22.800454985743905 ], [ -43.308814985861751, -22.800885091978842 ], [ -43.311665494363581, -22.802795402894052 ], [ -43.321030985809536, -22.802547368582967 ], [ -43.350541079385259, -22.816385995826948 ], [ -43.352617619196678, -22.814513677514825 ], [ -43.358558481954915, -22.810890885143216 ] ] ], [ [ [ -43.330533268423295, -22.777941106379672 ], [ -43.330532936921813, -22.777941302297261 ], [ -43.337634231040013, -22.778749165746795 ], [ -43.330533268423295, -22.777941106379672 ] ] ] ] } },
{ "type": "Feature", "properties": { "area_id": "LIGHT:18520542", "potencia_nominal_mva": 0.0, "n_trafos": 215, "origem": "fecho_trafos", "profundidade": 0, "recorte_ignorado": false, "geometria_vazia": false, "area_km2": 84.177, "lat_sub": -22.298457, "lon_sub": -43.749337, "classificacao": "Distribuição satélite", "area_mae": "LIGHT:18520299", "distribuidora": "LIGHT", "cod_sub": "18520542", "nome": "SESD ESTEVES", "lat_rep": -22.298819, "lon_rep": -43.757199, "capacidade_mmgd_bdgd_kw": 268.23, "capacidade_homologada_localizada_kw": 265.07, "capacidade_lag_kw": 13.472, "pot_sem_homologacao_kw": 0.0, "n_unidades": 23.96, "n_sem_homologacao": 0.0, "capacidade_mmgd_kw": 278.542, "fonte": "Solar FV", "fator_correcao": null, "capacidade_mmgd_corrigida_kw": 278.542 }, "geometry": { "type": "MultiPolygon", "coordinates": [ [ [ [ -43.844464823542111, -22.294203100542916 ], [ -43.845621452920305, -22.28884406754349 ], [ -43.832529853668973, -22.277717579503303 ], [ -43.831634919806874, -22.2688434522839 ], [ -43.788200376377517, -22.260514218666323 ], [ -43.764636966125003, -22.247302486888103 ], [ -43.753781948223654, -22.255834167507224 ], [ -43.752780763942091, -22.258594562377631 ], [ -43.749400089103048, -22.259277645322566 ], [ -43.725211461801159, -22.278280825477776 ], [ -43.689882968453482, -22.272854037705706 ], [ -43.7037457898791, -22.268921991169123 ], [ -43.689402535548986, -22.272989287873628 ], [ -43.68863533507821, -22.295682033485491 ], [ -43.689604472547742, -22.300885160592038 ], [ -43.696253510388999, -22.317051225593378 ], [ -43.712570563559808, -22.322911793329691 ], [ -43.716729164849355, -22.323273761089926 ], [ -43.731971830398145, -22.348472536299973 ], [ -43.745073632745736, -22.320700256562535 ], [ -43.789127244950322, -22.308967814043761 ], [ -43.797644030095562, -22.303077518514634 ], [ -43.814372334716651, -22.302238135990695 ], [ -43.844464823542111, -22.294203100542916 ] ] ], [ [ [ -43.7037457898791, -22.268921991169123 ], [ -43.7089797103406, -22.26743743595766 ], [ -43.708979710340564, -22.267437435957667 ], [ -43.7037457898791, -22.268921991169123 ] ] ] ] } },
{ "type": "Feature", "properties": { "area_id": "LIGHT:18520308", "potencia_nominal_mva": 0.0, "n_trafos": 645, "origem": "fecho_trafos", "profundidade": 0, "recorte_ignorado": false, "geometria_vazia": false, "area_km2": 310.409, "lat_sub": -22.231297, "lon_sub": -44.067097, "classificacao": "Distribuição satélite", "area_mae": "LIGHT:18520299", "distribuidora": "LIGHT", "cod_sub": "18520308", "nome": "SESD SANTA ISABEL", "lat_rep": -22.233085, "lon_rep": -44.07713, "capacidade_mmgd_bdgd_kw": 454.95, "capacidade_homologada_localizada_kw": 451.95, "capacidade_lag_kw": 26.096, "pot_sem_homologacao_kw": 0.0, "n_unidades": 33.692, "n_sem_homologacao": 0.0, "capacidade_mmgd_kw": 478.046, "fonte": "Solar FV", "fator_correcao": null, "capacidade_mmgd_corrigida_kw": 478.046 }, "geometry": { "type": "MultiPolygon", "coordinates": [ [ [ [ -44.1544, -22.2272 ], [ -44.152, -22.2186 ], [ -44.1456, -22.2136 ], [ -44.1384, -22.2155 ], [ -44.1217, -22.2091 ], [ -44.125, -22.1993 ], [ -44.121399999026096, -22.190900000874439 ], [ -44.1125, -22.1886 ], [ -44.101299999688308, -22.173700001396913 ], [ -44.0871, -22.1823 ], [ -44.084, -22.1754 ], [ -44.0763, -22.1754 ], [ -44.072, -22.1646 ], [ -44.0604, -22.1602 ], [ -44.0486, -22.1622 ], [ -44.0335, -22.1523 ], [ -44.0146, -22.1537 ], [ -44.0047, -22.1627 ], [ -43.998, -22.1559 ], [ -43.9771, -22.1464 ], [ -43.9649, -22.1394 ], [ -43.9535, -22.1423 ], [ -43.9426, -22.1325 ], [ -43.930067251421782, -22.130786944927934 ], [ -43.935057886389473, -22.134199917215383 ], [ -43.937829091358971, -22.137000153033597 ], [ -43.933383402230483, -22.143545925624611 ], [ -43.960282793705495, -22.2184082630414 ], [ -43.990843321531713, -22.259901896650724 ], [ -43.992760013124375, -22.266048289218858 ], [ -43.997800057274091, -22.269881983782383 ], [ -44.005166619643092, -22.287989723683165 ], [ -44.032361555286322, -22.296161005560755 ], [ -44.035020338534714, -22.298181874444222 ], [ -44.118841514505633, -22.331164317073725 ], [ -44.12901951538656, -22.327873036586368 ], [ -44.134046835131578, -22.331386736895624 ], [ -44.143650606483355, -22.340429773273094 ], [ -44.157648418402225, -22.327331304389965 ], [ -44.162961684800187, -22.297301084142664 ], [ -44.164795085788356, -22.24096100687191 ], [ -44.174139418113704, -22.236814916897828 ], [ -44.185300953978079, -22.238027425206777 ], [ -44.188338268168827, -22.23935371360437 ], [ -44.179399999644765, -22.228500001391048 ], [ -44.1744, -22.2304 ], [ -44.1544, -22.2272 ] ] ], [ [ [ -43.928836788395827, -22.130892474363087 ], [ -43.933382032493576, -22.14354794240672 ], [ -43.933383402230483, -22.143545925624611 ], [ -43.928836788395827, -22.130892474363087 ] ] ], [ [ [ -43.928836993554299, -22.130891576897604 ], [ -43.928836614432889, -22.130891990031021 ], [ -43.928836788395827, -22.130892474363087 ], [ -43.928836993554299, -22.130891576897604 ] ] ], [ [ [ -43.928836993554299, -22.130891576897604 ], [ -43.929073864947725, -22.130651119909604 ], [ -43.929073864932903, -22.130651119907583 ], [ -43.928836993554299, -22.130891576897604 ] ] ] ] } },
{ "type": "Feature", "properties": { "area_id": "LIGHT:289308250", "potencia_nominal_mva": 0.0, "n_trafos": 0, "origem": "semente", "profundidade": 1, "recorte_ignorado": false, "geometria_vazia": false, "area_km2": 0.0, "lat_sub": -22.905107, "lon_sub": -43.313837, "classificacao": "Transporte/manobra", "area_mae": "LIGHT:1231", "distribuidora": "LIGHT", "cod_sub": "289308250", "nome": "SETR CARANDA", "lat_rep": -22.905107, "lon_rep": -43.313837, "capacidade_mmgd_bdgd_kw": 0.0, "capacidade_homologada_localizada_kw": 0.0, "capacidade_lag_kw": 0.0, "pot_sem_homologacao_kw": 0.0, "n_unidades": 0.0, "n_sem_homologacao": 0.0, "capacidade_mmgd_kw": 0.0, "fonte": null, "fator_correcao": null, "capacidade_mmgd_corrigida_kw": 0.0 }, "geometry": { "type": "Polygon", "coordinates": [ [ [ -43.313739530166195, -22.905114550732613 ], [ -43.313773957829298, -22.905175864814044 ], [ -43.313845101067301, -22.905196667640165 ], [ -43.313911285085545, -22.90516477317755 ], [ -43.313933740143483, -22.905098864791654 ], [ -43.313899312423111, -22.905037550741163 ], [ -43.313828169256524, -22.905016747943403 ], [ -43.313761985295535, -22.905048642375068 ], [ -43.313739530166195, -22.905114550732613 ] ] ] } },
{ "type": "Feature", "properties": { "area_id": "LIGHT:18520866", "potencia_nominal_mva": 0.0, "n_trafos": 215, "origem": "fecho_trafos", "profundidade": 0, "recorte_ignorado": false, "geometria_vazia": false, "area_km2": 102.728, "lat_sub": -22.454007, "lon_sub": -44.301047, "classificacao": "Distribuição satélite", "area_mae": "LIGHT:18520398", "distribuidora": "LIGHT", "cod_sub": "18520866", "nome": "SESD FLORIANO", "lat_rep": -22.478629, "lon_rep": -44.303861, "capacidade_mmgd_bdgd_kw": 397.19, "capacidade_homologada_localizada_kw": 397.19, "capacidade_lag_kw": 58.21, "pot_sem_homologacao_kw": 0.0, "n_unidades": 39.733, "n_sem_homologacao": 0.0, "capacidade_mmgd_kw": 455.4, "fonte": "Solar FV", "fator_correcao": null, "capacidade_mmgd_corrigida_kw": 455.4 }, "geometry": { "type": "Polygon", "coordinates": [ [ [ -44.336816499085955, -22.404575289938823 ], [ -44.32759556585556, -22.396723157534538 ], [ -44.306991513813237, -22.380836460838417 ], [ -44.283640770823993, -22.37383007387669 ], [ -44.271221459538175, -22.414717824330943 ], [ -44.264584249359345, -22.435862560438299 ], [ -44.26153406892027, -22.440598556623289 ], [ -44.259977498291668, -22.449445507430372 ], [ -44.258807037164573, -22.450377266963756 ], [ -44.259607305613123, -22.451549392965585 ], [ -44.255481833525764, -22.474990259316286 ], [ -44.25727168284363, -22.480154304698161 ], [ -44.263659376906958, -22.476717017787678 ], [ -44.273370473037858, -22.471696702498537 ], [ -44.288175293255819, -22.493361087960558 ], [ -44.268011198734911, -22.510887291569954 ], [ -44.282314282429915, -22.551796691335845 ], [ -44.294207476047056, -22.582625995329252 ], [ -44.306342543726331, -22.585587490440233 ], [ -44.316709502124546, -22.582244306802956 ], [ -44.317523337241319, -22.580961286026543 ], [ -44.322106646228775, -22.557607729675471 ], [ -44.323340543954856, -22.544789851199713 ], [ -44.335383666448422, -22.562390157142989 ], [ -44.325243489184935, -22.525006800959062 ], [ -44.332354165592548, -22.451040107168303 ], [ -44.323997471196961, -22.450886092013302 ], [ -44.287989960997706, -22.428747758354575 ], [ -44.2807053026673, -22.419172233948313 ], [ -44.277857852447262, -22.415311602523829 ], [ -44.27688813836415, -22.404778400829631 ], [ -44.307015163416352, -22.399957309571281 ], [ -44.310158772568016, -22.401290531209082 ], [ -44.336034046414888, -22.412725468379357 ], [ -44.336816499085955, -22.404575289938823 ] ] ] } },
{ "type": "Feature", "properties": { "area_id": "LIGHT:134595522", "potencia_nominal_mva": 0.0, "n_trafos": 457, "origem": "fecho_trafos", "profundidade": 0, "recorte_ignorado": false, "geometria_vazia": false, "area_km2": 137.751, "lat_sub": -22.641701, "lon_sub": -43.407146, "classificacao": "Distribuição satélite", "area_mae": "LIGHT:18520767", "distribuidora": "LIGHT", "cod_sub": "134595522", "nome": "SESD TUIUTI", "lat_rep": -22.606052, "lon_rep": -43.404047, "capacidade_mmgd_bdgd_kw": 321.56, "capacidade_homologada_localizada_kw": 321.56, "capacidade_lag_kw": 53.703, "pot_sem_homologacao_kw": 0.0, "n_unidades": 35.212, "n_sem_homologacao": 0.0, "capacidade_mmgd_kw": 375.263, "fonte": "Solar FV", "fator_correcao": null, "capacidade_mmgd_corrigida_kw": 375.263 }, "geometry": { "type": "MultiPolygon", "coordinates": [ [ [ [ -43.465815956206789, -22.566040597302557 ], [ -43.388507214059402, -22.529051398677382 ], [ -43.387906574848635, -22.529002063288182 ], [ -43.369204269377597, -22.56742693654439 ], [ -43.363603698370646, -22.565851377686251 ], [ -43.363603682902188, -22.56585139400477 ], [ -43.351570010425192, -22.579893923007358 ], [ -43.358126761615424, -22.572243788132099 ], [ -43.358590497583627, -22.572491886711006 ], [ -43.362365235351312, -22.581471528217723 ], [ -43.344263914592382, -22.618628697654927 ], [ -43.343622184939562, -22.618708771875713 ], [ -43.350304061371794, -22.617880078778995 ], [ -43.354082327066322, -22.643053940925036 ], [ -43.336035384829046, -22.656948099016432 ], [ -43.335156483571112, -22.661532916740711 ], [ -43.346508770688132, -22.661634616986401 ], [ -43.357662943544547, -22.672181188816111 ], [ -43.368594549945627, -22.671305767394589 ], [ -43.366343047696688, -22.680386913846995 ], [ -43.372739228689539, -22.68643264299957 ], [ -43.380495125708343, -22.684170939635774 ], [ -43.384865240825967, -22.685291570338332 ], [ -43.380329121165424, -22.676463356342794 ], [ -43.393384155120131, -22.679019074378562 ], [ -43.39252101907671, -22.666882875800216 ], [ -43.397741107889878, -22.664712224689477 ], [ -43.412727452899723, -22.660307315729636 ], [ -43.418243194465795, -22.657558866463983 ], [ -43.425731269990386, -22.661053572368157 ], [ -43.448165570139587, -22.642113470829234 ], [ -43.452724795405842, -22.622472754193829 ], [ -43.457754014276667, -22.609639361333702 ], [ -43.457125432446595, -22.603508978373011 ], [ -43.465815956206789, -22.566040597302557 ] ] ], [ [ [ -43.334847775034504, -22.663143219747877 ], [ -43.335156483571112, -22.661532916740722 ], [ -43.335156483571112, -22.661532916740711 ], [ -43.334847775034504, -22.663143219747877 ] ] ], [ [ [ -43.333994432085113, -22.667594238740648 ], [ -43.333994432085113, -22.667594238740662 ], [ -43.334847775034504, -22.663143219747877 ], [ -43.333994432085113, -22.667594238740648 ] ] ] ] } },
{ "type": "Feature", "properties": { "area_id": "LIGHT:18520623", "potencia_nominal_mva": 0.0, "n_trafos": 224, "origem": "fecho_trafos", "profundidade": 1, "recorte_ignorado": false, "geometria_vazia": false, "area_km2": 6.712, "lat_sub": -22.945074, "lon_sub": -43.576956, "classificacao": "Distribuição satélite", "area_mae": "LIGHT:18521136", "distribuidora": "LIGHT", "cod_sub": "18520623", "nome": "SESD CAMPO GRANDE", "lat_rep": -22.942337, "lon_rep": -43.584282, "capacidade_mmgd_bdgd_kw": 1992.53, "capacidade_homologada_localizada_kw": 1965.96, "capacidade_lag_kw": 345.957, "pot_sem_homologacao_kw": 0.0, "n_unidades": 326.51, "n_sem_homologacao": 0.0, "capacidade_mmgd_kw": 2311.917, "fonte": "Solar FV", "fator_correcao": null, "capacidade_mmgd_corrigida_kw": 2311.917 }, "geometry": { "type": "Polygon", "coordinates": [ [ [ -43.601349374278634, -22.924191504580133 ], [ -43.600999255150562, -22.924319094701875 ], [ -43.591277351926749, -22.938488306207013 ], [ -43.578965709494469, -22.933108040354597 ], [ -43.576992905676747, -22.933063972113494 ], [ -43.574083638576916, -22.934122974869563 ], [ -43.574354515112738, -22.933751352100717 ], [ -43.57062630477914, -22.938843961460709 ], [ -43.570866204467357, -22.943606242624067 ], [ -43.577728854844686, -22.961530876297203 ], [ -43.586655256566679, -22.955822030296169 ], [ -43.591375820029633, -22.95881155695729 ], [ -43.592368941739892, -22.959892476092509 ], [ -43.593398821760843, -22.959630539453173 ], [ -43.592339802687114, -22.958406358691775 ], [ -43.593875834113305, -22.951203390889951 ], [ -43.596415865162207, -22.949578224309626 ], [ -43.598367993719613, -22.944682269850631 ], [ -43.598118349336204, -22.942947326063617 ], [ -43.596600364133337, -22.940814692172772 ], [ -43.596134475763478, -22.940610811635032 ], [ -43.596401173104042, -22.939359653031403 ], [ -43.597657975025996, -22.939063453652142 ], [ -43.600213898501636, -22.941989918099399 ], [ -43.601349374278634, -22.924191504580133 ] ] ] } },
{ "type": "Feature", "properties": { "area_id": "LIGHT:457474244", "potencia_nominal_mva": 120.0, "n_trafos": 518, "origem": "fecho_trafos", "profundidade": 1, "recorte_ignorado": false, "geometria_vazia": false, "area_km2": 12.469, "lat_sub": -22.971917, "lon_sub": -43.380662, "classificacao": "Distribuição plena", "area_mae": null, "distribuidora": "LIGHT", "cod_sub": "457474244", "nome": "SETD GARDENIA", "lat_rep": -22.970699, "lon_rep": -43.370679, "capacidade_mmgd_bdgd_kw": 3371.66, "capacidade_homologada_localizada_kw": 3371.66, "capacidade_lag_kw": 593.574, "pot_sem_homologacao_kw": 0.0, "n_unidades": 208.189, "n_sem_homologacao": 0.0, "capacidade_mmgd_kw": 3965.234, "fonte": "Solar FV", "fator_correcao": null, "capacidade_mmgd_corrigida_kw": 3965.234 }, "geometry": { "type": "MultiPolygon", "coordinates": [ [ [ [ -43.405377268702637, -22.986587834963071 ], [ -43.405376833986494, -22.986588522958805 ], [ -43.420211616292221, -22.988076684079221 ], [ -43.405377268702637, -22.986587834963071 ] ] ], [ [ [ -43.36646403804405, -22.982678501968149 ], [ -43.366464037818055, -22.982678501955775 ], [ -43.377766691149226, -22.983815233608368 ], [ -43.36646403804405, -22.982678501968149 ] ] ], [ [ [ -43.415998835961048, -22.97929382783559 ], [ -43.415998836459124, -22.97929382802392 ], [ -43.414237889575745, -22.978532109780751 ], [ -43.415998835961048, -22.97929382783559 ] ] ], [ [ [ -43.41127630291777, -22.977252067303198 ], [ -43.410405084006449, -22.978630682747056 ], [ -43.411277648606386, -22.977251560817304 ], [ -43.41127630291777, -22.977252067303198 ] ] ], [ [ [ -43.392874267810534, -22.969288832887109 ], [ -43.359518537002984, -22.954848903645452 ], [ -43.35775012900757, -22.953377982035452 ], [ -43.357398397215846, -22.953929942163217 ], [ -43.357305120345245, -22.953890351033813 ], [ -43.347559973498207, -22.966187874986929 ], [ -43.348631855045284, -22.9676853398582 ], [ -43.34583139875653, -22.972078848763651 ], [ -43.349888622224995, -22.979620989226262 ], [ -43.364313104217018, -22.981404085224721 ], [ -43.364952734426218, -22.981843420374844 ], [ -43.36802966125034, -22.981863291996536 ], [ -43.386468390399884, -22.984140201519327 ], [ -43.38852370167757, -22.984896326912736 ], [ -43.405377268702637, -22.986587834963071 ], [ -43.41028873729713, -22.978814786933878 ], [ -43.40836778435537, -22.979509391163198 ], [ -43.402314742942622, -22.97894835995135 ], [ -43.392874267810534, -22.969288832887109 ] ], [ [ -43.397322513463585, -22.975938679296089 ], [ -43.397274504783311, -22.975991601687163 ], [ -43.397200141987014, -22.975997590700111 ], [ -43.397142985982271, -22.975953138071638 ], [ -43.397136517912834, -22.97588428348282 ], [ -43.397184526699782, -22.975831361137701 ], [ -43.397258889304084, -22.975825372124792 ], [ -43.397316045300613, -22.975869824802619 ], [ -43.397322513463585, -22.975938679296089 ] ] ] ] } },
{ "type": "Feature", "properties": { "area_id": "LIGHT:18520884", "potencia_nominal_mva": 0.0, "n_trafos": 123, "origem": "fecho_trafos", "profundidade": 0, "recorte_ignorado": false, "geometria_vazia": false, "area_km2": 79.873, "lat_sub": -22.336325, "lon_sub": -43.677002, "classificacao": "Distribuição satélite", "area_mae": "LIGHT:18520353", "distribuidora": "LIGHT", "cod_sub": "18520884", "nome": "SESD BARAO DE JUPARANA", "lat_rep": -22.3355, "lon_rep": -43.677799, "capacidade_mmgd_bdgd_kw": 440.27, "capacidade_homologada_localizada_kw": 440.27, "capacidade_lag_kw": 24.043, "pot_sem_homologacao_kw": 0.0, "n_unidades": 31.573, "n_sem_homologacao": 0.0, "capacidade_mmgd_kw": 464.313, "fonte": "Solar FV", "fator_correcao": null, "capacidade_mmgd_corrigida_kw": 464.313 }, "geometry": { "type": "Polygon", "coordinates": [ [ [ -43.731971817741687, -22.348472517553677 ], [ -43.716729085918843, -22.323273556014865 ], [ -43.712570522314699, -22.322911775464696 ], [ -43.696253485879204, -22.31705107101892 ], [ -43.689604468553142, -22.3008851390153 ], [ -43.688635335882424, -22.295682010561933 ], [ -43.688714360243047, -22.293345029545236 ], [ -43.687991778365024, -22.293113514714996 ], [ -43.687771156893255, -22.292592866119886 ], [ -43.677240858485476, -22.278310245443365 ], [ -43.66916409128067, -22.287083907067302 ], [ -43.637324847166326, -22.276881116950765 ], [ -43.627291103145382, -22.280814370938767 ], [ -43.619814907185791, -22.290499428975021 ], [ -43.638836841667946, -22.364702688382522 ], [ -43.664188540196157, -22.369083067472165 ], [ -43.687786626626185, -22.366071451279204 ], [ -43.693521586258832, -22.36743893625399 ], [ -43.694073177337401, -22.366405400761845 ], [ -43.722190750835587, -22.372662786873953 ], [ -43.725951444728587, -22.374895732272297 ], [ -43.729211979274631, -22.372390895173076 ], [ -43.730098483933624, -22.364709076641848 ], [ -43.726026072309004, -22.36107701030199 ], [ -43.731971817741687, -22.348472517553677 ] ] ] } },
{ "type": "Feature", "properties": { "area_id": "LIGHT:18519958", "potencia_nominal_mva": 216.0, "n_trafos": 1065, "origem": "fecho_trafos", "profundidade": 0, "recorte_ignorado": false, "geometria_vazia": false, "area_km2": 38.086, "lat_sub": -22.912502, "lon_sub": -43.678547, "classificacao": "Distribuição plena", "area_mae": null, "distribuidora": "LIGHT", "cod_sub": "18519958", "nome": "SETD ESPERANCA", "lat_rep": -22.92043, "lon_rep": -43.684453, "capacidade_mmgd_bdgd_kw": 13344.0, "capacidade_homologada_localizada_kw": 13314.98, "capacidade_lag_kw": 3406.174, "pot_sem_homologacao_kw": 4.8, "n_unidades": 673.994, "n_sem_homologacao": 1.0, "capacidade_mmgd_kw": 16721.154, "fonte": "Solar FV", "fator_correcao": null, "capacidade_mmgd_corrigida_kw": 16721.154 }, "geometry": { "type": "MultiPolygon", "coordinates": [ [ [ [ -43.71662292535467, -22.929445688293487 ], [ -43.709579648925335, -22.910070399625518 ], [ -43.698943914936734, -22.909245788830422 ], [ -43.680092434230815, -22.87864171835092 ], [ -43.67638230428787, -22.87665618440808 ], [ -43.66612664865054, -22.876141852373355 ], [ -43.66534324740244, -22.879661581967802 ], [ -43.664557136498217, -22.88175021959454 ], [ -43.651770163695083, -22.875770996555719 ], [ -43.652014636840889, -22.875715074792478 ], [ -43.648877543305858, -22.876420848900768 ], [ -43.651327688431159, -22.881929854088991 ], [ -43.649641159185791, -22.891603125375376 ], [ -43.647622206918157, -22.893850527623378 ], [ -43.648316012411534, -22.899202448012986 ], [ -43.64739260510882, -22.904497471182754 ], [ -43.649057400525194, -22.904921122891384 ], [ -43.649895903735917, -22.911388145540766 ], [ -43.678812514451359, -22.956977393753071 ], [ -43.688410058695432, -22.952685619752344 ], [ -43.689397404337576, -22.95299266767551 ], [ -43.691702424981187, -22.954547061098111 ], [ -43.695844175233404, -22.958527237416497 ], [ -43.699808998296902, -22.951351532555115 ], [ -43.701950888876048, -22.953912444307957 ], [ -43.702677376498272, -22.954810995885055 ], [ -43.706668138991567, -22.933786442187511 ], [ -43.71662292535467, -22.929445688293487 ] ], [ [ -43.653351060034908, -22.905329824230385 ], [ -43.653404324849383, -22.905281421097744 ], [ -43.653478933432737, -22.905282087372729 ], [ -43.653531181153213, -22.905331432764129 ], [ -43.653530462000191, -22.905400551440284 ], [ -43.653477197179257, -22.905448954614439 ], [ -43.653402588504669, -22.905448288334291 ], [ -43.653350340790652, -22.905398942901371 ], [ -43.653351060034908, -22.905329824230385 ] ] ], [ [ [ -43.692224230956569, -22.965078810169 ], [ -43.69222410656176, -22.965078425797341 ], [ -43.692223345758478, -22.965078346435451 ], [ -43.692224230956569, -22.965078810169 ] ] ], [ [ [ -43.687901148460995, -22.962810401011204 ], [ -43.677720140153077, -22.957465838789716 ], [ -43.658434192924702, -22.947343430597204 ], [ -43.687901148460995, -22.962810401011204 ] ] ] ] } },
{ "type": "Feature", "properties": { "area_id": "LIGHT:18520731", "potencia_nominal_mva": 120.0, "n_trafos": 1738, "origem": "fecho_trafos", "profundidade": 0, "recorte_ignorado": false, "geometria_vazia": false, "area_km2": 40.889, "lat_sub": -22.749131, "lon_sub": -43.397767, "classificacao": "Distribuição plena", "area_mae": null, "distribuidora": "LIGHT", "cod_sub": "18520731", "nome": "SETD AREIA BRANCA", "lat_rep": -22.728322, "lon_rep": -43.402304, "capacidade_mmgd_bdgd_kw": 7977.84, "capacidade_homologada_localizada_kw": 7612.87, "capacidade_lag_kw": 1055.819, "pot_sem_homologacao_kw": 6.8, "n_unidades": 994.39, "n_sem_homologacao": 2.0, "capacidade_mmgd_kw": 8668.689, "fonte": "Solar FV", "fator_correcao": null, "capacidade_mmgd_corrigida_kw": 8668.689 }, "geometry": { "type": "MultiPolygon", "coordinates": [ [ [ [ -43.369183652226383, -22.754628324124731 ], [ -43.369183675119018, -22.754628328959011 ], [ -43.369183652805233, -22.754628322185301 ], [ -43.369183652226383, -22.754628324124731 ] ] ], [ [ [ -43.432488346527172, -22.727365875427711 ], [ -43.43014011962245, -22.72886186031155 ], [ -43.423142218334299, -22.728334016805821 ], [ -43.422785880735546, -22.727607742885549 ], [ -43.425153793784467, -22.704911910651322 ], [ -43.406875135078337, -22.700292526588481 ], [ -43.387569714176735, -22.690552840647925 ], [ -43.38486524206597, -22.685291572738389 ], [ -43.380495217899956, -22.684170896534045 ], [ -43.369213641643043, -22.687460601197419 ], [ -43.363141081789749, -22.693288123355167 ], [ -43.360221202729264, -22.705064567661182 ], [ -43.359625121257885, -22.706175112405518 ], [ -43.360025838686475, -22.71336061654301 ], [ -43.378656550077025, -22.712267690216464 ], [ -43.379807861046892, -22.715013260250515 ], [ -43.379584356652956, -22.724640140980373 ], [ -43.370003400546722, -22.754838813105234 ], [ -43.41522230137921, -22.766442445331652 ], [ -43.415266157401291, -22.772609651843176 ], [ -43.417945597025501, -22.772085014457033 ], [ -43.417325950129289, -22.771925882469827 ], [ -43.422463557087305, -22.750395615322088 ], [ -43.431361342414867, -22.730220426618168 ], [ -43.43260761305978, -22.729333433808399 ], [ -43.4333720288694, -22.728824720680358 ], [ -43.432604963805318, -22.728326054541579 ], [ -43.432488346527172, -22.727365875427711 ] ] ] ] } },
{ "type": "Feature", "properties": { "area_id": "LIGHT:10385997", "potencia_nominal_mva": 80.0, "n_trafos": 231, "origem": "fecho_trafos", "profundidade": 0, "recorte_ignorado": false, "geometria_vazia": false, "area_km2": 1.899, "lat_sub": -22.945535, "lon_sub": -43.187967, "classificacao": "Distribuição plena", "area_mae": null, "distribuidora": "LIGHT", "cod_sub": "10385997", "nome": "SETD SAMARITANO", "lat_rep": -22.941508, "lon_rep": -43.180462, "capacidade_mmgd_bdgd_kw": 791.42, "capacidade_homologada_localizada_kw": 791.34, "capacidade_lag_kw": 139.314, "pot_sem_homologacao_kw": 0.0, "n_unidades": 126.075, "n_sem_homologacao": 0.0, "capacidade_mmgd_kw": 930.654, "fonte": "Solar FV", "fator_correcao": null, "capacidade_mmgd_corrigida_kw": 930.654 }, "geometry": { "type": "MultiPolygon", "coordinates": [ [ [ [ -43.193393720538431, -22.94615296316816 ], [ -43.188988841988007, -22.944175648163835 ], [ -43.188932779687363, -22.942181049877313 ], [ -43.187770378772306, -22.941003507329853 ], [ -43.185030004095069, -22.93898880755215 ], [ -43.181629467812606, -22.940579876472196 ], [ -43.180800350984683, -22.939852703168821 ], [ -43.175346574098164, -22.933005253330666 ], [ -43.174579294845394, -22.932978261051218 ], [ -43.169744362446131, -22.936446967800464 ], [ -43.171059105832605, -22.939515085620897 ], [ -43.171545439398351, -22.940520135224354 ], [ -43.171812070590569, -22.940832534065521 ], [ -43.182442097267028, -22.949071214259643 ], [ -43.186354017213162, -22.950254676095422 ], [ -43.188224945048852, -22.949650372288829 ], [ -43.188787113589989, -22.947196311996723 ], [ -43.188841307726769, -22.947242792580514 ], [ -43.189059283761445, -22.946651674441679 ], [ -43.193393720538431, -22.94615296316816 ] ] ], [ [ [ -43.176982110636402, -22.933071471557447 ], [ -43.176981837454328, -22.933071288380088 ], [ -43.175743148661731, -22.933021269316725 ], [ -43.176982110636402, -22.933071471557447 ] ] ] ] } },
{ "type": "Feature", "properties": { "area_id": "LIGHT:1213", "potencia_nominal_mva": 60.0, "n_trafos": 152, "origem": "fecho_trafos", "profundidade": 2, "recorte_ignorado": false, "geometria_vazia": false, "area_km2": 3.029, "lat_sub": -22.804084, "lon_sub": -43.20233, "classificacao": "Distribuição plena", "area_mae": null, "distribuidora": "LIGHT", "cod_sub": "1213", "nome": "SETD GOVERNADOR", "lat_rep": -22.812845, "lon_rep": -43.193601, "capacidade_mmgd_bdgd_kw": 1863.65, "capacidade_homologada_localizada_kw": 1804.27, "capacidade_lag_kw": 317.638, "pot_sem_homologacao_kw": 0.0, "n_unidades": 165.252, "n_sem_homologacao": 0.0, "capacidade_mmgd_kw": 2121.908, "fonte": "Solar FV", "fator_correcao": null, "capacidade_mmgd_corrigida_kw": 2121.908 }, "geometry": { "type": "Polygon", "coordinates": [ [ [ -43.211665609337579, -22.805747634207499 ], [ -43.196841045077967, -22.798988538740932 ], [ -43.183225399650041, -22.820027993808754 ], [ -43.172984777700364, -22.82558156512334 ], [ -43.180800000180646, -22.831299998881306 ], [ -43.181816308564464, -22.830933483046994 ], [ -43.177121037535116, -22.825727081220364 ], [ -43.211665609337579, -22.805747634207499 ] ] ] } },
{ "type": "Feature", "properties": { "area_id": "LIGHT:18520812", "potencia_nominal_mva": 0.0, "n_trafos": 195, "origem": "fecho_trafos", "profundidade": 0, "recorte_ignorado": false, "geometria_vazia": false, "area_km2": 21.082, "lat_sub": -22.680058, "lon_sub": -43.444732, "classificacao": "Distribuição satélite", "area_mae": "LIGHT:18520767", "distribuidora": "LIGHT", "cod_sub": "18520812", "nome": "SESD VILA DE CAVA", "lat_rep": -22.673518, "lon_rep": -43.421975, "capacidade_mmgd_bdgd_kw": 705.38, "capacidade_homologada_localizada_kw": 734.23, "capacidade_lag_kw": 115.944, "pot_sem_homologacao_kw": 0.0, "n_unidades": 67.834, "n_sem_homologacao": 0.0, "capacidade_mmgd_kw": 850.174, "fonte": "Solar FV", "fator_correcao": null, "capacidade_mmgd_corrigida_kw": 850.174 }, "geometry": { "type": "MultiPolygon", "coordinates": [ [ [ [ -43.435577530574399, -22.701974926721668 ], [ -43.435577738146932, -22.701974658840818 ], [ -43.408860792663788, -22.691455040907851 ], [ -43.435577530574399, -22.701974926721668 ] ] ], [ [ [ -43.458671529466372, -22.684477797746208 ], [ -43.458071865863005, -22.680129367930999 ], [ -43.455912020843876, -22.678014676718185 ], [ -43.455650512129054, -22.67779094429044 ], [ -43.457337913287731, -22.676011107741999 ], [ -43.453472543371227, -22.675930800649244 ], [ -43.448485640419079, -22.671670616503754 ], [ -43.44804741391409, -22.671466132165175 ], [ -43.447540832657303, -22.670558213557392 ], [ -43.447589744119618, -22.668353100991684 ], [ -43.450877571790357, -22.646345511204402 ], [ -43.448165571045159, -22.642113473068008 ], [ -43.425731521916859, -22.661053306338108 ], [ -43.418243378005073, -22.65755873404575 ], [ -43.412727451666676, -22.660307313020848 ], [ -43.397741081261472, -22.664712232514788 ], [ -43.392520490388762, -22.66688309178528 ], [ -43.392520490753483, -22.666883113905897 ], [ -43.393848333466181, -22.685541075860286 ], [ -43.393848335493608, -22.685541090215452 ], [ -43.393385130925502, -22.679019305269374 ], [ -43.437044550290146, -22.687558452165113 ], [ -43.440048842410469, -22.689989985350135 ], [ -43.441390085282038, -22.694473586843817 ], [ -43.435577738146932, -22.701974658840818 ], [ -43.440149860735183, -22.703774901417255 ], [ -43.45346972858497, -22.697798305549227 ], [ -43.458770653129456, -22.692230831997598 ], [ -43.458894993401984, -22.691554662320616 ], [ -43.458671529466372, -22.684477797746208 ] ] ] ] } },
{ "type": "Feature", "properties": { "area_id": "LIGHT:18520470", "potencia_nominal_mva": 137.999, "n_trafos": 1155, "origem": "fecho_trafos", "profundidade": 0, "recorte_ignorado": false, "geometria_vazia": false, "area_km2": 73.84, "lat_sub": -22.513448, "lon_sub": -44.089382, "classificacao": "Distribuição plena", "area_mae": null, "distribuidora": "LIGHT", "cod_sub": "18520470", "nome": "SETD VOLTA REDONDA", "lat_rep": -22.522868, "lon_rep": -44.073492, "capacidade_mmgd_bdgd_kw": 22943.35, "capacidade_homologada_localizada_kw": 22769.09, "capacidade_lag_kw": 3832.603, "pot_sem_homologacao_kw": 83.0, "n_unidades": 1925.062, "n_sem_homologacao": 2.0, "capacidade_mmgd_kw": 26601.693, "fonte": "Solar FV", "fator_correcao": null, "capacidade_mmgd_corrigida_kw": 26601.693 }, "geometry": { "type": "Polygon", "coordinates": [ [ [ -44.122268240181803, -22.536458593465891 ], [ -44.12217194129483, -22.53281162950282 ], [ -44.109770043099225, -22.512771231037668 ], [ -44.061795463406625, -22.473686612436513 ], [ -44.04638457127475, -22.485625199841792 ], [ -44.034240369928213, -22.488355754164051 ], [ -44.057510177386739, -22.473465804189654 ], [ -44.025742464914451, -22.493790807117961 ], [ -44.027797183504205, -22.49247764438665 ], [ -44.028840054632028, -22.5129336751843 ], [ -44.02882232732108, -22.512851720401102 ], [ -44.033891990359812, -22.537638891651884 ], [ -44.050183529452248, -22.566308733005258 ], [ -44.065479574021055, -22.579567466653742 ], [ -44.07739534504632, -22.581673011370803 ], [ -44.085174883204807, -22.579378611795693 ], [ -44.102534574444789, -22.563869390498084 ], [ -44.103060545021037, -22.555628057948837 ], [ -44.117306259461479, -22.548348575442418 ], [ -44.118470632201436, -22.548291007127421 ], [ -44.118967444992876, -22.547129032240782 ], [ -44.122268240181803, -22.536458593465891 ] ] ] } },
{ "type": "Feature", "properties": { "area_id": "LIGHT:18519994", "potencia_nominal_mva": 120.0, "n_trafos": 846, "origem": "fecho_trafos", "profundidade": 0, "recorte_ignorado": false, "geometria_vazia": false, "area_km2": 11.297, "lat_sub": -22.793402, "lon_sub": -43.306687, "classificacao": "Distribuição plena", "area_mae": null, "distribuidora": "LIGHT", "cod_sub": "18519994", "nome": "SETD WASHINGTON LUIS", "lat_rep": -22.791141, "lon_rep": -43.296791, "capacidade_mmgd_bdgd_kw": 3584.97, "capacidade_homologada_localizada_kw": 3531.54, "capacidade_lag_kw": 663.781, "pot_sem_homologacao_kw": 0.0, "n_unidades": 366.902, "n_sem_homologacao": 0.0, "capacidade_mmgd_kw": 4195.321, "fonte": "Solar FV", "fator_correcao": null, "capacidade_mmgd_corrigida_kw": 4195.321 }, "geometry": { "type": "Polygon", "coordinates": [ [ [ -43.319913550470957, -22.78733009478665 ], [ -43.31588560546583, -22.783101853017975 ], [ -43.295598177146644, -22.779979119519986 ], [ -43.288121561650406, -22.784531607942725 ], [ -43.28652574266993, -22.7838053895067 ], [ -43.283052799151903, -22.77804672898375 ], [ -43.274725242991266, -22.776763448895345 ], [ -43.2774, -22.78 ], [ -43.2772, -22.7873 ], [ -43.271536575310343, -22.794499291599482 ], [ -43.276744708734135, -22.798274339207786 ], [ -43.276425394181665, -22.799135710306434 ], [ -43.279567097929906, -22.806183032472912 ], [ -43.28581214980548, -22.807066530686953 ], [ -43.288248726789639, -22.806611634152262 ], [ -43.288600959163631, -22.806866529763258 ], [ -43.290123302781623, -22.806558722785613 ], [ -43.292326844249565, -22.80585016624833 ], [ -43.29459377999877, -22.805426942840324 ], [ -43.298300004113194, -22.811652983372799 ], [ -43.30114729576426, -22.805000908200004 ], [ -43.305883915191941, -22.802948309507254 ], [ -43.311665490909533, -22.802795402982156 ], [ -43.308815545974461, -22.800885447705088 ], [ -43.30907468938566, -22.800455072338856 ], [ -43.318155959872747, -22.797510873289529 ], [ -43.319913550470957, -22.78733009478665 ] ] ] } },
{ "type": "Feature", "properties": { "area_id": "LIGHT:18521073", "potencia_nominal_mva": 0.0, "n_trafos": 265, "origem": "fecho_trafos", "profundidade": 0, "recorte_ignorado": false, "geometria_vazia": false, "area_km2": 135.222, "lat_sub": -22.382741, "lon_sub": -44.104516, "classificacao": "Distribuição satélite", "area_mae": "LIGHT:18520470", "distribuidora": "LIGHT", "cod_sub": "18521073", "nome": "SESD AMPARO", "lat_rep": -22.394866, "lon_rep": -44.112632, "capacidade_mmgd_bdgd_kw": 327.34, "capacidade_homologada_localizada_kw": 324.46, "capacidade_lag_kw": 77.029, "pot_sem_homologacao_kw": 0.0, "n_unidades": 23.572, "n_sem_homologacao": 0.0, "capacidade_mmgd_kw": 401.489, "fonte": "Solar FV", "fator_correcao": null, "capacidade_mmgd_corrigida_kw": 401.489 }, "geometry": { "type": "MultiPolygon", "coordinates": [ [ [ [ -44.204930458031896, -22.398091473174848 ], [ -44.189637706220111, -22.383708167751323 ], [ -44.20493015937366, -22.398091550173444 ], [ -44.188458162005951, -22.418054450555651 ], [ -44.204930458031896, -22.398091473174848 ] ] ], [ [ [ -44.176221934027097, -22.432878718609562 ], [ -44.175664270984925, -22.431955597057883 ], [ -44.186364952081092, -22.380629478164526 ], [ -44.134046809951776, -22.33138671320016 ], [ -44.12901935136351, -22.327872874915705 ], [ -44.118841266299505, -22.331164215354708 ], [ -44.074760948200229, -22.313826494072575 ], [ -44.072001594586226, -22.327269792811997 ], [ -44.077786832748139, -22.329719583551661 ], [ -44.081399061955814, -22.332940134867833 ], [ -44.079711242303951, -22.344297940268479 ], [ -44.068899993250817, -22.348009386656287 ], [ -44.055462182638124, -22.365872801134081 ], [ -44.067307828385971, -22.350127771639045 ], [ -44.062893281195706, -22.371623761867443 ], [ -44.028601797983292, -22.409007670751034 ], [ -44.046095356306807, -22.415535261481718 ], [ -44.091955588441373, -22.432383104435825 ], [ -44.09559193079852, -22.424479000691854 ], [ -44.140809938120945, -22.426056599275586 ], [ -44.141230184089522, -22.42647391095084 ], [ -44.144794667845254, -22.435020608255833 ], [ -44.144171398476139, -22.451545231295508 ], [ -44.155787242183273, -22.455805023693696 ], [ -44.159925431783883, -22.452615516927494 ], [ -44.176221934027097, -22.432878718609562 ] ] ], [ [ [ -44.186364952081099, -22.380629478164533 ], [ -44.189637706220111, -22.383708167751323 ], [ -44.186364952081092, -22.380629478164526 ], [ -44.186364952081099, -22.380629478164533 ] ] ] ] } },
{ "type": "Feature", "properties": { "area_id": "LIGHT:1249", "potencia_nominal_mva": 100.0, "n_trafos": 948, "origem": "fecho_trafos", "profundidade": 0, "recorte_ignorado": false, "geometria_vazia": false, "area_km2": 10.138, "lat_sub": -22.844588, "lon_sub": -43.335811, "classificacao": "Distribuição plena", "area_mae": null, "distribuidora": "LIGHT", "cod_sub": "1249", "nome": "SETD COLEGIO", "lat_rep": -22.844235, "lon_rep": -43.333789, "capacidade_mmgd_bdgd_kw": 5050.6, "capacidade_homologada_localizada_kw": 5028.9, "capacidade_lag_kw": 885.327, "pot_sem_homologacao_kw": 1.3, "n_unidades": 590.383, "n_sem_homologacao": 1.0, "capacidade_mmgd_kw": 5914.227, "fonte": "Solar FV", "fator_correcao": null, "capacidade_mmgd_corrigida_kw": 5914.227 }, "geometry": { "type": "MultiPolygon", "coordinates": [ [ [ [ -43.322787268527826, -22.86543431487878 ], [ -43.325277787096653, -22.868323031850135 ], [ -43.325277787096638, -22.868323031850117 ], [ -43.322787268527826, -22.86543431487878 ] ] ], [ [ [ -43.326439565928354, -22.829633048324617 ], [ -43.326681080120906, -22.827777523760009 ], [ -43.326262114279039, -22.830983077412267 ], [ -43.325428266437093, -22.834394064163515 ], [ -43.324713695328043, -22.836636481611059 ], [ -43.323143048106779, -22.838565526340886 ], [ -43.320613657246838, -22.838644674831919 ], [ -43.320613206462802, -22.838643473387656 ], [ -43.321664227444693, -22.83660998023818 ], [ -43.319139137991016, -22.841495346996567 ], [ -43.319139127619167, -22.841495370357229 ], [ -43.318539394132124, -22.846599188983916 ], [ -43.318712046488855, -22.857817543530576 ], [ -43.318258923238488, -22.85841988559325 ], [ -43.31708537790233, -22.858970932828441 ], [ -43.316863025034841, -22.860862602822831 ], [ -43.319108350602164, -22.861167132077696 ], [ -43.31954514062933, -22.861673585955721 ], [ -43.326179874268711, -22.862125945552137 ], [ -43.335227637761371, -22.863352259932292 ], [ -43.334972173876622, -22.861004379006406 ], [ -43.335162634525879, -22.860625685092025 ], [ -43.350835791559696, -22.841888614082276 ], [ -43.352219002524834, -22.83615938287458 ], [ -43.3492821896563, -22.826334615930403 ], [ -43.336553818961775, -22.825767847156595 ], [ -43.326439565928354, -22.829633048324617 ] ] ], [ [ [ -43.321664227444693, -22.83660998023818 ], [ -43.321664227581195, -22.836609979974089 ], [ -43.321664227581188, -22.836609979974096 ], [ -43.321664227444693, -22.83660998023818 ] ] ] ] } },
{ "type": "Feature", "properties": { "area_id": "LIGHT:18521217", "potencia_nominal_mva": 0.0, "n_trafos": 209, "origem": "fecho_trafos", "profundidade": 0, "recorte_ignorado": false, "geometria_vazia": false, "area_km2": 19.972, "lat_sub": -22.482142, "lon_sub": -43.837421, "classificacao": "Distribuição satélite", "area_mae": "LIGHT:18520299", "distribuidora": "LIGHT", "cod_sub": "18521217", "nome": "SESD ASSIS RIBEIRO", "lat_rep": -22.488383, "lon_rep": -43.845412, "capacidade_mmgd_bdgd_kw": 573.39, "capacidade_homologada_localizada_kw": 569.04, "capacidade_lag_kw": 81.59, "pot_sem_homologacao_kw": 0.0, "n_unidades": 70.442, "n_sem_homologacao": 0.0, "capacidade_mmgd_kw": 650.63, "fonte": "Solar FV", "fator_correcao": null, "capacidade_mmgd_corrigida_kw": 650.63 }, "geometry": { "type": "Polygon", "coordinates": [ [ [ -43.885045967027921, -22.489193154354918 ], [ -43.854216191624317, -22.48378046255678 ], [ -43.850479359672356, -22.481356818631582 ], [ -43.841355569248016, -22.48152070292447 ], [ -43.83661289275264, -22.48068707252407 ], [ -43.826572054996149, -22.469040119554201 ], [ -43.824502836212908, -22.46483853589131 ], [ -43.824502948203566, -22.464837610921624 ], [ -43.824533416771075, -22.464800619172991 ], [ -43.824533416771104, -22.464800619172955 ], [ -43.807196649520122, -22.485844824649622 ], [ -43.807196636874316, -22.485844841616156 ], [ -43.809440291755024, -22.487591145424034 ], [ -43.805947861550777, -22.491176975281203 ], [ -43.813375294036966, -22.496137624866485 ], [ -43.828986055147702, -22.500001198214346 ], [ -43.84753034958851, -22.510952014371327 ], [ -43.854255845466085, -22.506251668499068 ], [ -43.879242683130386, -22.512427725173517 ], [ -43.885045967027921, -22.489193154354918 ] ], [ [ -43.824528084276167, -22.466642775959485 ], [ -43.824463242676323, -22.469238640491849 ], [ -43.824327776625019, -22.469728018104242 ], [ -43.8216370340444, -22.475066850959063 ], [ -43.816595654607632, -22.480244031588025 ], [ -43.811616826070527, -22.480481573345457 ], [ -43.824482082349348, -22.464863491589654 ], [ -43.824528084276167, -22.466642775959485 ] ], [ [ -43.839264349622511, -22.482654379857777 ], [ -43.839312012976571, -22.482601305027682 ], [ -43.839386100287861, -22.48259509610947 ], [ -43.839443212276699, -22.4826393902006 ], [ -43.839449893523167, -22.482708240452109 ], [ -43.839402230181072, -22.482761315322964 ], [ -43.839328142781298, -22.482767524244764 ], [ -43.839271030780502, -22.482723230112867 ], [ -43.839264349622511, -22.482654379857777 ] ] ] } },
{ "type": "Feature", "properties": { "area_id": "LIGHT:18520677", "potencia_nominal_mva": 0.0, "n_trafos": 158, "origem": "fecho_trafos", "profundidade": 0, "recorte_ignorado": false, "geometria_vazia": false, "area_km2": 47.114, "lat_sub": -22.435806, "lon_sub": -43.706736, "classificacao": "Distribuição satélite", "area_mae": "LIGHT:18520353", "distribuidora": "LIGHT", "cod_sub": "18520677", "nome": "SESD ENGENHEIRO NOBREGA", "lat_rep": -22.450072, "lon_rep": -43.700733, "capacidade_mmgd_bdgd_kw": 317.84, "capacidade_homologada_localizada_kw": 317.84, "capacidade_lag_kw": 214.805, "pot_sem_homologacao_kw": 0.0, "n_unidades": 35.056, "n_sem_homologacao": 0.0, "capacidade_mmgd_kw": 532.645, "fonte": "Solar FV", "fator_correcao": null, "capacidade_mmgd_corrigida_kw": 532.645 }, "geometry": { "type": "Polygon", "coordinates": [ [ [ -43.743451568653732, -22.471779346789081 ], [ -43.741993527617964, -22.468542423888 ], [ -43.737792499425048, -22.459412081855962 ], [ -43.735384560375024, -22.447574893021343 ], [ -43.730191344316438, -22.443112078355657 ], [ -43.715573526969685, -22.427282483624115 ], [ -43.714015085837438, -22.423097826515527 ], [ -43.716364871943881, -22.406352511893804 ], [ -43.719347447240303, -22.395436886730586 ], [ -43.693859704361948, -22.421485527723842 ], [ -43.686188255752931, -22.421908025705338 ], [ -43.681082908211337, -22.434538113559952 ], [ -43.678811465064875, -22.436858214921283 ], [ -43.662690090153141, -22.452534195262896 ], [ -43.671306862569956, -22.458715499617991 ], [ -43.666465536120164, -22.470685706618092 ], [ -43.679491553284841, -22.474735515426502 ], [ -43.704350975082946, -22.498926826836708 ], [ -43.704346316326323, -22.49976532802259 ], [ -43.709869069811532, -22.500975103317138 ], [ -43.739102068896919, -22.474802438550121 ], [ -43.743364037615756, -22.472311252663616 ], [ -43.743451568653732, -22.471779346789081 ] ] ] } },
{ "type": "Feature", "properties": { "area_id": "LIGHT:10386114", "potencia_nominal_mva": 120.0, "n_trafos": 282, "origem": "fecho_trafos", "profundidade": 1, "recorte_ignorado": false, "geometria_vazia": false, "area_km2": 0.405, "lat_sub": -22.901488, "lon_sub": -43.186219, "classificacao": "Distribuição plena", "area_mae": null, "distribuidora": "LIGHT", "cod_sub": "10386114", "nome": "SETD MACKENZIE", "lat_rep": -22.898988, "lon_rep": -43.188677, "capacidade_mmgd_bdgd_kw": 113.96, "capacidade_homologada_localizada_kw": 117.63, "capacidade_lag_kw": 20.709, "pot_sem_homologacao_kw": 0.0, "n_unidades": 7.646, "n_sem_homologacao": 0.0, "capacidade_mmgd_kw": 138.339, "fonte": "Solar FV", "fator_correcao": null, "capacidade_mmgd_corrigida_kw": 138.339 }, "geometry": { "type": "MultiPolygon", "coordinates": [ [ [ [ -43.177005352509504, -22.899647032482804 ], [ -43.176551370439988, -22.900056235681284 ], [ -43.17631275727215, -22.900499375822221 ], [ -43.175957907144941, -22.901559939153 ], [ -43.176550614355044, -22.901797082618948 ], [ -43.177005352509504, -22.899647032482804 ] ] ], [ [ [ -43.185853646590353, -22.894699794754594 ], [ -43.18138508464348, -22.895699210208026 ], [ -43.179035615042558, -22.897817031443363 ], [ -43.180597452855061, -22.896982614394322 ], [ -43.185853646590353, -22.894699794754594 ] ] ], [ [ [ -43.195678145718468, -22.892214074673273 ], [ -43.190349459531816, -22.893378788288246 ], [ -43.191074434169643, -22.893531459467596 ], [ -43.190096194771684, -22.893750798615738 ], [ -43.185064667642926, -22.90327908183869 ], [ -43.187165241998031, -22.903308450140482 ], [ -43.193290675700332, -22.89405599294814 ], [ -43.19518971887738, -22.894730588383386 ], [ -43.194821925414153, -22.893231036647595 ], [ -43.195678145718468, -22.892214074673273 ] ] ] ] } },
{ "type": "Feature", "properties": { "area_id": "LIGHT:432307066", "potencia_nominal_mva": 0.0, "n_trafos": 0, "origem": "semente", "profundidade": 1, "recorte_ignorado": false, "geometria_vazia": false, "area_km2": 0.0, "lat_sub": -22.526664, "lon_sub": -44.572506, "classificacao": "Transporte/manobra", "area_mae": null, "distribuidora": "LIGHT", "cod_sub": "432307066", "nome": "SETD FUNIL", "lat_rep": -22.526664, "lon_rep": -44.572506, "capacidade_mmgd_bdgd_kw": 0.0, "capacidade_homologada_localizada_kw": 0.0, "capacidade_lag_kw": 0.0, "pot_sem_homologacao_kw": 0.0, "n_unidades": 0.0, "n_sem_homologacao": 0.0, "capacidade_mmgd_kw": 0.0, "fonte": null, "fator_correcao": null, "capacidade_mmgd_corrigida_kw": 0.0 }, "geometry": { "type": "Polygon", "coordinates": [ [ [ -44.572408850444297, -22.526672137969232 ], [ -44.572443761884628, -22.526733199541482 ], [ -44.572514924310049, -22.526753442856204 ], [ -44.572580651684881, -22.526721009637242 ], [ -44.572602441768311, -22.526654898847688 ], [ -44.572567530276672, -22.526593837308482 ], [ -44.572496367924501, -22.526573594017766 ], [ -44.57243064060097, -22.52660602720368 ], [ -44.572408850444297, -22.526672137969232 ] ] ] } },
{ "type": "Feature", "properties": { "area_id": "LIGHT:18521199", "potencia_nominal_mva": 0.0, "n_trafos": 102, "origem": "fecho_trafos", "profundidade": 0, "recorte_ignorado": false, "geometria_vazia": false, "area_km2": 25.542, "lat_sub": -22.55827, "lon_sub": -44.127969, "classificacao": "Distribuição satélite", "area_mae": "LIGHT:18520470", "distribuidora": "LIGHT", "cod_sub": "18521199", "nome": "SESD DUTRA", "lat_rep": -22.572918, "lon_rep": -44.116827, "capacidade_mmgd_bdgd_kw": 711.11, "capacidade_homologada_localizada_kw": 711.11, "capacidade_lag_kw": 177.873, "pot_sem_homologacao_kw": 0.0, "n_unidades": 58.332, "n_sem_homologacao": 0.0, "capacidade_mmgd_kw": 888.983, "fonte": "Solar FV", "fator_correcao": null, "capacidade_mmgd_corrigida_kw": 888.983 }, "geometry": { "type": "Polygon", "coordinates": [ [ [ -44.151949492980982, -22.586727525962775 ], [ -44.135806837553211, -22.56638274514961 ], [ -44.137057722648493, -22.560824948821235 ], [ -44.136663394057464, -22.560196491989913 ], [ -44.13055017222635, -22.553289360173554 ], [ -44.122373316797656, -22.549446594247122 ], [ -44.121329167330963, -22.548130082992568 ], [ -44.122801136356514, -22.543641760688811 ], [ -44.120682105097181, -22.54158631712631 ], [ -44.118967451597214, -22.547129010892906 ], [ -44.11847066538845, -22.548290757716799 ], [ -44.117306435259223, -22.548348485598574 ], [ -44.103060308549935, -22.555628133214803 ], [ -44.10253262580644, -22.5638711100306 ], [ -44.085175047273665, -22.57937846653369 ], [ -44.082821377233408, -22.580072775821456 ], [ -44.09151856706778, -22.599201672103799 ], [ -44.096648396348648, -22.604289917992642 ], [ -44.098812776747756, -22.604918287744422 ], [ -44.124922324995595, -22.595982822384631 ], [ -44.129044358114811, -22.596414583216305 ], [ -44.129494524646972, -22.594417516352848 ], [ -44.151949492980982, -22.586727525962775 ] ] ] } },
{ "type": "Feature", "properties": { "area_id": "LIGHT:18521046", "potencia_nominal_mva": 0.0, "n_trafos": 222, "origem": "fecho_trafos", "profundidade": 0, "recorte_ignorado": false, "geometria_vazia": false, "area_km2": 114.212, "lat_sub": -22.030868, "lon_sub": -43.229006, "classificacao": "Distribuição satélite", "area_mae": "LIGHT:18520326", "distribuidora": "LIGHT", "cod_sub": "18521046", "nome": "SESD SERRARIA", "lat_rep": -22.04247, "lon_rep": -43.308574, "capacidade_mmgd_bdgd_kw": 883.84, "capacidade_homologada_localizada_kw": 788.68, "capacidade_lag_kw": 33.283, "pot_sem_homologacao_kw": 0.0, "n_unidades": 48.511, "n_sem_homologacao": 0.0, "capacidade_mmgd_kw": 821.963, "fonte": "Solar FV", "fator_correcao": null, "capacidade_mmgd_corrigida_kw": 821.963 }, "geometry": { "type": "Polygon", "coordinates": [ [ [ -43.411628577424374, -22.072311663767628 ], [ -43.404293812337983, -22.043842851535437 ], [ -43.398424668696165, -22.039166458390341 ], [ -43.398696437655246, -22.039056037129317 ], [ -43.3828, -22.0302 ], [ -43.3678, -22.0198 ], [ -43.364999999040478, -22.010500000981203 ], [ -43.3504, -22.008 ], [ -43.346699999937861, -22.003800001602652 ], [ -43.3414, -22.009 ], [ -43.3309, -22.0109 ], [ -43.3266, -22.0078 ], [ -43.3162, -22.0077 ], [ -43.3166, -22.0169 ], [ -43.31, -22.0162 ], [ -43.3022, -22.021 ], [ -43.2805, -22.011 ], [ -43.2675, -22.012 ], [ -43.2615, -22.008 ], [ -43.2548, -22.012 ], [ -43.246599999976468, -22.006600001314492 ], [ -43.2342, -22.0142 ], [ -43.2367, -22.0229 ], [ -43.2277, -22.0288 ], [ -43.2215, -22.0338 ], [ -43.2075, -22.0297 ], [ -43.20511372121392, -22.033084314043663 ], [ -43.205317289662851, -22.03359664716811 ], [ -43.212622168323499, -22.041039188109931 ], [ -43.22401217533217, -22.047324751870498 ], [ -43.229437258472188, -22.052204059504085 ], [ -43.249561536089118, -22.062685008636095 ], [ -43.250698415214899, -22.065686589064242 ], [ -43.253424246088535, -22.064696317306343 ], [ -43.274483554859856, -22.075659243641084 ], [ -43.278526571935615, -22.075469859266565 ], [ -43.282998275298198, -22.08009057718073 ], [ -43.284816225188465, -22.081036606348576 ], [ -43.3037349678496, -22.081616391678708 ], [ -43.321218715438178, -22.070236611480041 ], [ -43.342527730003127, -22.061666115136813 ], [ -43.399229908315604, -22.081067050652862 ], [ -43.411314256745804, -22.073671693353855 ], [ -43.411628577424374, -22.072311663767628 ] ], [ [ -43.297793009267117, -22.021528889791053 ], [ -43.297840699994175, -22.021475973487526 ], [ -43.297914552155746, -22.02146999920744 ], [ -43.297971304218343, -22.021514466601975 ], [ -43.297977711599934, -22.021583327302974 ], [ -43.297930020881985, -22.0216362436467 ], [ -43.2978561686338, -22.021642217928186 ], [ -43.2977994165621, -22.021597750493452 ], [ -43.297793009267117, -22.021528889791053 ] ] ] } },
{ "type": "Feature", "properties": { "area_id": "LIGHT:18520614", "potencia_nominal_mva": 18.75, "n_trafos": 0, "origem": "semente", "profundidade": 1, "recorte_ignorado": false, "geometria_vazia": false, "area_km2": 0.0, "lat_sub": -21.988436, "lon_sub": -42.902907, "classificacao": "Transformadora pura", "area_mae": null, "distribuidora": "LIGHT", "cod_sub": "18520614", "nome": "SETD SAPUCAIA", "lat_rep": -21.988436, "lon_rep": -42.902907, "capacidade_mmgd_bdgd_kw": 9025.8, "capacidade_homologada_localizada_kw": 9025.8, "capacidade_lag_kw": 544.929, "pot_sem_homologacao_kw": 0.0, "n_unidades": 30.732, "n_sem_homologacao": 0.0, "capacidade_mmgd_kw": 9570.729, "fonte": "Solar FV", "fator_correcao": null, "capacidade_mmgd_corrigida_kw": 9570.729 }, "geometry": { "type": "Polygon", "coordinates": [ [ [ -42.902810387204248, -21.988443184581111 ], [ -42.902844434008507, -21.988504564445336 ], [ -42.902915045984855, -21.988525513674212 ], [ -42.902980859547959, -21.988493760473421 ], [ -42.903003321965684, -21.988427905457431 ], [ -42.902969275105342, -21.988366525621732 ], [ -42.902898663195543, -21.988345576421416 ], [ -42.902832849688522, -21.988377329593682 ], [ -42.902810387204248, -21.988443184581111 ] ] ] } },
{ "type": "Feature", "properties": { "area_id": "LIGHT:18520344", "potencia_nominal_mva": 0.0, "n_trafos": 192, "origem": "fecho_trafos", "profundidade": 0, "recorte_ignorado": false, "geometria_vazia": false, "area_km2": 142.628, "lat_sub": -22.367686, "lon_sub": -44.019799, "classificacao": "Distribuição satélite", "area_mae": "LIGHT:18520470", "distribuidora": "LIGHT", "cod_sub": "18520344", "nome": "SESD TURVO", "lat_rep": -22.362932, "lon_rep": -44.005152, "capacidade_mmgd_bdgd_kw": 134.04, "capacidade_homologada_localizada_kw": 134.04, "capacidade_lag_kw": 19.143, "pot_sem_homologacao_kw": 0.0, "n_unidades": 9.57, "n_sem_homologacao": 0.0, "capacidade_mmgd_kw": 153.183, "fonte": "Solar FV", "fator_correcao": null, "capacidade_mmgd_corrigida_kw": 153.183 }, "geometry": { "type": "Polygon", "coordinates": [ [ [ -44.081399192157562, -22.332940162793378 ], [ -44.07778688569104, -22.329719601266191 ], [ -44.072001759073295, -22.327269521215147 ], [ -44.074760946108988, -22.313826493229357 ], [ -44.035020445378947, -22.298181916528598 ], [ -44.032361644304096, -22.296161029220347 ], [ -44.00516661910941, -22.287989725797846 ], [ -44.00097161236512, -22.292375795038328 ], [ -44.005401782408491, -22.306576067732209 ], [ -43.995259247511186, -22.323938632642594 ], [ -43.989160200111442, -22.3309375790917 ], [ -43.976714853939242, -22.339928887041701 ], [ -43.962900463703825, -22.336878408466948 ], [ -43.959292251527167, -22.335931954892292 ], [ -43.945006196705698, -22.350852306888058 ], [ -43.949099512711427, -22.420006763830553 ], [ -43.961541376789235, -22.427087728527614 ], [ -43.963738322658635, -22.434882925546383 ], [ -43.975266707025213, -22.444597946309486 ], [ -43.98135089295981, -22.446169231660843 ], [ -43.987416957039684, -22.432806842909457 ], [ -44.012711160820068, -22.426321753876536 ], [ -44.027166067795186, -22.410572364946102 ], [ -44.027921893638478, -22.410730055339226 ], [ -44.038968716809308, -22.419584870643718 ], [ -44.049651936584119, -22.416842461247523 ], [ -44.046095356306807, -22.415535261481718 ], [ -44.028602486714313, -22.409007027913489 ], [ -44.06289333303333, -22.371623733193889 ], [ -44.06730905100958, -22.350124734680954 ], [ -44.068899893312718, -22.348009527582096 ], [ -44.079710703774268, -22.344298916143543 ], [ -44.078117978829418, -22.355017085487297 ], [ -44.081399192157562, -22.332940162793378 ] ] ] } },
{ "type": "Feature", "properties": { "area_id": "LIGHT:455138316", "potencia_nominal_mva": 0.0, "n_trafos": 11, "origem": "fecho_trafos", "profundidade": 0, "recorte_ignorado": false, "geometria_vazia": false, "area_km2": 12.432, "lat_sub": -22.869461, "lon_sub": -43.650369, "classificacao": "Distribuição satélite", "area_mae": "LIGHT:18519958", "distribuidora": "LIGHT", "cod_sub": "455138316", "nome": "SESD MANGUARIBA", "lat_rep": -22.858779, "lon_rep": -43.623368, "capacidade_mmgd_bdgd_kw": 3.0, "capacidade_homologada_localizada_kw": 3.0, "capacidade_lag_kw": 0.528, "pot_sem_homologacao_kw": 0.0, "n_unidades": 1.042, "n_sem_homologacao": 0.0, "capacidade_mmgd_kw": 3.528, "fonte": "Solar FV", "fator_correcao": null, "capacidade_mmgd_corrigida_kw": 3.528 }, "geometry": { "type": "Polygon", "coordinates": [ [ [ -43.685081744874537, -22.858162859146887 ], [ -43.684910982628303, -22.85788486157519 ], [ -43.653855044090655, -22.843613781566656 ], [ -43.64987053795987, -22.841473619617798 ], [ -43.644632766149897, -22.838367692046287 ], [ -43.644406783893047, -22.843628090390762 ], [ -43.618959065764464, -22.85684135990083 ], [ -43.614880220978037, -22.856832352951155 ], [ -43.607138410219072, -22.856372433068422 ], [ -43.60339468448673, -22.859743030804445 ], [ -43.618003424220298, -22.872933666933367 ], [ -43.625656018581978, -22.870040211964923 ], [ -43.644234014336909, -22.869936325429578 ], [ -43.644925109692764, -22.870032535646331 ], [ -43.64631151647783, -22.870651079864313 ], [ -43.648877542573189, -22.87642084691241 ], [ -43.651768541647463, -22.87577060786743 ], [ -43.664557755077524, -22.881750587709188 ], [ -43.66534324089551, -22.879661611201819 ], [ -43.666154225657287, -22.87601793753198 ], [ -43.6637258423576, -22.873121114965294 ], [ -43.660093719631384, -22.871369233330082 ], [ -43.657966309551227, -22.870726776035795 ], [ -43.653113954365828, -22.869876911468126 ], [ -43.640403929775403, -22.857267959537864 ], [ -43.655827583311257, -22.853623836524591 ], [ -43.674102699629451, -22.855260731970638 ], [ -43.685081744874537, -22.858162859146887 ] ] ] } },
{ "type": "Feature", "properties": { "area_id": "LIGHT:292112253", "potencia_nominal_mva": 0.0, "n_trafos": 0, "origem": "semente", "profundidade": 2, "recorte_ignorado": false, "geometria_vazia": false, "area_km2": 0.0, "lat_sub": -22.829762, "lon_sub": -43.312534, "classificacao": "Transporte/manobra", "area_mae": "LIGHT:1285", "distribuidora": "LIGHT", "cod_sub": "292112253", "nome": "SEMT CORDOVIL", "lat_rep": -22.829762, "lon_rep": -43.312534, "capacidade_mmgd_bdgd_kw": 0.0, "capacidade_homologada_localizada_kw": 0.0, "capacidade_lag_kw": 0.0, "pot_sem_homologacao_kw": 0.0, "n_unidades": 0.0, "n_sem_homologacao": 0.0, "capacidade_mmgd_kw": 0.0, "fonte": null, "fator_correcao": null, "capacidade_mmgd_corrigida_kw": 0.0 }, "geometry": { "type": "Polygon", "coordinates": [ [ [ -43.312438257790078, -22.82977869257142 ], [ -43.312478986018725, -22.829836584686689 ], [ -43.312551947766401, -22.829850825493974 ], [ -43.312614402973942, -22.829813072906266 ], [ -43.312629766197936, -22.82974544190256 ], [ -43.312589037927218, -22.829687549823035 ], [ -43.312516076260401, -22.829673309037471 ], [ -43.312453621094932, -22.829711061589432 ], [ -43.312438257790078, -22.82977869257142 ] ] ] } },
{ "type": "Feature", "properties": { "area_id": "LIGHT:18520560", "potencia_nominal_mva": 0.0, "n_trafos": 520, "origem": "fecho_trafos", "profundidade": 0, "recorte_ignorado": false, "geometria_vazia": false, "area_km2": 210.379, "lat_sub": -22.477744, "lon_sub": -43.498039, "classificacao": "Distribuição satélite", "area_mae": "LIGHT:18520353", "distribuidora": "LIGHT", "cod_sub": "18520560", "nome": "SESD GOVERNADOR PORTELA", "lat_rep": -22.496167, "lon_rep": -43.461158, "capacidade_mmgd_bdgd_kw": 918.56, "capacidade_homologada_localizada_kw": 906.14, "capacidade_lag_kw": 1529.783, "pot_sem_homologacao_kw": 0.0, "n_unidades": 143.164, "n_sem_homologacao": 0.0, "capacidade_mmgd_kw": 2435.923, "fonte": "Solar FV", "fator_correcao": null, "capacidade_mmgd_corrigida_kw": 2435.923 }, "geometry": { "type": "Polygon", "coordinates": [ [ [ -43.574953422117531, -22.540246460897201 ], [ -43.56798350783216, -22.505708985762421 ], [ -43.566261090786, -22.504429937891949 ], [ -43.555284907560505, -22.49522751263855 ], [ -43.560021628302501, -22.469104391425258 ], [ -43.553351608172001, -22.448742476550198 ], [ -43.545475341983028, -22.450372688311901 ], [ -43.530071282424025, -22.428154005941053 ], [ -43.521285642327719, -22.430022381977846 ], [ -43.517064132298167, -22.425206880607451 ], [ -43.512232118593708, -22.431947365982058 ], [ -43.499399059959899, -22.434674917557317 ], [ -43.470293589783942, -22.471966276039254 ], [ -43.452640152239852, -22.476653201561245 ], [ -43.450551155344442, -22.475274102115382 ], [ -43.43252422486011, -22.462152897782158 ], [ -43.428287832438009, -22.467501878843429 ], [ -43.41603560279308, -22.474030805362233 ], [ -43.357247398652319, -22.48056460005234 ], [ -43.359709296397519, -22.488062222330964 ], [ -43.366164099608653, -22.497041744723198 ], [ -43.388680881282518, -22.516649729582682 ], [ -43.396968611963366, -22.520023452281603 ], [ -43.388507194957761, -22.52905138832136 ], [ -43.465815978297321, -22.566040606531896 ], [ -43.537794173347891, -22.57028925754819 ], [ -43.542376810295387, -22.56772024460286 ], [ -43.542300826684844, -22.565096521365721 ], [ -43.548454513501028, -22.564684151265961 ], [ -43.574060839016617, -22.542562504263678 ], [ -43.574953422117531, -22.540246460897201 ] ] ] } },
{ "type": "Feature", "properties": { "area_id": "LIGHT:18520012", "potencia_nominal_mva": 0.0, "n_trafos": 509, "origem": "fecho_trafos", "profundidade": 0, "recorte_ignorado": false, "geometria_vazia": false, "area_km2": 119.938, "lat_sub": -22.706926, "lon_sub": -43.719024, "classificacao": "Distribuição satélite", "area_mae": "LIGHT:18521154", "distribuidora": "LIGHT", "cod_sub": "18520012", "nome": "SESD VILA GRACA", "lat_rep": -22.72239, "lon_rep": -43.742123, "capacidade_mmgd_bdgd_kw": 1376.77, "capacidade_homologada_localizada_kw": 1355.77, "capacidade_lag_kw": 542.586, "pot_sem_homologacao_kw": 0.0, "n_unidades": 85.221, "n_sem_homologacao": 0.0, "capacidade_mmgd_kw": 1898.356, "fonte": "Solar FV", "fator_correcao": null, "capacidade_mmgd_corrigida_kw": 1898.356 }, "geometry": { "type": "Polygon", "coordinates": [ [ [ -43.822901098783049, -22.731476082359265 ], [ -43.772791945816159, -22.708415568079108 ], [ -43.764060541193537, -22.676222320047504 ], [ -43.822892489769259, -22.730744723511688 ], [ -43.755895028821236, -22.668649212797838 ], [ -43.755027849799653, -22.668302313013907 ], [ -43.754916754584237, -22.666161184738947 ], [ -43.755662022100061, -22.660881075786151 ], [ -43.759324229007973, -22.658758728204489 ], [ -43.758896846179319, -22.657182365902933 ], [ -43.732339687226442, -22.661280420021818 ], [ -43.677136347398061, -22.653317328232458 ], [ -43.677136322414555, -22.653317328238373 ], [ -43.644950492252548, -22.654862816269521 ], [ -43.643651204888947, -22.657155535817413 ], [ -43.639985758739236, -22.663717746334004 ], [ -43.653453581855317, -22.683873911068847 ], [ -43.65825779735448, -22.690740164919958 ], [ -43.660999685340045, -22.690666293344595 ], [ -43.67233461431502, -22.695357134310569 ], [ -43.67695270817169, -22.717451635082771 ], [ -43.688799238150949, -22.734371832177274 ], [ -43.690885513170265, -22.737156761533555 ], [ -43.709384078565137, -22.73661536126172 ], [ -43.72273516977959, -22.75121491431943 ], [ -43.723752131016965, -22.754361778214761 ], [ -43.727628451409664, -22.774659331756279 ], [ -43.720826822037758, -22.777109963206424 ], [ -43.734214201602562, -22.772287314680174 ], [ -43.744413006016067, -22.772674902603534 ], [ -43.758762331267988, -22.781711302889388 ], [ -43.730811937004177, -22.790427763060237 ], [ -43.765334244390566, -22.779662081291569 ], [ -43.771461474271376, -22.777341628354964 ], [ -43.764298440485327, -22.750672117858588 ], [ -43.789550089651158, -22.727169113772636 ], [ -43.823017507374367, -22.741413411984997 ], [ -43.823179946836454, -22.755215652992003 ], [ -43.822901098783049, -22.731476082359265 ] ], [ [ -43.675593001264573, -22.653391588044979 ], [ -43.6716797468832, -22.668120313637861 ], [ -43.645877749883255, -22.6548193040081 ], [ -43.645878670400023, -22.654818338620498 ], [ -43.675593001264573, -22.653391588044979 ] ], [ [ -43.719514910818575, -22.701672515088838 ], [ -43.719562698046609, -22.701619482625301 ], [ -43.719636905682023, -22.701613334587393 ], [ -43.719694063961718, -22.701657672409993 ], [ -43.719700690348979, -22.70172652362718 ], [ -43.719652903132541, -22.701779556131989 ], [ -43.719578695407471, -22.701785704173101 ], [ -43.719521537116172, -22.701741366309232 ], [ -43.719514910818575, -22.701672515088838 ] ], [ [ -43.75374875279487, -22.67166780517648 ], [ -43.753784447644279, -22.671607132932049 ], [ -43.753855916840628, -22.671587654537348 ], [ -43.753921294753354, -22.67162078015852 ], [ -43.753942283919656, -22.67168710528194 ], [ -43.753906589115331, -22.671747777563152 ], [ -43.753835119840794, -22.67176725597669 ], [ -43.753769741882977, -22.671734130318736 ], [ -43.75374875279487, -22.67166780517648 ] ] ] } },
{ "type": "Feature", "properties": { "area_id": "LIGHT:295955379", "potencia_nominal_mva": 0.0, "n_trafos": 0, "origem": "semente", "profundidade": 1, "recorte_ignorado": false, "geometria_vazia": false, "area_km2": 0.0, "lat_sub": -22.853156, "lon_sub": -43.282635, "classificacao": "Transporte/manobra", "area_mae": "LIGHT:1240", "distribuidora": "LIGHT", "cod_sub": "295955379", "nome": "SEMT OLARIA", "lat_rep": -22.853156, "lon_rep": -43.282635, "capacidade_mmgd_bdgd_kw": 0.0, "capacidade_homologada_localizada_kw": 0.0, "capacidade_lag_kw": 0.0, "pot_sem_homologacao_kw": 0.0, "n_unidades": 0.0, "n_sem_homologacao": 0.0, "capacidade_mmgd_kw": 0.0, "fonte": null, "fator_correcao": null, "capacidade_mmgd_corrigida_kw": 0.0 }, "geometry": { "type": "Polygon", "coordinates": [ [ [ -43.282537910830555, -22.853164157427848 ], [ -43.282572312536516, -22.853225477010316 ], [ -43.282643423510677, -22.853246292007896 ], [ -43.282709587858335, -22.853214409257255 ], [ -43.282732047361719, -22.853148505263018 ], [ -43.282697645598532, -22.853087185711335 ], [ -43.282626534695474, -22.853066370742152 ], [ -43.282560370405044, -22.853098253462001 ], [ -43.282537910830555, -22.853164157427848 ] ] ] } },
{ "type": "Feature", "properties": { "area_id": "LIGHT:10386105", "potencia_nominal_mva": 220.0, "n_trafos": 941, "origem": "fecho_trafos", "profundidade": 0, "recorte_ignorado": false, "geometria_vazia": false, "area_km2": 7.19, "lat_sub": -22.915316, "lon_sub": -43.197736, "classificacao": "Distribuição plena", "area_mae": null, "distribuidora": "LIGHT", "cod_sub": "10386105", "nome": "SETD FREI CANECA", "lat_rep": -22.921383, "lon_rep": -43.198235, "capacidade_mmgd_bdgd_kw": 1698.22, "capacidade_homologada_localizada_kw": 1691.39, "capacidade_lag_kw": 297.766, "pot_sem_homologacao_kw": 0.0, "n_unidades": 153.672, "n_sem_homologacao": 0.0, "capacidade_mmgd_kw": 1989.156, "fonte": "Solar FV", "fator_correcao": null, "capacidade_mmgd_corrigida_kw": 1989.156 }, "geometry": { "type": "MultiPolygon", "coordinates": [ [ [ [ -43.203777578022624, -22.937341882934014 ], [ -43.205633085764774, -22.937932728949534 ], [ -43.203777578022631, -22.937341882934017 ], [ -43.203777578022624, -22.937341882934014 ] ] ], [ [ [ -43.203777555879228, -22.937341874736777 ], [ -43.203777555118364, -22.937341876786491 ], [ -43.203777578022624, -22.937341882934014 ], [ -43.203777555879228, -22.937341874736777 ] ] ], [ [ [ -43.213907504642286, -22.933086736561908 ], [ -43.209340104325726, -22.930087714174626 ], [ -43.209350598235055, -22.92728948665162 ], [ -43.209905835579434, -22.92004422814238 ], [ -43.21464023629229, -22.910872866242773 ], [ -43.215334331221428, -22.91075003410506 ], [ -43.215872396169864, -22.910691357418848 ], [ -43.214839197737831, -22.9094688300614 ], [ -43.208791013273661, -22.907733031844916 ], [ -43.204943645446704, -22.903786126634444 ], [ -43.198345432961318, -22.903569403759381 ], [ -43.192563774351235, -22.907776289954185 ], [ -43.190194194090914, -22.907352680857898 ], [ -43.181517109365892, -22.903296772482548 ], [ -43.190393465226542, -22.907446138325014 ], [ -43.189671610384622, -22.91316660958088 ], [ -43.185991725894553, -22.92005083758453 ], [ -43.178138336605194, -22.906289502970015 ], [ -43.187361273341409, -22.922451401987729 ], [ -43.20695567952226, -22.938352906793366 ], [ -43.205633085764774, -22.937932728949534 ], [ -43.207052999761167, -22.938384844235507 ], [ -43.213526184416644, -22.938499652695395 ], [ -43.215977268835921, -22.938363539592832 ], [ -43.216465051773049, -22.933507735486742 ], [ -43.215155629052177, -22.933368724133988 ], [ -43.213907504642286, -22.933086736561908 ] ] ] ] } },
{ "type": "Feature", "properties": { "area_id": "LIGHT:10385907", "potencia_nominal_mva": 120.0, "n_trafos": 1197, "origem": "fecho_trafos", "profundidade": 1, "recorte_ignorado": false, "geometria_vazia": false, "area_km2": 23.164, "lat_sub": -22.998227, "lon_sub": -43.325222, "classificacao": "Distribuição plena", "area_mae": null, "distribuidora": "LIGHT", "cod_sub": "10385907", "nome": "SETD BARRA", "lat_rep": -22.991957, "lon_rep": -43.302128, "capacidade_mmgd_bdgd_kw": 10890.79, "capacidade_homologada_localizada_kw": 10845.9, "capacidade_lag_kw": 1909.398, "pot_sem_homologacao_kw": 6.0, "n_unidades": 1231.797, "n_sem_homologacao": 1.0, "capacidade_mmgd_kw": 12755.298, "fonte": "Solar FV", "fator_correcao": null, "capacidade_mmgd_corrigida_kw": 12755.298 }, "geometry": { "type": "MultiPolygon", "coordinates": [ [ [ [ -43.310831799417059, -23.010353246360626 ], [ -43.306035159079109, -23.008048893042545 ], [ -43.306315772541275, -23.007488123409949 ], [ -43.327039527109349, -22.975342043506579 ], [ -43.329849831837898, -22.97280420276941 ], [ -43.331366424500885, -22.97209756961956 ], [ -43.332418884421152, -22.972588182121193 ], [ -43.331396357760191, -22.971625955969309 ], [ -43.325522707628082, -22.970127532348393 ], [ -43.325281775105658, -22.970147595271829 ], [ -43.32190475071063, -22.96783106808617 ], [ -43.295858872809248, -22.965386388000869 ], [ -43.29651797423179, -22.965954622880126 ], [ -43.298283235613447, -22.969067929028146 ], [ -43.29808140991662, -22.972424473501643 ], [ -43.285007811382968, -22.973517363177432 ], [ -43.284036518054251, -22.973719304074798 ], [ -43.283156719935683, -22.976499411773567 ], [ -43.288855659663973, -22.994425591447357 ], [ -43.288461598043249, -22.998215230394397 ], [ -43.290871458247942, -23.007936929196298 ], [ -43.297437904597935, -23.01424119500388 ], [ -43.305076781008616, -23.01495844855619 ], [ -43.305560791790839, -23.014968279797962 ], [ -43.30429372365392, -23.016079032273272 ], [ -43.3359, -23.0114 ], [ -43.346373127023284, -23.011255581775316 ], [ -43.338790824608424, -23.010704593727237 ], [ -43.329355217890779, -23.011593954624317 ], [ -43.338111542791125, -23.010203599635673 ], [ -43.352044507633963, -23.005215842702871 ], [ -43.350774551633968, -22.989860344090538 ], [ -43.35077516407631, -22.989859435914664 ], [ -43.350776219308806, -22.989859641714528 ], [ -43.342795581857786, -22.982351847052023 ], [ -43.310831799417059, -23.010353246360626 ] ] ], [ [ [ -43.283113520645649, -22.976635955675768 ], [ -43.283113571996999, -22.976636162905525 ], [ -43.283113586650295, -22.976635707038881 ], [ -43.283113520645649, -22.976635955675768 ] ] ] ] } },
{ "type": "Feature", "properties": { "area_id": "LIGHT:1186", "potencia_nominal_mva": 1207.78, "n_trafos": 1448, "origem": "fecho_trafos", "profundidade": 0, "recorte_ignorado": false, "geometria_vazia": false, "area_km2": 19.947, "lat_sub": -22.880783, "lon_sub": -43.332931, "classificacao": "Distribuição plena", "area_mae": null, "distribuidora": "LIGHT", "cod_sub": "1186", "nome": "SETD CASCADURA", "lat_rep": -22.88098, "lon_rep": -43.334192, "capacidade_mmgd_bdgd_kw": 7156.39, "capacidade_homologada_localizada_kw": 6926.06, "capacidade_lag_kw": 1323.835, "pot_sem_homologacao_kw": 0.0, "n_unidades": 711.006, "n_sem_homologacao": 0.0, "capacidade_mmgd_kw": 8249.895, "fonte": "Solar FV", "fator_correcao": null, "capacidade_mmgd_corrigida_kw": 8249.895 }, "geometry": { "type": "MultiPolygon", "coordinates": [ [ [ [ -43.357353822797627, -22.86676597556723 ], [ -43.357282325237094, -22.866708775426655 ], [ -43.346925331528517, -22.871408770038492 ], [ -43.335275066540738, -22.86379313694631 ], [ -43.335227178854026, -22.863352704486996 ], [ -43.356726126796481, -22.866263984527826 ], [ -43.356776533949294, -22.866304125384957 ], [ -43.35672638500764, -22.866264019481523 ], [ -43.326179856998415, -22.862125943210849 ], [ -43.319544071708165, -22.86167198679405 ], [ -43.31910855277318, -22.861167144427451 ], [ -43.313906575971686, -22.860461598725283 ], [ -43.305894787302449, -22.864224682756571 ], [ -43.305297738329095, -22.864482926268874 ], [ -43.304632362115491, -22.864190378974826 ], [ -43.303751373260688, -22.863123197525727 ], [ -43.302173119967023, -22.8644733219793 ], [ -43.302533701635284, -22.864674135733189 ], [ -43.303236296858842, -22.865103520460096 ], [ -43.301024769081231, -22.869980851486996 ], [ -43.301775978841583, -22.869886549177085 ], [ -43.308331828123386, -22.871752830901475 ], [ -43.313237447305347, -22.875245465323555 ], [ -43.316463663351804, -22.886306390804659 ], [ -43.316879514827164, -22.888153079787941 ], [ -43.316040948699722, -22.895296708665139 ], [ -43.312917720647746, -22.905097882184062 ], [ -43.309172150064981, -22.9067665893838 ], [ -43.309408802298591, -22.907614447475535 ], [ -43.318210903395354, -22.910636092028515 ], [ -43.33060810253329, -22.908424222819207 ], [ -43.33124767115131, -22.909706347526441 ], [ -43.34095315695393, -22.909878543971921 ], [ -43.34450762259538, -22.905943179715784 ], [ -43.344619227712698, -22.905923088336646 ], [ -43.346545139807752, -22.904657445077376 ], [ -43.348201166471021, -22.90266307484513 ], [ -43.348097194047746, -22.901965723087361 ], [ -43.348497695551821, -22.900182493871835 ], [ -43.357353822797627, -22.86676597556723 ] ], [ [ -43.313756242805098, -22.905055646338411 ], [ -43.313818762796984, -22.905017938723947 ], [ -43.313891752162014, -22.905032230796408 ], [ -43.313932454777529, -22.905090150469054 ], [ -43.313917027573396, -22.905157769208493 ], [ -43.313854507539162, -22.905195476858804 ], [ -43.313781518092995, -22.905181184764505 ], [ -43.313740815519822, -22.905123265056027 ], [ -43.313756242805098, -22.905055646338411 ] ] ], [ [ [ -43.298978900533506, -22.870237887452259 ], [ -43.298978900533484, -22.870237887452266 ], [ -43.299749367088367, -22.87014109188808 ], [ -43.298978900533506, -22.870237887452259 ] ] ] ] } },
{ "type": "Feature", "properties": { "area_id": "LIGHT:18520587", "potencia_nominal_mva": 0.0, "n_trafos": 183, "origem": "fecho_trafos", "profundidade": 0, "recorte_ignorado": false, "geometria_vazia": false, "area_km2": 64.934, "lat_sub": -22.123396, "lon_sub": -43.170299, "classificacao": "Distribuição satélite", "area_mae": "LIGHT:18520326", "distribuidora": "LIGHT", "cod_sub": "18520587", "nome": "SESD MOURA BRASIL", "lat_rep": -22.121566, "lon_rep": -43.15033, "capacidade_mmgd_bdgd_kw": 1094.26, "capacidade_homologada_localizada_kw": 1091.79, "capacidade_lag_kw": 110.741, "pot_sem_homologacao_kw": 0.0, "n_unidades": 75.544, "n_sem_homologacao": 0.0, "capacidade_mmgd_kw": 1202.531, "fonte": "Solar FV", "fator_correcao": null, "capacidade_mmgd_corrigida_kw": 1202.531 }, "geometry": { "type": "Polygon", "coordinates": [ [ [ -43.202804899556469, -22.166571451080223 ], [ -43.201419973281865, -22.162308115291786 ], [ -43.201860692318192, -22.139529048797971 ], [ -43.19782404183055, -22.135238308341062 ], [ -43.189660540085818, -22.126099769339486 ], [ -43.186993432323206, -22.117885265667852 ], [ -43.180058119459872, -22.108245281748523 ], [ -43.17996582666018, -22.108199089813283 ], [ -43.173817334561548, -22.103469068761111 ], [ -43.173472497214405, -22.103149066420563 ], [ -43.171807357791117, -22.101290671043444 ], [ -43.167867535015255, -22.091296884736796 ], [ -43.154000290327723, -22.072011765463657 ], [ -43.152019540617673, -22.073426288328879 ], [ -43.1532, -22.0744 ], [ -43.1497, -22.0806 ], [ -43.1423, -22.1044 ], [ -43.1356, -22.1099 ], [ -43.1265, -22.1038 ], [ -43.122199978459903, -22.089399990981519 ], [ -43.106199999946192, -22.082700001042088 ], [ -43.0897, -22.0879 ], [ -43.078100000738232, -22.083100001405388 ], [ -43.076849431154372, -22.087813890287268 ], [ -43.099614270261583, -22.095810946191715 ], [ -43.119543801279448, -22.135478147985282 ], [ -43.131949941110861, -22.161404604048322 ], [ -43.147655903048509, -22.162867273289116 ], [ -43.156494145593342, -22.158218994209392 ], [ -43.173986553590872, -22.165315961428597 ], [ -43.179516584576653, -22.165829753797045 ], [ -43.185428887418567, -22.169958903318879 ], [ -43.188120808756963, -22.171048660402267 ], [ -43.188239216881691, -22.171921490710613 ], [ -43.192723109087531, -22.175052597285816 ], [ -43.193339417270614, -22.175385213825681 ], [ -43.19472984946313, -22.175989392186537 ], [ -43.198308332222354, -22.17734849864646 ], [ -43.202804899556469, -22.166571451080223 ] ], [ [ -43.154881655387037, -22.077216595352258 ], [ -43.154923626433536, -22.077159617183199 ], [ -43.154996531740153, -22.077146988642625 ], [ -43.155057664426266, -22.077186107352141 ], [ -43.155071213811283, -22.077254058130144 ], [ -43.155029242790079, -22.077311036338642 ], [ -43.15495633739981, -22.077323664887956 ], [ -43.154895204688394, -22.077284546139008 ], [ -43.154881655387037, -22.077216595352258 ] ] ] } },
{ "type": "Feature", "properties": { "area_id": "LIGHT:18520254", "potencia_nominal_mva": 0.0, "n_trafos": 215, "origem": "fecho_trafos", "profundidade": 0, "recorte_ignorado": false, "geometria_vazia": false, "area_km2": 31.612, "lat_sub": -22.461175, "lon_sub": -43.81249, "classificacao": "Distribuição satélite", "area_mae": "LIGHT:18520299", "distribuidora": "LIGHT", "cod_sub": "18520254", "nome": "SESD QUIMICA", "lat_rep": -22.452315, "lon_rep": -43.809601, "capacidade_mmgd_bdgd_kw": 1197.03, "capacidade_homologada_localizada_kw": 1169.77, "capacidade_lag_kw": 167.394, "pot_sem_homologacao_kw": 0.0, "n_unidades": 132.07, "n_sem_homologacao": 0.0, "capacidade_mmgd_kw": 1337.164, "fonte": "Solar FV", "fator_correcao": null, "capacidade_mmgd_corrigida_kw": 1337.164 }, "geometry": { "type": "Polygon", "coordinates": [ [ [ -43.831050539861025, -22.450500272874322 ], [ -43.821976739852317, -22.429346333465631 ], [ -43.808931031426042, -22.410756903192148 ], [ -43.796364094612123, -22.428205619185348 ], [ -43.797149053746757, -22.438364911952352 ], [ -43.791736597132761, -22.448306973598438 ], [ -43.78925500008954, -22.454135722421782 ], [ -43.77248479799615, -22.461345686081817 ], [ -43.762807370324488, -22.474770411172031 ], [ -43.776269264329706, -22.48875310498056 ], [ -43.80594785935633, -22.491176974243402 ], [ -43.809440742830304, -22.48759084734197 ], [ -43.807197036532088, -22.48584446195224 ], [ -43.811615218876433, -22.480482173871227 ], [ -43.81659795328595, -22.480244028197689 ], [ -43.821637130761012, -22.475066749986706 ], [ -43.824327771006985, -22.469728038472759 ], [ -43.824463238511655, -22.469238743970127 ], [ -43.824528084536276, -22.46664274431059 ], [ -43.824292232060515, -22.457319475589628 ], [ -43.831050539861025, -22.450500272874322 ] ] ] } },
{ "type": "Feature", "properties": { "area_id": "LIGHT:18520236", "potencia_nominal_mva": 0.0, "n_trafos": 80, "origem": "fecho_trafos", "profundidade": 0, "recorte_ignorado": false, "geometria_vazia": false, "area_km2": 45.595, "lat_sub": -22.446375, "lon_sub": -43.85242, "classificacao": "Distribuição satélite", "area_mae": "LIGHT:18520299", "distribuidora": "LIGHT", "cod_sub": "18520236", "nome": "SESD BELVEDERE", "lat_rep": -22.417801, "lon_rep": -43.853396, "capacidade_mmgd_bdgd_kw": 296.52, "capacidade_homologada_localizada_kw": 277.89, "capacidade_lag_kw": 39.687, "pot_sem_homologacao_kw": 14.63, "n_unidades": 14.181, "n_sem_homologacao": 1.0, "capacidade_mmgd_kw": 317.577, "fonte": "Solar FV", "fator_correcao": null, "capacidade_mmgd_corrigida_kw": 317.577 }, "geometry": { "type": "Polygon", "coordinates": [ [ [ -43.912669235295006, -22.432262790836191 ], [ -43.910088745274926, -22.426753433223265 ], [ -43.906708718318839, -22.425025260809907 ], [ -43.909150016663183, -22.422247770874542 ], [ -43.894000140942772, -22.418527888048196 ], [ -43.891771499954075, -22.417388297934188 ], [ -43.890281332580564, -22.41761453134356 ], [ -43.847151810827881, -22.407014621138185 ], [ -43.838861039346028, -22.402179584675835 ], [ -43.836405860377276, -22.400659174421165 ], [ -43.830047823895633, -22.391978226474919 ], [ -43.830579987258993, -22.386078887073694 ], [ -43.817070315335094, -22.379161566227491 ], [ -43.811752934437152, -22.379867246340165 ], [ -43.802038374505202, -22.396110888627963 ], [ -43.801247834405075, -22.399806048497439 ], [ -43.821976736642242, -22.429346335014628 ], [ -43.831050549411628, -22.450500292519514 ], [ -43.832901891915959, -22.448632294651631 ], [ -43.835639298833563, -22.448808739039066 ], [ -43.840346676590869, -22.455512668727781 ], [ -43.842325755081468, -22.456244081692127 ], [ -43.844157424789394, -22.455668062429364 ], [ -43.859710346821679, -22.450358159521883 ], [ -43.87722075742608, -22.451483055773696 ], [ -43.89021711809643, -22.452678021590756 ], [ -43.891250412132315, -22.454819822201237 ], [ -43.891795191999371, -22.44198489963652 ], [ -43.895047602314982, -22.438286498194056 ], [ -43.912669235295006, -22.432262790836191 ] ] ] } },
{ "type": "Feature", "properties": { "area_id": "LIGHT:1141", "potencia_nominal_mva": 120.0, "n_trafos": 1048, "origem": "fecho_trafos", "profundidade": 0, "recorte_ignorado": false, "geometria_vazia": false, "area_km2": 7.544, "lat_sub": -22.889696, "lon_sub": -43.274333, "classificacao": "Distribuição plena", "area_mae": null, "distribuidora": "LIGHT", "cod_sub": "1141", "nome": "SETD CACHAMBI", "lat_rep": -22.892396, "lon_rep": -43.277018, "capacidade_mmgd_bdgd_kw": 6143.83, "capacidade_homologada_localizada_kw": 6111.68, "capacidade_lag_kw": 1075.948, "pot_sem_homologacao_kw": 0.0, "n_unidades": 783.538, "n_sem_homologacao": 0.0, "capacidade_mmgd_kw": 7187.628, "fonte": "Solar FV", "fator_correcao": null, "capacidade_mmgd_corrigida_kw": 7187.628 }, "geometry": { "type": "Polygon", "coordinates": [ [ [ -43.293898609115921, -22.890682641609857 ], [ -43.291980769756506, -22.894401685693893 ], [ -43.290383908204333, -22.890695234846607 ], [ -43.290947327868693, -22.884328320785364 ], [ -43.289852029034122, -22.881969927546049 ], [ -43.288829911878096, -22.880204401361677 ], [ -43.287698335936945, -22.878680244653509 ], [ -43.271723793222215, -22.878606375785843 ], [ -43.271648106012734, -22.878524333263364 ], [ -43.2692547850464, -22.879333268559769 ], [ -43.269039551133105, -22.8795551951577 ], [ -43.268153059136353, -22.879705631798181 ], [ -43.262063835263262, -22.881763506049076 ], [ -43.263610214219938, -22.902280190858157 ], [ -43.249716687385813, -22.901744938478569 ], [ -43.253232101053349, -22.905340248415943 ], [ -43.254947377491341, -22.906155377183676 ], [ -43.264468961608586, -22.905997813871753 ], [ -43.267710509597194, -22.90562740083973 ], [ -43.288377066445229, -22.896422515104135 ], [ -43.29130494222872, -22.895714937830352 ], [ -43.293898609115921, -22.890682641609857 ] ], [ [ -43.279400791901352, -22.882210972252718 ], [ -43.279442982629071, -22.882153979460679 ], [ -43.279516309375452, -22.882141322330096 ], [ -43.279577818388738, -22.882180415229492 ], [ -43.279591478542358, -22.882248358097446 ], [ -43.279549287841874, -22.882305350930277 ], [ -43.279475961008224, -22.88231800807063 ], [ -43.279414451967703, -22.882278915130446 ], [ -43.279400791901352, -22.882210972252718 ] ] ] } },
{ "type": "Feature", "properties": { "area_id": "LIGHT:18520749", "potencia_nominal_mva": 120.0, "n_trafos": 1653, "origem": "fecho_trafos", "profundidade": 0, "recorte_ignorado": false, "geometria_vazia": false, "area_km2": 31.267, "lat_sub": -22.896594, "lon_sub": -43.55993, "classificacao": "Distribuição plena", "area_mae": null, "distribuidora": "LIGHT", "cod_sub": "18520749", "nome": "SETD JABOATAO", "lat_rep": -22.885108, "lon_rep": -43.560685, "capacidade_mmgd_bdgd_kw": 17689.82, "capacidade_homologada_localizada_kw": 17668.4, "capacidade_lag_kw": 3132.463, "pot_sem_homologacao_kw": 9.12, "n_unidades": 2712.994, "n_sem_homologacao": 1.0, "capacidade_mmgd_kw": 20800.863, "fonte": "Solar FV", "fator_correcao": null, "capacidade_mmgd_corrigida_kw": 20800.863 }, "geometry": { "type": "Polygon", "coordinates": [ [ [ -43.616430459942386, -22.873528332833992 ], [ -43.601820639192901, -22.861882743419262 ], [ -43.601820614878569, -22.861882740074435 ], [ -43.570831320810278, -22.859108954079989 ], [ -43.574010656766546, -22.859394716794327 ], [ -43.561145585108015, -22.863083304863636 ], [ -43.557288752250244, -22.861239366676735 ], [ -43.561332885364777, -22.86317311053962 ], [ -43.563035401263292, -22.867254003639964 ], [ -43.559369614149908, -22.871799585242496 ], [ -43.529136976636124, -22.881793266125591 ], [ -43.523373754544892, -22.887141862496474 ], [ -43.523652777063781, -22.890230508788541 ], [ -43.521762995680106, -22.891427996546 ], [ -43.520774331765814, -22.899195950467284 ], [ -43.528991038477095, -22.893869151217917 ], [ -43.547006629550388, -22.904587844857243 ], [ -43.560390857155419, -22.909886358728677 ], [ -43.567649227420794, -22.909524038536922 ], [ -43.582208257732631, -22.90582155705496 ], [ -43.591660467295277, -22.90832306519798 ], [ -43.592781382664057, -22.908266918239406 ], [ -43.592080742290847, -22.90288200243479 ], [ -43.593605838779169, -22.888426632414291 ], [ -43.594876248228069, -22.886127503465605 ], [ -43.596048402237571, -22.884711154935996 ], [ -43.596860530791744, -22.883962066343059 ], [ -43.610854397196171, -22.875636325191476 ], [ -43.616430459942386, -22.873528332833992 ] ] ] } },
{ "type": "Feature", "properties": { "area_id": "LIGHT:1267", "potencia_nominal_mva": 120.0, "n_trafos": 767, "origem": "fecho_trafos", "profundidade": 0, "recorte_ignorado": false, "geometria_vazia": false, "area_km2": 8.841, "lat_sub": -22.812901, "lon_sub": -43.321718, "classificacao": "Distribuição plena", "area_mae": null, "distribuidora": "LIGHT", "cod_sub": "1267", "nome": "SETD VIGARIO GERAL", "lat_rep": -22.814597, "lon_rep": -43.325033, "capacidade_mmgd_bdgd_kw": 4346.63, "capacidade_homologada_localizada_kw": 4364.75, "capacidade_lag_kw": 767.425, "pot_sem_homologacao_kw": 0.0, "n_unidades": 443.026, "n_sem_homologacao": 0.0, "capacidade_mmgd_kw": 5132.175, "fonte": "Solar FV", "fator_correcao": null, "capacidade_mmgd_corrigida_kw": 5132.175 }, "geometry": { "type": "Polygon", "coordinates": [ [ [ -43.35054105834692, -22.816385987077506 ], [ -43.32103085342905, -22.802547302725721 ], [ -43.305883910710925, -22.802948291991214 ], [ -43.301147124701814, -22.805000964582867 ], [ -43.30114709536906, -22.805000993445528 ], [ -43.297815237406908, -22.81278552712137 ], [ -43.298054452363772, -22.812229044713145 ], [ -43.325842088064142, -22.824594984179537 ], [ -43.326945048994311, -22.825757614047077 ], [ -43.326438501857851, -22.829633571435888 ], [ -43.336553822797953, -22.825767867685013 ], [ -43.345309427836284, -22.826157824097169 ], [ -43.35054105834692, -22.816385987077506 ] ] ] } },
{ "type": "Feature", "properties": { "area_id": "LIGHT:18521208", "potencia_nominal_mva": 36.8, "n_trafos": 0, "origem": "semente", "profundidade": 1, "recorte_ignorado": false, "geometria_vazia": false, "area_km2": 0.0, "lat_sub": -22.89076, "lon_sub": -43.839441, "classificacao": "Transformadora pura", "area_mae": null, "distribuidora": "LIGHT", "cod_sub": "18521208", "nome": "SETD BRISAMAR", "lat_rep": -22.89076, "lon_rep": -43.839441, "capacidade_mmgd_bdgd_kw": 19815.5, "capacidade_homologada_localizada_kw": 19815.5, "capacidade_lag_kw": 6735.496, "pot_sem_homologacao_kw": 0.0, "n_unidades": 84.93, "n_sem_homologacao": 0.0, "capacidade_mmgd_kw": 26550.996, "fonte": "Solar FV", "fator_correcao": null, "capacidade_mmgd_corrigida_kw": 26550.996 }, "geometry": { "type": "Polygon", "coordinates": [ [ [ -43.839344410014427, -22.890768444004827 ], [ -43.839379077293223, -22.890829655621207 ], [ -43.839450306759105, -22.890850226597191 ], [ -43.839516373105319, -22.890818106715162 ], [ -43.839538575523456, -22.890752111389016 ], [ -43.839503908189464, -22.890690899804703 ], [ -43.839432678796385, -22.890670328855435 ], [ -43.839366612505373, -22.890702448705383 ], [ -43.839344410014427, -22.890768444004827 ] ] ] } },
{ "type": "Feature", "properties": { "area_id": "LIGHT:18521190", "potencia_nominal_mva": 0.0, "n_trafos": 289, "origem": "fecho_trafos", "profundidade": 0, "recorte_ignorado": false, "geometria_vazia": false, "area_km2": 23.672, "lat_sub": -22.655217, "lon_sub": -43.302641, "classificacao": "Distribuição satélite", "area_mae": "LIGHT:18521352", "distribuidora": "LIGHT", "cod_sub": "18521190", "nome": "SESD CAPIVARI", "lat_rep": -22.643581, "lon_rep": -43.323931, "capacidade_mmgd_bdgd_kw": 1210.4, "capacidade_homologada_localizada_kw": 1212.3, "capacidade_lag_kw": 227.874, "pot_sem_homologacao_kw": 0.0, "n_unidades": 58.069, "n_sem_homologacao": 0.0, "capacidade_mmgd_kw": 1440.174, "fonte": "Solar FV", "fator_correcao": null, "capacidade_mmgd_corrigida_kw": 1440.174 }, "geometry": { "type": "MultiPolygon", "coordinates": [ [ [ [ -43.309010137369619, -22.667118768908619 ], [ -43.309011476883391, -22.667117098880656 ], [ -43.29823081895276, -22.671042084125517 ], [ -43.309010137369619, -22.667118768908619 ] ] ], [ [ [ -43.313172242347669, -22.626652655241696 ], [ -43.295149383039103, -22.642290792991556 ], [ -43.295149376217722, -22.642290812477288 ], [ -43.291075274982802, -22.656045872997407 ], [ -43.291075269994515, -22.656045893583865 ], [ -43.292481332362243, -22.668033899140152 ], [ -43.293863345971587, -22.670210421722732 ], [ -43.296558384941825, -22.670723638032879 ], [ -43.301815137385951, -22.667411859510278 ], [ -43.307787187702658, -22.664929059327484 ], [ -43.30946332771974, -22.666553757506549 ], [ -43.309011476883391, -22.667117098880656 ], [ -43.335221290473669, -22.657574719160024 ], [ -43.3352213138119, -22.65757470930351 ], [ -43.335221334388855, -22.657574695104863 ], [ -43.354083433300652, -22.643051021972511 ], [ -43.350303971413638, -22.61787936192037 ], [ -43.318951380442257, -22.621768643086316 ], [ -43.313172242347669, -22.626652655241696 ] ], [ [ -43.295500722011496, -22.6455934296838 ], [ -43.296275344654397, -22.647392645235524 ], [ -43.296434249288616, -22.64831346327761 ], [ -43.296256394585271, -22.649600307080831 ], [ -43.292119522349211, -22.65252057179681 ], [ -43.294610507087029, -22.644113762925869 ], [ -43.295500722011496, -22.6455934296838 ] ], [ [ -43.296479017182826, -22.645116915710766 ], [ -43.29649977944765, -22.645183288779386 ], [ -43.296463897543781, -22.645243848728427 ], [ -43.296392390573324, -22.645263120334459 ], [ -43.296327146405716, -22.645229814539746 ], [ -43.296306384220095, -22.645163441453786 ], [ -43.296342266167152, -22.6451028815424 ], [ -43.296413773058404, -22.645083609953716 ], [ -43.296479017182826, -22.645116915710766 ] ] ], [ [ [ -43.354083433300652, -22.643051021972511 ], [ -43.354083749846112, -22.643053130202443 ], [ -43.370212892894635, -22.630631460393502 ], [ -43.354083433300652, -22.643051021972511 ] ] ] ] } },
{ "type": "Feature", "properties": { "area_id": "LIGHT:258717802", "potencia_nominal_mva": 0.0, "n_trafos": 713, "origem": "fecho_trafos", "profundidade": 0, "recorte_ignorado": false, "geometria_vazia": false, "area_km2": 279.958, "lat_sub": -22.155278, "lon_sub": -43.749138, "classificacao": "Distribuição satélite", "area_mae": "LIGHT:18520353", "distribuidora": "LIGHT", "cod_sub": "258717802", "nome": "SESD PENTAGNA", "lat_rep": -22.17222, "lon_rep": -43.750431, "capacidade_mmgd_bdgd_kw": 798.82, "capacidade_homologada_localizada_kw": 793.82, "capacidade_lag_kw": 40.345, "pot_sem_homologacao_kw": 0.0, "n_unidades": 72.875, "n_sem_homologacao": 0.0, "capacidade_mmgd_kw": 834.165, "fonte": "Solar FV", "fator_correcao": null, "capacidade_mmgd_corrigida_kw": 834.165 }, "geometry": { "type": "MultiPolygon", "coordinates": [ [ [ [ -43.880208026315223, -22.214707265274871 ], [ -43.86374626808086, -22.188549359159314 ], [ -43.860266985261539, -22.186938886564125 ], [ -43.819218915565258, -22.164238291733302 ], [ -43.758944999914185, -22.09420737891185 ], [ -43.745751558316364, -22.090363647390685 ], [ -43.7314, -22.0962 ], [ -43.721521652142748, -22.083301319063061 ], [ -43.716313015011551, -22.081782313036022 ], [ -43.719717176992539, -22.080944815988353 ], [ -43.719299999121688, -22.080400000878786 ], [ -43.708899999986023, -22.07580000111707 ], [ -43.6957, -22.0765 ], [ -43.692899999201906, -22.071400001176308 ], [ -43.682100000850312, -22.0716000009674 ], [ -43.6802, -22.0805 ], [ -43.673, -22.0904 ], [ -43.6684, -22.0861 ], [ -43.66389999921909, -22.073500001060012 ], [ -43.661525910901609, -22.073534441107782 ], [ -43.662422294204688, -22.08733771898336 ], [ -43.650426186107765, -22.092125347712635 ], [ -43.650167405693708, -22.099864564023147 ], [ -43.663740031770843, -22.107624630278305 ], [ -43.664925727143981, -22.125875266257786 ], [ -43.649118810546291, -22.141059707958139 ], [ -43.650769169148916, -22.156792158399774 ], [ -43.674979901141903, -22.180118205581092 ], [ -43.682973687297988, -22.188099329220293 ], [ -43.682561291084426, -22.193459802570821 ], [ -43.702461394307008, -22.210302980917117 ], [ -43.703134994740104, -22.208651489545254 ], [ -43.706587302206998, -22.208886385328963 ], [ -43.709932566094011, -22.216424791266235 ], [ -43.737273857193713, -22.224600687814476 ], [ -43.743800653305705, -22.229230802778211 ], [ -43.750633610316754, -22.239448209764578 ], [ -43.788200320319021, -22.260514212346067 ], [ -43.837469032857207, -22.269961278247752 ], [ -43.837469056989157, -22.269961282304639 ], [ -43.85621680844789, -22.272641538436378 ], [ -43.84933402805752, -22.271656945715137 ], [ -43.857844683381465, -22.23223915958372 ], [ -43.858505851126225, -22.229660557147945 ], [ -43.880208026315223, -22.214707265274871 ] ] ], [ [ [ -43.648868836332802, -22.138676465806682 ], [ -43.648868835846812, -22.138676537069902 ], [ -43.648868840470136, -22.138676580916311 ], [ -43.648868836332802, -22.138676465806682 ] ] ] ] } },
{ "type": "Feature", "properties": { "area_id": "LIGHT:18520686", "potencia_nominal_mva": 0.0, "n_trafos": 158, "origem": "fecho_trafos", "profundidade": 1, "recorte_ignorado": false, "geometria_vazia": false, "area_km2": 23.019, "lat_sub": -22.479607, "lon_sub": -43.837937, "classificacao": "Distribuição satélite", "area_mae": "LIGHT:18520299", "distribuidora": "LIGHT", "cod_sub": "18520686", "nome": "SESD BARRA DO PIRAI", "lat_rep": -22.46712, "lon_rep": -43.858364, "capacidade_mmgd_bdgd_kw": 939.61, "capacidade_homologada_localizada_kw": 944.61, "capacidade_lag_kw": 134.906, "pot_sem_homologacao_kw": 0.0, "n_unidades": 110.016, "n_sem_homologacao": 0.0, "capacidade_mmgd_kw": 1079.516, "fonte": "Solar FV", "fator_correcao": null, "capacidade_mmgd_corrigida_kw": 1079.516 }, "geometry": { "type": "MultiPolygon", "coordinates": [ [ [ [ -43.893461934548412, -22.459405613862053 ], [ -43.890217586242819, -22.452678061485521 ], [ -43.877220764623701, -22.451483056235688 ], [ -43.859710242066299, -22.450358149015322 ], [ -43.844157430649361, -22.455668060429069 ], [ -43.842325730628232, -22.456244028663228 ], [ -43.840346565875279, -22.455512504541748 ], [ -43.835639399268779, -22.448808671499787 ], [ -43.83290180775478, -22.44863221952901 ], [ -43.824290530997928, -22.457321094750196 ], [ -43.824479357699175, -22.464790860511656 ], [ -43.826572027791229, -22.469040091654325 ], [ -43.836612728570536, -22.480687061269435 ], [ -43.841346177242777, -22.481520876163824 ], [ -43.850479246694306, -22.481356839210282 ], [ -43.854216012037625, -22.483780431009016 ], [ -43.885045990243732, -22.489193157328653 ], [ -43.887673461321981, -22.479895154132542 ], [ -43.892355546159102, -22.479023065721567 ], [ -43.890205767972539, -22.479422416779244 ], [ -43.890630095897485, -22.469430368908537 ], [ -43.893461934548412, -22.459405613862053 ] ] ], [ [ [ -43.837392745052576, -22.481591730646226 ], [ -43.837392745052583, -22.481591730646226 ], [ -43.83775857967791, -22.481585178137152 ], [ -43.837392745052576, -22.481591730646226 ] ] ], [ [ [ -43.822410238077858, -22.460589179324167 ], [ -43.822410238077865, -22.460589179324202 ], [ -43.823631023174912, -22.463068212656474 ], [ -43.822410238077858, -22.460589179324167 ] ] ] ] } },
{ "type": "Feature", "properties": { "area_id": "LIGHT:18521226", "potencia_nominal_mva": 0.0, "n_trafos": 290, "origem": "fecho_trafos", "profundidade": 0, "recorte_ignorado": false, "geometria_vazia": false, "area_km2": 67.888, "lat_sub": -22.473279, "lon_sub": -44.051149, "classificacao": "Distribuição satélite", "area_mae": "LIGHT:18520470", "distribuidora": "LIGHT", "cod_sub": "18521226", "nome": "SESD UNISOL", "lat_rep": -22.456858, "lon_rep": -44.0262, "capacidade_mmgd_bdgd_kw": 1574.63, "capacidade_homologada_localizada_kw": 1539.99, "capacidade_lag_kw": 226.101, "pot_sem_homologacao_kw": 0.0, "n_unidades": 196.683, "n_sem_homologacao": 0.0, "capacidade_mmgd_kw": 1766.091, "fonte": "Solar FV", "fator_correcao": null, "capacidade_mmgd_corrigida_kw": 1766.091 }, "geometry": { "type": "Polygon", "coordinates": [ [ [ -44.075353722641019, -22.461846696261812 ], [ -44.074771029486683, -22.46103392738415 ], [ -44.069148998629394, -22.424006677845906 ], [ -44.049651939827967, -22.41684246240537 ], [ -44.038968653186075, -22.419584730439556 ], [ -44.027921727473753, -22.410729922132472 ], [ -44.02716614922015, -22.410572170882823 ], [ -44.012711137501505, -22.42632171981089 ], [ -43.987416849224807, -22.432806797323909 ], [ -43.98135118536208, -22.446168579457328 ], [ -43.979322668511863, -22.445645462099172 ], [ -43.980187825538273, -22.448730808674068 ], [ -43.978398208093367, -22.452672529174322 ], [ -43.97705710960512, -22.482134342375318 ], [ -43.976930753077717, -22.487437851688842 ], [ -43.994967639613975, -22.497182819452981 ], [ -44.006463512421995, -22.494600363592326 ], [ -44.018296994910521, -22.488164406017162 ], [ -44.02139549205345, -22.491244632731267 ], [ -44.027662083877537, -22.48983605901353 ], [ -44.027797285676108, -22.492476508022921 ], [ -44.034236440966929, -22.488357596994135 ], [ -44.046384543269852, -22.485625239948007 ], [ -44.061794987592997, -22.47368700360056 ], [ -44.063653115165614, -22.475200691215015 ], [ -44.063296474851569, -22.473792675313472 ], [ -44.06588622350678, -22.470516981990279 ], [ -44.068291291632477, -22.468653294856036 ], [ -44.073634925346774, -22.463503353035865 ], [ -44.075161834740555, -22.463607169016395 ], [ -44.074953170731163, -22.462233105196674 ], [ -44.075353722641019, -22.461846696261812 ] ] ] } },
{ "type": "Feature", "properties": { "area_id": "LIGHT:10385961", "potencia_nominal_mva": 120.0, "n_trafos": 566, "origem": "fecho_trafos", "profundidade": 0, "recorte_ignorado": false, "geometria_vazia": false, "area_km2": 9.663, "lat_sub": -22.932916, "lon_sub": -43.181088, "classificacao": "Distribuição plena", "area_mae": null, "distribuidora": "LIGHT", "cod_sub": "10385961", "nome": "SETD BAEPENDI", "lat_rep": -22.934924, "lon_rep": -43.189834, "capacidade_mmgd_bdgd_kw": 2461.05, "capacidade_homologada_localizada_kw": 2456.43, "capacidade_lag_kw": 432.449, "pot_sem_homologacao_kw": 0.0, "n_unidades": 358.38, "n_sem_homologacao": 0.0, "capacidade_mmgd_kw": 2888.879, "fonte": "Solar FV", "fator_correcao": null, "capacidade_mmgd_corrigida_kw": 2888.879 }, "geometry": { "type": "MultiPolygon", "coordinates": [ [ [ [ -43.231676293525325, -22.950729435952102 ], [ -43.213322867104743, -22.93849605180484 ], [ -43.207053127702416, -22.938384846507287 ], [ -43.206959059031895, -22.93835489992945 ], [ -43.187361407831567, -22.922451512385983 ], [ -43.186542773798102, -22.921017265942087 ], [ -43.183626279269546, -22.92082738160817 ], [ -43.179163957058606, -22.915716458270477 ], [ -43.178199046102726, -22.915077469232653 ], [ -43.17760248386643, -22.914927586372432 ], [ -43.174952502787377, -22.915007781146624 ], [ -43.173542419339107, -22.916141015477386 ], [ -43.172729869196509, -22.922960958548749 ], [ -43.168493674152209, -22.924236220377299 ], [ -43.1713, -22.9324 ], [ -43.168600001406411, -22.938699999702514 ], [ -43.173660685700106, -22.94301284892526 ], [ -43.174588251209343, -22.94298434273513 ], [ -43.171812146591556, -22.940832594515662 ], [ -43.171545466662586, -22.94052016343673 ], [ -43.171059093672405, -22.939515058401852 ], [ -43.169744527250302, -22.936447043101158 ], [ -43.174579134290404, -22.932978380525636 ], [ -43.175344166483072, -22.933005160524534 ], [ -43.180800389515049, -22.939852751524917 ], [ -43.181629890139128, -22.94058025177646 ], [ -43.185031531079368, -22.938989950899582 ], [ -43.187770377186567, -22.941003508904689 ], [ -43.188932700156279, -22.942181029892392 ], [ -43.18898801863034, -22.944174882308932 ], [ -43.187046940807868, -22.943303952303861 ], [ -43.193393721175539, -22.946152963454139 ], [ -43.194037892346792, -22.946079019535127 ], [ -43.194507814318612, -22.946507002806147 ], [ -43.193458000595101, -22.94618181289578 ], [ -43.210804729399356, -22.951570151391167 ], [ -43.231676293525325, -22.950729435952102 ] ] ], [ [ [ -43.183284617101073, -22.918465175941151 ], [ -43.18328461710103, -22.918465175941115 ], [ -43.181561548385375, -22.917315815463535 ], [ -43.183284617101073, -22.918465175941151 ] ] ], [ [ [ -43.175677168478344, -22.914443849910707 ], [ -43.175677168478323, -22.914443849910707 ], [ -43.176138374797581, -22.914559730630511 ], [ -43.175677168478344, -22.914443849910707 ] ] ], [ [ [ -43.199951447889156, -22.92958076212922 ], [ -43.187172182321497, -22.921058212742459 ], [ -43.187172182321476, -22.921058212742444 ], [ -43.199951447889156, -22.92958076212922 ] ] ] ] } },
{ "type": "Feature", "properties": { "area_id": "LIGHT:18520290", "potencia_nominal_mva": 0.0, "n_trafos": 205, "origem": "fecho_trafos", "profundidade": 0, "recorte_ignorado": false, "geometria_vazia": false, "area_km2": 75.082, "lat_sub": -22.582483, "lon_sub": -43.966699, "classificacao": "Distribuição satélite", "area_mae": "LIGHT:18520371", "distribuidora": "LIGHT", "cod_sub": "18520290", "nome": "SESD MONTANHES", "lat_rep": -22.592392, "lon_rep": -43.966148, "capacidade_mmgd_bdgd_kw": 336.87, "capacidade_homologada_localizada_kw": 336.87, "capacidade_lag_kw": 15.755, "pot_sem_homologacao_kw": 0.0, "n_unidades": 29.281, "n_sem_homologacao": 0.0, "capacidade_mmgd_kw": 352.625, "fonte": "Solar FV", "fator_correcao": null, "capacidade_mmgd_corrigida_kw": 352.625 }, "geometry": { "type": "Polygon", "coordinates": [ [ [ -44.016456495325492, -22.586496852696929 ], [ -44.002601456367422, -22.579283811278785 ], [ -44.005601878580102, -22.565165961445782 ], [ -44.001829911492933, -22.565017768822091 ], [ -43.996302211666453, -22.564134210752272 ], [ -43.97891636099196, -22.548059731951206 ], [ -43.958214234894157, -22.538860690365556 ], [ -43.941669512015359, -22.545194499554984 ], [ -43.931073871491407, -22.582094587660151 ], [ -43.91573069113425, -22.598271452755842 ], [ -43.943397050969288, -22.618733654072447 ], [ -43.95953483658765, -22.636741256561976 ], [ -43.972262879577279, -22.640354519352659 ], [ -43.97276065678583, -22.640439538552371 ], [ -43.987307720750081, -22.651188413592795 ], [ -43.989005328134297, -22.64321209485837 ], [ -43.994146238348549, -22.644088731497067 ], [ -43.999897569490273, -22.644097622958249 ], [ -44.010957311823724, -22.63181733089359 ], [ -44.007299732044856, -22.610312596856641 ], [ -44.01232270306663, -22.584346088663303 ], [ -44.016456495325492, -22.586496852696929 ] ] ] } },
{ "type": "Feature", "properties": { "area_id": "LIGHT:18521127", "potencia_nominal_mva": 0.0, "n_trafos": 413, "origem": "fecho_trafos", "profundidade": 1, "recorte_ignorado": false, "geometria_vazia": false, "area_km2": 47.106, "lat_sub": -22.449246, "lon_sub": -43.455779, "classificacao": "Distribuição satélite", "area_mae": "LIGHT:18520353", "distribuidora": "LIGHT", "cod_sub": "18521127", "nome": "SESD MIGUEL PEREIRA", "lat_rep": -22.42631, "lon_rep": -43.484391, "capacidade_mmgd_bdgd_kw": 1798.87, "capacidade_homologada_localizada_kw": 1724.83, "capacidade_lag_kw": 2548.888, "pot_sem_homologacao_kw": 0.0, "n_unidades": 267.335, "n_sem_homologacao": 0.0, "capacidade_mmgd_kw": 4273.718, "fonte": "Solar FV", "fator_correcao": null, "capacidade_mmgd_corrigida_kw": 4273.718 }, "geometry": { "type": "MultiPolygon", "coordinates": [ [ [ [ -43.519892761068427, -22.421260525674864 ], [ -43.52004506196036, -22.419321141610791 ], [ -43.511649550480975, -22.383683826998819 ], [ -43.4989385176642, -22.387730303337118 ], [ -43.489955914025785, -22.394271183865229 ], [ -43.48994017255108, -22.394254619406755 ], [ -43.489716629073072, -22.394445408743493 ], [ -43.467678057864219, -22.410488319251016 ], [ -43.467866589925237, -22.413090248886228 ], [ -43.430273185564765, -22.445147601016764 ], [ -43.430194076417344, -22.449124738612927 ], [ -43.431268733951363, -22.461238902563267 ], [ -43.450551164256957, -22.475274108606005 ], [ -43.452640275083986, -22.476653330368922 ], [ -43.470293911524465, -22.47196618964735 ], [ -43.499398907598852, -22.434675118978955 ], [ -43.512232238348687, -22.431947376708653 ], [ -43.519892761068427, -22.421260525674864 ] ] ], [ [ [ -43.430423811055192, -22.437591626458381 ], [ -43.430423446898942, -22.437591913285921 ], [ -43.430423438817698, -22.437592320716025 ], [ -43.430423811055192, -22.437591626458381 ] ] ] ] } },
{ "type": "Feature", "properties": { "area_id": "LIGHT:18520767", "potencia_nominal_mva": 73.6, "n_trafos": 0, "origem": "semente", "profundidade": 1, "recorte_ignorado": false, "geometria_vazia": false, "area_km2": 0.0, "lat_sub": -22.691832, "lon_sub": -43.471227, "classificacao": "Transformadora pura", "area_mae": "LIGHT:280389625", "distribuidora": "LIGHT", "cod_sub": "18520767", "nome": "SETD ROCHA FREIRE", "lat_rep": -22.691832, "lon_rep": -43.471227, "capacidade_mmgd_bdgd_kw": 281.25, "capacidade_homologada_localizada_kw": 281.25, "capacidade_lag_kw": 43.979, "pot_sem_homologacao_kw": 0.0, "n_unidades": 10.739, "n_sem_homologacao": 0.0, "capacidade_mmgd_kw": 325.229, "fonte": "Solar FV", "fator_correcao": null, "capacidade_mmgd_corrigida_kw": 325.229 }, "geometry": { "type": "Polygon", "coordinates": [ [ [ -43.471129892610541, -22.691839620340453 ], [ -43.471164345715707, -22.691900902947225 ], [ -43.471235408959444, -22.691921631107927 ], [ -43.471301454406991, -22.691889662527633 ], [ -43.471323793491486, -22.6918237239889 ], [ -43.471289340330308, -22.691762441413058 ], [ -43.471218277157526, -22.691741713279981 ], [ -43.471152231766006, -22.691773681829346 ], [ -43.471129892610541, -22.691839620340453 ] ] ] } },
{ "type": "Feature", "properties": { "area_id": "LIGHT:18521253", "potencia_nominal_mva": 0.0, "n_trafos": 119, "origem": "fecho_trafos", "profundidade": 0, "recorte_ignorado": false, "geometria_vazia": false, "area_km2": 47.553, "lat_sub": -22.62283, "lon_sub": -44.153611, "classificacao": "Distribuição satélite", "area_mae": "LIGHT:18520470", "distribuidora": "LIGHT", "cod_sub": "18521253", "nome": "SESD ATAULFO DE PAIVA", "lat_rep": -22.630026, "lon_rep": -44.153621, "capacidade_mmgd_bdgd_kw": 146.18, "capacidade_homologada_localizada_kw": 154.18, "capacidade_lag_kw": 36.989, "pot_sem_homologacao_kw": 0.0, "n_unidades": 14.75, "n_sem_homologacao": 0.0, "capacidade_mmgd_kw": 191.169, "fonte": "Solar FV", "fator_correcao": null, "capacidade_mmgd_corrigida_kw": 191.169 }, "geometry": { "type": "Polygon", "coordinates": [ [ [ -44.204399999367553, -22.626299977232531 ], [ -44.204240440151565, -22.620555971217176 ], [ -44.182458748818128, -22.625158262287197 ], [ -44.151949506635894, -22.586727544975158 ], [ -44.129494110728508, -22.594417654345598 ], [ -44.129043948897596, -22.596414433448174 ], [ -44.124922455201343, -22.595982774672926 ], [ -44.098812778505845, -22.604918289310305 ], [ -44.102281126780838, -22.609876381062669 ], [ -44.113700814408169, -22.621200338179619 ], [ -44.113104460769769, -22.621475635303597 ], [ -44.116462507206151, -22.630144644992015 ], [ -44.119887020211024, -22.635041266113056 ], [ -44.137304473801187, -22.652239312529485 ], [ -44.146979173777879, -22.661296038217188 ], [ -44.15264238000124, -22.659795667228892 ], [ -44.165825826385131, -22.67285495922717 ], [ -44.1714, -22.6594 ], [ -44.189599998499254, -22.649099999547524 ], [ -44.1843, -22.6373 ], [ -44.1912, -22.6299 ], [ -44.204399999367553, -22.626299977232531 ] ] ] } },
{ "type": "Feature", "properties": { "area_id": "LIGHT:10385889", "potencia_nominal_mva": 120.0, "n_trafos": 694, "origem": "fecho_trafos", "profundidade": 0, "recorte_ignorado": false, "geometria_vazia": false, "area_km2": 6.085, "lat_sub": -22.917127, "lon_sub": -43.238425, "classificacao": "Distribuição plena", "area_mae": null, "distribuidora": "LIGHT", "cod_sub": "10385889", "nome": "SETD ALDEIA CAMPISTA", "lat_rep": -22.919903, "lon_rep": -43.239946, "capacidade_mmgd_bdgd_kw": 3016.53, "capacidade_homologada_localizada_kw": 3035.92, "capacidade_lag_kw": 534.467, "pot_sem_homologacao_kw": 0.0, "n_unidades": 452.49, "n_sem_homologacao": 0.0, "capacidade_mmgd_kw": 3570.387, "fonte": "Solar FV", "fator_correcao": null, "capacidade_mmgd_corrigida_kw": 3570.387 }, "geometry": { "type": "Polygon", "coordinates": [ [ [ -43.259456098839443, -22.910538254064306 ], [ -43.256849588698643, -22.908260244899328 ], [ -43.255737016180952, -22.906503345385179 ], [ -43.255777037746633, -22.90614167275044 ], [ -43.254947246880405, -22.906155311432009 ], [ -43.253232110254039, -22.905340237370858 ], [ -43.249709649536229, -22.901737743715142 ], [ -43.247252613727042, -22.901641675920391 ], [ -43.246281899785707, -22.901901755798157 ], [ -43.243340977069018, -22.903564337176142 ], [ -43.242868675634398, -22.903366393174892 ], [ -43.240691052152506, -22.905062361586531 ], [ -43.234151328627675, -22.908758924370208 ], [ -43.233200060585496, -22.908940888414811 ], [ -43.232195004816994, -22.908766141239447 ], [ -43.228172806251429, -22.907779222962692 ], [ -43.225691290409877, -22.910085113214517 ], [ -43.229712097528513, -22.910175077514495 ], [ -43.230097195926696, -22.911050039867863 ], [ -43.226792150816458, -22.912918130546526 ], [ -43.225898333414904, -22.9147181433204 ], [ -43.234213753352101, -22.928540973077922 ], [ -43.233163603084307, -22.928976170037551 ], [ -43.233204686559304, -22.929043333608888 ], [ -43.246261513554906, -22.925602536368299 ], [ -43.24607263495998, -22.925000040533771 ], [ -43.259278268895223, -22.911523232816542 ], [ -43.258212632159214, -22.910432420696246 ], [ -43.259456098839443, -22.910538254064306 ] ] ] } },
{ "type": "Feature", "properties": { "area_id": "LIGHT:18520245", "potencia_nominal_mva": 0.0, "n_trafos": 219, "origem": "fecho_trafos", "profundidade": 1, "recorte_ignorado": false, "geometria_vazia": false, "area_km2": 24.42, "lat_sub": -22.702732, "lon_sub": -43.555109, "classificacao": "Distribuição satélite", "area_mae": "LIGHT:18520767", "distribuidora": "LIGHT", "cod_sub": "18520245", "nome": "SESD PARAISO", "lat_rep": -22.685207, "lon_rep": -43.557179, "capacidade_mmgd_bdgd_kw": 265.93, "capacidade_homologada_localizada_kw": 264.74, "capacidade_lag_kw": 32.402, "pot_sem_homologacao_kw": 0.0, "n_unidades": 36.097, "n_sem_homologacao": 0.0, "capacidade_mmgd_kw": 297.142, "fonte": "Solar FV", "fator_correcao": null, "capacidade_mmgd_corrigida_kw": 297.142 }, "geometry": { "type": "MultiPolygon", "coordinates": [ [ [ [ -43.588700184746841, -22.696992752283702 ], [ -43.588039691118887, -22.694004067457524 ], [ -43.586259462894404, -22.693415059315907 ], [ -43.585397818504482, -22.692425468955776 ], [ -43.58551848082292, -22.69237305029171 ], [ -43.587383177269871, -22.691033270483338 ], [ -43.584616503665551, -22.678512516881238 ], [ -43.578564717634087, -22.671774600997125 ], [ -43.577741138203905, -22.671582525574898 ], [ -43.573507847402865, -22.668210355473153 ], [ -43.561208042627307, -22.661511300065985 ], [ -43.537116689556086, -22.655273907758385 ], [ -43.523282776217123, -22.665202882933965 ], [ -43.521849157126617, -22.669009456283192 ], [ -43.524165353901267, -22.679350252801264 ], [ -43.532489414597791, -22.690874666480891 ], [ -43.552517057148314, -22.705243322844947 ], [ -43.556808231699975, -22.704657783510431 ], [ -43.579614936293815, -22.694899738424201 ], [ -43.583211771815201, -22.696246639850585 ], [ -43.583883420670716, -22.699377124304874 ], [ -43.588700184746841, -22.696992752283702 ] ] ], [ [ [ -43.577140106010525, -22.670188357278004 ], [ -43.577140106010525, -22.670188357277993 ], [ -43.576481388834544, -22.669829652894826 ], [ -43.577140106010525, -22.670188357278004 ] ] ] ] } },
{ "type": "Feature", "properties": { "area_id": "LIGHT:10385988", "potencia_nominal_mva": 120.0, "n_trafos": 1067, "origem": "fecho_trafos", "profundidade": 0, "recorte_ignorado": false, "geometria_vazia": false, "area_km2": 32.19, "lat_sub": -22.999352, "lon_sub": -43.431298, "classificacao": "Distribuição plena", "area_mae": null, "distribuidora": "LIGHT", "cod_sub": "10385988", "nome": "SETD ITAPEBA", "lat_rep": -22.988959, "lon_rep": -43.421742, "capacidade_mmgd_bdgd_kw": 14980.82, "capacidade_homologada_localizada_kw": 14850.46, "capacidade_lag_kw": 2614.392, "pot_sem_homologacao_kw": 7.2, "n_unidades": 1705.844, "n_sem_homologacao": 1.0, "capacidade_mmgd_kw": 17464.852, "fonte": "Solar FV", "fator_correcao": null, "capacidade_mmgd_corrigida_kw": 17464.852 }, "geometry": { "type": "Polygon", "coordinates": [ [ [ -43.473713708788971, -23.030930710121218 ], [ -43.471660514934953, -23.030535537557032 ], [ -43.462171342144096, -23.021751185677328 ], [ -43.461221963408263, -23.020829895458643 ], [ -43.45026797040039, -23.004049427754719 ], [ -43.45243819211359, -22.998276794142942 ], [ -43.445360928089357, -22.991589781398435 ], [ -43.444026264280438, -22.99058628699499 ], [ -43.447728235054953, -22.979729614059515 ], [ -43.46270917117635, -22.970929116481219 ], [ -43.47085823944289, -22.949225316838589 ], [ -43.460878881343703, -22.945216664806338 ], [ -43.432552551417842, -22.965573124628509 ], [ -43.436318408384004, -22.969401656105763 ], [ -43.417999388427539, -22.976027125335886 ], [ -43.417716588381111, -22.9762301824011 ], [ -43.417583701324183, -22.976175782886809 ], [ -43.41028856692531, -22.97881505850421 ], [ -43.405375620539409, -22.986588326484654 ], [ -43.396701798797444, -22.985717740035756 ], [ -43.395038054418471, -22.987284792098816 ], [ -43.40497874623123, -22.990932123283514 ], [ -43.402798663346012, -23.011805708207209 ], [ -43.413541722196669, -23.015007871465066 ], [ -43.413139803205979, -23.01609155230425 ], [ -43.404861139069077, -23.015493467399779 ], [ -43.4198, -23.0176 ], [ -43.4544, -23.0252 ], [ -43.4677, -23.0299 ], [ -43.473355186963751, -23.031117034436427 ], [ -43.473713708788971, -23.030930710121218 ] ] ] } },
{ "type": "Feature", "properties": { "area_id": "LIGHT:284904325", "potencia_nominal_mva": 0.0, "n_trafos": 0, "origem": "semente", "profundidade": 1, "recorte_ignorado": false, "geometria_vazia": false, "area_km2": 0.0, "lat_sub": -22.748735, "lon_sub": -43.332062, "classificacao": "Transporte/manobra", "area_mae": "LIGHT:310718139", "distribuidora": "LIGHT", "cod_sub": "284904325", "nome": "SETD SAO JOSE", "lat_rep": -22.748735, "lon_rep": -43.332062, "capacidade_mmgd_bdgd_kw": 0.0, "capacidade_homologada_localizada_kw": 0.0, "capacidade_lag_kw": 0.0, "pot_sem_homologacao_kw": 0.0, "n_unidades": 0.0, "n_sem_homologacao": 0.0, "capacidade_mmgd_kw": 0.0, "fonte": null, "fator_correcao": null, "capacidade_mmgd_corrigida_kw": 0.0 }, "geometry": { "type": "Polygon", "coordinates": [ [ [ -43.331966406458434, -22.74875138923456 ], [ -43.332007121591779, -22.748809275975951 ], [ -43.332080043451988, -22.748823505525145 ], [ -43.332142455345689, -22.748785742390041 ], [ -43.332157797202306, -22.748718107728081 ], [ -43.332117082027146, -22.748660221022309 ], [ -43.332044160247456, -22.748645991494708 ], [ -43.33198174839557, -22.748683754594193 ], [ -43.331966406458434, -22.74875138923456 ] ] ] } },
{ "type": "Feature", "properties": { "area_id": "LIGHT:18520920", "potencia_nominal_mva": 0.0, "n_trafos": 109, "origem": "fecho_trafos", "profundidade": 0, "recorte_ignorado": false, "geometria_vazia": false, "area_km2": 53.045, "lat_sub": -22.538636, "lon_sub": -43.780985, "classificacao": "Distribuição satélite", "area_mae": "LIGHT:18520299", "distribuidora": "LIGHT", "cod_sub": "18520920", "nome": "SESD MORSING", "lat_rep": -22.557658, "lon_rep": -43.778955, "capacidade_mmgd_bdgd_kw": 408.77, "capacidade_homologada_localizada_kw": 408.77, "capacidade_lag_kw": 76.364, "pot_sem_homologacao_kw": 0.0, "n_unidades": 17.611, "n_sem_homologacao": 0.0, "capacidade_mmgd_kw": 485.134, "fonte": "Solar FV", "fator_correcao": null, "capacidade_mmgd_corrigida_kw": 485.134 }, "geometry": { "type": "Polygon", "coordinates": [ [ [ -43.825662330836842, -22.573121788456415 ], [ -43.816231992679974, -22.566152092582119 ], [ -43.808507460243227, -22.559654523755384 ], [ -43.808827426218627, -22.556345699158356 ], [ -43.79441619868814, -22.535996350620227 ], [ -43.793706431813497, -22.535752010510844 ], [ -43.794795061624541, -22.531420445711117 ], [ -43.775455868057144, -22.505889057417207 ], [ -43.761783264903599, -22.529046379299047 ], [ -43.761819654785377, -22.529334683893744 ], [ -43.761562280297589, -22.529420584417679 ], [ -43.747016979660984, -22.554045530399954 ], [ -43.750241236567916, -22.55897278509002 ], [ -43.748286959273436, -22.562943757010721 ], [ -43.742417370996918, -22.561830375674599 ], [ -43.73913723093392, -22.567381368108578 ], [ -43.793748504784652, -22.612531941048978 ], [ -43.812937590422727, -22.608145929724937 ], [ -43.813606314894407, -22.603553847726459 ], [ -43.825662330836842, -22.573121788456415 ] ] ] } },
{ "type": "Feature", "properties": { "area_id": "LIGHT:18520317", "potencia_nominal_mva": 0.0, "n_trafos": 208, "origem": "fecho_trafos", "profundidade": 0, "recorte_ignorado": false, "geometria_vazia": false, "area_km2": 100.636, "lat_sub": -22.502354, "lon_sub": -43.931149, "classificacao": "Distribuição satélite", "area_mae": "LIGHT:18520299", "distribuidora": "LIGHT", "cod_sub": "18520317", "nome": "SESD VARGEM ALEGRE", "lat_rep": -22.474711, "lon_rep": -43.932507, "capacidade_mmgd_bdgd_kw": 672.46, "capacidade_homologada_localizada_kw": 672.46, "capacidade_lag_kw": 96.331, "pot_sem_homologacao_kw": 0.0, "n_unidades": 55.945, "n_sem_homologacao": 0.0, "capacidade_mmgd_kw": 768.791, "fonte": "Solar FV", "fator_correcao": null, "capacidade_mmgd_corrigida_kw": 768.791 }, "geometry": { "type": "Polygon", "coordinates": [ [ [ -43.980187871886748, -22.4487308340575 ], [ -43.979322666065805, -22.445645461421449 ], [ -43.975266622906048, -22.444597870153142 ], [ -43.963738409958303, -22.434882977950647 ], [ -43.961541495555799, -22.427087753987106 ], [ -43.94909951154979, -22.420006765553143 ], [ -43.948192759628, -22.420366996833422 ], [ -43.930778589501969, -22.397639594330368 ], [ -43.90670816033996, -22.425025271852835 ], [ -43.91008873542998, -22.426753498952365 ], [ -43.912668719909597, -22.4322628353206 ], [ -43.895047771078794, -22.438286308290639 ], [ -43.891795182297749, -22.441984762953311 ], [ -43.891250413984991, -22.454819825991372 ], [ -43.893461877438767, -22.459405749485306 ], [ -43.890630101498985, -22.4694302706441 ], [ -43.890205729507862, -22.47942275802399 ], [ -43.887673491957969, -22.479894882166708 ], [ -43.885045989511774, -22.489193164910354 ], [ -43.879242685272757, -22.512427725784853 ], [ -43.899675031741097, -22.517474817398771 ], [ -43.901572774280687, -22.523203386466722 ], [ -43.910074592821488, -22.525545435897456 ], [ -43.925876880023154, -22.523942762202086 ], [ -43.930059853587032, -22.524974881030978 ], [ -43.94425292134941, -22.536193349213445 ], [ -43.941669512515084, -22.545194497079958 ], [ -43.958214234017746, -22.538860688597119 ], [ -43.961260675450603, -22.526986710569066 ], [ -43.956861371721637, -22.52170869369743 ], [ -43.956823831400946, -22.521582583794981 ], [ -43.963590070781763, -22.517905987306854 ], [ -43.977984535220514, -22.461762143098444 ], [ -43.978398209126468, -22.45267259159035 ], [ -43.980187871886748, -22.4487308340575 ] ] ] } },
{ "type": "Feature", "properties": { "area_id": "LIGHT:18520272", "potencia_nominal_mva": 0.0, "n_trafos": 286, "origem": "fecho_trafos", "profundidade": 0, "recorte_ignorado": false, "geometria_vazia": false, "area_km2": 113.085, "lat_sub": -22.37522, "lon_sub": -43.872651, "classificacao": "Distribuição satélite", "area_mae": "LIGHT:18520299", "distribuidora": "LIGHT", "cod_sub": "18520272", "nome": "SESD IPIABAS", "lat_rep": -22.363985, "lon_rep": -43.889207, "capacidade_mmgd_bdgd_kw": 1064.61, "capacidade_homologada_localizada_kw": 1054.61, "capacidade_lag_kw": 148.257, "pot_sem_homologacao_kw": 0.0, "n_unidades": 113.545, "n_sem_homologacao": 0.0, "capacidade_mmgd_kw": 1202.867, "fonte": "Solar FV", "fator_correcao": null, "capacidade_mmgd_corrigida_kw": 1202.867 }, "geometry": { "type": "Polygon", "coordinates": [ [ [ -43.949099510278685, -22.420006741473795 ], [ -43.945006196852695, -22.350852328667351 ], [ -43.942148604961076, -22.349616489601445 ], [ -43.941936572338541, -22.33689663205524 ], [ -43.932998496343806, -22.329032160005148 ], [ -43.903169554083455, -22.321198763965711 ], [ -43.887342009249792, -22.325908458440129 ], [ -43.850186973913495, -22.309820955820758 ], [ -43.839117845554355, -22.338872187573259 ], [ -43.839231832177191, -22.344522512424216 ], [ -43.836234795866368, -22.346436572108658 ], [ -43.83351102023876, -22.353582201861208 ], [ -43.831706444593451, -22.37359157097649 ], [ -43.825397451457818, -22.374862627170078 ], [ -43.822665406833657, -22.382026619507958 ], [ -43.830579776050136, -22.386078894162743 ], [ -43.830047721788119, -22.391978115513197 ], [ -43.836405967862611, -22.400659319318937 ], [ -43.838861033729998, -22.402179581400421 ], [ -43.847151936365336, -22.407014693005802 ], [ -43.890281508201063, -22.417614574479057 ], [ -43.891771535864201, -22.417388356707065 ], [ -43.894000054226403, -22.418527866751369 ], [ -43.909150018248525, -22.422247769151081 ], [ -43.930778708768152, -22.397640191492858 ], [ -43.94819314187405, -22.420367502905904 ], [ -43.949099510278685, -22.420006741473795 ] ] ] } },
{ "type": "Feature", "properties": { "area_id": "LIGHT:18520785", "potencia_nominal_mva": 120.0, "n_trafos": 1530, "origem": "fecho_trafos", "profundidade": 0, "recorte_ignorado": false, "geometria_vazia": false, "area_km2": 24.681, "lat_sub": -22.770599, "lon_sub": -43.310769, "classificacao": "Distribuição plena", "area_mae": null, "distribuidora": "LIGHT", "cod_sub": "18520785", "nome": "SETD CAXIAS", "lat_rep": -22.766871, "lon_rep": -43.293172, "capacidade_mmgd_bdgd_kw": 17261.55, "capacidade_homologada_localizada_kw": 10173.32, "capacidade_lag_kw": 1914.269, "pot_sem_homologacao_kw": 0.0, "n_unidades": 1159.614, "n_sem_homologacao": 0.0, "capacidade_mmgd_kw": 12087.589, "fonte": "Solar FV", "fator_correcao": null, "capacidade_mmgd_corrigida_kw": 12087.589 }, "geometry": { "type": "MultiPolygon", "coordinates": [ [ [ [ -43.32525981419775, -22.78136471454026 ], [ -43.31037983877507, -22.740907142804016 ], [ -43.311047956597015, -22.74272692459936 ], [ -43.305823178222475, -22.741614160828941 ], [ -43.301090436566831, -22.732739862648785 ], [ -43.299746335940526, -22.731702903348022 ], [ -43.27931781726754, -22.743905615611066 ], [ -43.276995395089436, -22.743446709398988 ], [ -43.250008451536793, -22.75325542543964 ], [ -43.2579, -22.7564 ], [ -43.274725241073561, -22.776763446597492 ], [ -43.283052698197359, -22.778046783989989 ], [ -43.286525839674439, -22.78380555742066 ], [ -43.286525860829151, -22.78380556830508 ], [ -43.28925363151096, -22.785046713213376 ], [ -43.288122990144409, -22.78453123714818 ], [ -43.295598462561131, -22.779979166467616 ], [ -43.315885357472617, -22.783101818142868 ], [ -43.319544430838377, -22.786942632870829 ], [ -43.323637092524585, -22.782418195504253 ], [ -43.32525981419775, -22.78136471454026 ] ], [ [ -43.289752768371301, -22.737673058329619 ], [ -43.289472659158832, -22.738909618992977 ], [ -43.284904222002368, -22.740570217333303 ], [ -43.284904514050801, -22.740568970059098 ], [ -43.289752768371301, -22.737673058329619 ] ] ], [ [ [ -43.326614265136222, -22.78048543277075 ], [ -43.325317298909489, -22.789525605830693 ], [ -43.329065094025026, -22.763398440477147 ], [ -43.326614265136222, -22.78048543277075 ] ] ] ] } },
{ "type": "Feature", "properties": { "area_id": "LIGHT:18521172", "potencia_nominal_mva": 0.0, "n_trafos": 226, "origem": "fecho_trafos", "profundidade": 0, "recorte_ignorado": false, "geometria_vazia": false, "area_km2": 29.894, "lat_sub": -22.795098, "lon_sub": -43.649736, "classificacao": "Distribuição satélite", "area_mae": "LIGHT:18519958", "distribuidora": "LIGHT", "cod_sub": "18521172", "nome": "SESD PIRANEMA", "lat_rep": -22.806545, "lon_rep": -43.644742, "capacidade_mmgd_bdgd_kw": 1091.67, "capacidade_homologada_localizada_kw": 1090.65, "capacidade_lag_kw": 436.688, "pot_sem_homologacao_kw": 0.0, "n_unidades": 115.782, "n_sem_homologacao": 0.0, "capacidade_mmgd_kw": 1527.338, "fonte": "Solar FV", "fator_correcao": null, "capacidade_mmgd_corrigida_kw": 1527.338 }, "geometry": { "type": "MultiPolygon", "coordinates": [ [ [ [ -43.683890647264377, -22.79040809929057 ], [ -43.669442698672611, -22.777267386577179 ], [ -43.671384490090304, -22.770529650641226 ], [ -43.660653976483154, -22.763010184130341 ], [ -43.654692140330582, -22.763847479154627 ], [ -43.652825054653377, -22.762148805500416 ], [ -43.647325010657589, -22.765758021763503 ], [ -43.646041875689747, -22.766350441662354 ], [ -43.639375726120484, -22.766284050091436 ], [ -43.636403777871969, -22.763267956879211 ], [ -43.625944281549188, -22.769956966990769 ], [ -43.62551666661804, -22.772149756462099 ], [ -43.621485419264779, -22.779710767435493 ], [ -43.614844185522536, -22.789155190926536 ], [ -43.614873182252758, -22.789221460436607 ], [ -43.631919586704576, -22.792695573823291 ], [ -43.626303256498431, -22.815361112688361 ], [ -43.630559358702051, -22.825090297181717 ], [ -43.648208874171374, -22.836666508062152 ], [ -43.652511265954978, -22.834104848289233 ], [ -43.653770153976886, -22.831612118602767 ], [ -43.663543288738637, -22.797729098008876 ], [ -43.683890647264377, -22.79040809929057 ] ] ], [ [ [ -43.630559358702051, -22.825090297181717 ], [ -43.62482483769594, -22.821328236192556 ], [ -43.624824837695932, -22.821328236192556 ], [ -43.630559358702051, -22.825090297181717 ] ] ], [ [ [ -43.624824451002404, -22.82132729674554 ], [ -43.624824324364127, -22.821327899409571 ], [ -43.624824837695932, -22.821328236192556 ], [ -43.624824451002404, -22.82132729674554 ] ] ] ] } },
{ "type": "Feature", "properties": { "area_id": "LIGHT:10385979", "potencia_nominal_mva": 60.0, "n_trafos": 617, "origem": "fecho_trafos", "profundidade": 0, "recorte_ignorado": false, "geometria_vazia": false, "area_km2": 17.94, "lat_sub": -22.93663, "lon_sub": -43.244416, "classificacao": "Distribuição plena", "area_mae": null, "distribuidora": "LIGHT", "cod_sub": "10385979", "nome": "SETD URUGUAI", "lat_rep": -22.953549, "lon_rep": -43.258917, "capacidade_mmgd_bdgd_kw": 2588.65, "capacidade_homologada_localizada_kw": 2568.2, "capacidade_lag_kw": 452.126, "pot_sem_homologacao_kw": 4.0, "n_unidades": 383.944, "n_sem_homologacao": 1.0, "capacidade_mmgd_kw": 3020.326, "fonte": "Solar FV", "fator_correcao": null, "capacidade_mmgd_corrigida_kw": 3020.326 }, "geometry": { "type": "Polygon", "coordinates": [ [ [ -43.298283271624982, -22.969067947557793 ], [ -43.296517933252439, -22.965954556426702 ], [ -43.261608916174332, -22.935850029590373 ], [ -43.260976526302109, -22.936007636838077 ], [ -43.257600109543574, -22.934636069214502 ], [ -43.256546365952019, -22.934058008460386 ], [ -43.249060456402617, -22.92933053034227 ], [ -43.246467792449565, -22.926265462782869 ], [ -43.246038896061528, -22.924893661675736 ], [ -43.246259730405406, -22.925603001857926 ], [ -43.233205423217584, -22.929043140554914 ], [ -43.233163601062515, -22.928976170910648 ], [ -43.230772388013875, -22.929964852022053 ], [ -43.232122881044013, -22.932779548544037 ], [ -43.225467263650692, -22.944907888883108 ], [ -43.248353363003304, -22.964202522252499 ], [ -43.266898708254054, -22.961906308954653 ], [ -43.276723010420213, -22.968696164458681 ], [ -43.278544656365774, -22.968103369482456 ], [ -43.280849913300386, -22.970758769148485 ], [ -43.281672104946857, -22.972116195097087 ], [ -43.282306615885382, -22.972554646132913 ], [ -43.282306637113933, -22.972554650815056 ], [ -43.293145599445282, -22.974474051223527 ], [ -43.286872004083584, -22.973362270196322 ], [ -43.298081667423261, -22.972424644227829 ], [ -43.298283271624982, -22.969067947557793 ] ], [ [ -43.245216258663987, -22.938264281743866 ], [ -43.245264309016079, -22.93821140789742 ], [ -43.245338652697612, -22.938205489296749 ], [ -43.245395740252619, -22.938249992976697 ], [ -43.245402130572501, -22.938318849314914 ], [ -43.24535408022998, -22.938371723203399 ], [ -43.245279736457242, -22.938377641805591 ], [ -43.245222648892657, -22.938333138083603 ], [ -43.245216258663987, -22.938264281743866 ] ] ] } },
{ "type": "Feature", "properties": { "area_id": "LIGHT:18520956", "potencia_nominal_mva": 0.0, "n_trafos": 301, "origem": "fecho_trafos", "profundidade": 0, "recorte_ignorado": false, "geometria_vazia": false, "area_km2": 93.663, "lat_sub": -22.646082, "lon_sub": -43.607466, "classificacao": "Distribuição satélite", "area_mae": "LIGHT:18520893", "distribuidora": "LIGHT", "cod_sub": "18520956", "nome": "SESD TEOFILO", "lat_rep": -22.622969, "lon_rep": -43.578629, "capacidade_mmgd_bdgd_kw": 829.52, "capacidade_homologada_localizada_kw": 689.52, "capacidade_lag_kw": 1045.88, "pot_sem_homologacao_kw": 140.0, "n_unidades": 31.882, "n_sem_homologacao": 2.0, "capacidade_mmgd_kw": 1735.4, "fonte": "Solar FV", "fator_correcao": null, "capacidade_mmgd_corrigida_kw": 1735.4 }, "geometry": { "type": "Polygon", "coordinates": [ [ [ -43.636528297755824, -22.649291128997977 ], [ -43.636310929121962, -22.649004659892956 ], [ -43.633603255380763, -22.644390131981147 ], [ -43.633238305986858, -22.637020370025802 ], [ -43.633638879705323, -22.637339524086524 ], [ -43.625778630805975, -22.631053461672884 ], [ -43.58532918112229, -22.562064245405946 ], [ -43.542376835620587, -22.567720241978037 ], [ -43.537794174963281, -22.570289259313409 ], [ -43.542622299537712, -22.614971938368289 ], [ -43.523684447050066, -22.636756941533108 ], [ -43.522379627804462, -22.658664681618859 ], [ -43.529934844076813, -22.660428849988559 ], [ -43.537117061633047, -22.655274007907053 ], [ -43.561208078081535, -22.661511322300701 ], [ -43.573498456955072, -22.66820524574527 ], [ -43.577741241780217, -22.671582611852017 ], [ -43.583141992652266, -22.672841668361805 ], [ -43.598165405231626, -22.673610388845486 ], [ -43.626594134160854, -22.66523028298392 ], [ -43.627188007162594, -22.664490051167359 ], [ -43.634496007280887, -22.662404238726271 ], [ -43.634087513605195, -22.654161603486742 ], [ -43.636528297755824, -22.649291128997977 ] ] ] } },
{ "type": "Feature", "properties": { "area_id": "LIGHT:18521010", "potencia_nominal_mva": 0.0, "n_trafos": 248, "origem": "fecho_trafos", "profundidade": 0, "recorte_ignorado": false, "geometria_vazia": false, "area_km2": 90.001, "lat_sub": -22.683487, "lon_sub": -43.81939, "classificacao": "Distribuição satélite", "area_mae": "LIGHT:18521154", "distribuidora": "LIGHT", "cod_sub": "18521010", "nome": "SESD PONTE COBERTA", "lat_rep": -22.681558, "lon_rep": -43.807922, "capacidade_mmgd_bdgd_kw": 552.2, "capacidade_homologada_localizada_kw": 540.2, "capacidade_lag_kw": 249.407, "pot_sem_homologacao_kw": 0.0, "n_unidades": 22.325, "n_sem_homologacao": 0.0, "capacidade_mmgd_kw": 789.607, "fonte": "Solar FV", "fator_correcao": null, "capacidade_mmgd_corrigida_kw": 789.607 }, "geometry": { "type": "Polygon", "coordinates": [ [ [ -43.876055478067755, -22.733530273000241 ], [ -43.873171794680637, -22.7229870620017 ], [ -43.83623873978928, -22.656207310900349 ], [ -43.834149863341551, -22.654638554474356 ], [ -43.816657997645258, -22.650077755332287 ], [ -43.815368326092916, -22.645386855993824 ], [ -43.810430132267335, -22.625361972506866 ], [ -43.812937590194927, -22.608145931922337 ], [ -43.793748505150901, -22.612531943123674 ], [ -43.788177825681274, -22.619405309284478 ], [ -43.789800023307613, -22.621386291794366 ], [ -43.791481568646986, -22.623801569588387 ], [ -43.803891077267188, -22.642365802072533 ], [ -43.784703140836271, -22.645489380543392 ], [ -43.782563427814608, -22.64528895963273 ], [ -43.781247896092019, -22.646051546052572 ], [ -43.767775533441934, -22.648242726767588 ], [ -43.764971891063063, -22.648028022749344 ], [ -43.763185454630019, -22.650230797514045 ], [ -43.758896848205623, -22.657182364840864 ], [ -43.759323902611584, -22.658758839630732 ], [ -43.755662039736322, -22.660880825725108 ], [ -43.754916751674216, -22.666161184627871 ], [ -43.755027678837308, -22.668302367247964 ], [ -43.755895144307424, -22.668649319904898 ], [ -43.764059036864545, -22.676220389190533 ], [ -43.772791898588451, -22.708415659023579 ], [ -43.822900648840672, -22.731475857977859 ], [ -43.822983215505019, -22.738466026700948 ], [ -43.829921156265719, -22.738890901777761 ], [ -43.830780388418859, -22.735100052507811 ], [ -43.857031778704538, -22.747169892895577 ], [ -43.872929807008767, -22.737085158490025 ], [ -43.876055478067755, -22.733530273000241 ] ], [ [ -43.822770099958532, -22.686742897042325 ], [ -43.822812008283719, -22.686685744816877 ], [ -43.82288519384403, -22.686672829747941 ], [ -43.822946785591313, -22.686711717299563 ], [ -43.822960703935976, -22.686779627699494 ], [ -43.822918795640078, -22.686836779964629 ], [ -43.822845609994324, -22.686849695045112 ], [ -43.822784018217753, -22.68681080745381 ], [ -43.822770099958532, -22.686742897042325 ] ] ] } },
{ "type": "Feature", "properties": { "area_id": "LIGHT:18521136", "potencia_nominal_mva": 72.8, "n_trafos": 0, "origem": "semente", "profundidade": 2, "recorte_ignorado": false, "geometria_vazia": false, "area_km2": 0.0, "lat_sub": -22.867071, "lon_sub": -43.548772, "classificacao": "Transformadora pura", "area_mae": "LIGHT:224567922", "distribuidora": "LIGHT", "cod_sub": "18521136", "nome": "SETD SANTISSIMO", "lat_rep": -22.867071, "lon_rep": -43.548772, "capacidade_mmgd_bdgd_kw": 101.0, "capacidade_homologada_localizada_kw": 101.0, "capacidade_lag_kw": 17.781, "pot_sem_homologacao_kw": 0.0, "n_unidades": 5.414, "n_sem_homologacao": 0.0, "capacidade_mmgd_kw": 118.781, "fonte": "Solar FV", "fator_correcao": null, "capacidade_mmgd_corrigida_kw": 118.781 }, "geometry": { "type": "Polygon", "coordinates": [ [ [ -43.54867607296115, -22.867087395918396 ], [ -43.548716915253877, -22.867145233419691 ], [ -43.54878992823992, -22.867159368273562 ], [ -43.548852341844935, -22.867121520459634 ], [ -43.548867594996359, -22.867053860739436 ], [ -43.548826752662499, -22.866996023274321 ], [ -43.548753739757949, -22.866981888441384 ], [ -43.548691326194074, -22.867019736219135 ], [ -43.54867607296115, -22.867087395918396 ] ] ] } },
{ "type": "Feature", "properties": { "area_id": "LIGHT:1195", "potencia_nominal_mva": 120.0, "n_trafos": 856, "origem": "fecho_trafos", "profundidade": 0, "recorte_ignorado": false, "geometria_vazia": false, "area_km2": 16.263, "lat_sub": -22.910786, "lon_sub": -43.285278, "classificacao": "Distribuição plena", "area_mae": null, "distribuidora": "LIGHT", "cod_sub": "1195", "nome": "SETD BOCA DO MATO", "lat_rep": -22.922553, "lon_rep": -43.292585, "capacidade_mmgd_bdgd_kw": 3622.8, "capacidade_homologada_localizada_kw": 3623.53, "capacidade_lag_kw": 637.198, "pot_sem_homologacao_kw": 0.0, "n_unidades": 551.649, "n_sem_homologacao": 0.0, "capacidade_mmgd_kw": 4260.728, "fonte": "Solar FV", "fator_correcao": null, "capacidade_mmgd_corrigida_kw": 4260.728 }, "geometry": { "type": "Polygon", "coordinates": [ [ [ -43.315154901908109, -22.925224636566224 ], [ -43.312155845724327, -22.919506397359754 ], [ -43.31306935306759, -22.918199836452615 ], [ -43.309810464864121, -22.91503422457351 ], [ -43.306175033988659, -22.908101541185165 ], [ -43.303774113470169, -22.909170184750671 ], [ -43.296223460848459, -22.90183404227767 ], [ -43.294520976990277, -22.899918512362326 ], [ -43.293255573880664, -22.897361635432272 ], [ -43.292429151742496, -22.89544324367133 ], [ -43.288377130301612, -22.896422486656238 ], [ -43.267710556616791, -22.905627375478023 ], [ -43.264468936028145, -22.905997814295826 ], [ -43.25577703994319, -22.906141672667729 ], [ -43.255736903308936, -22.906503174605181 ], [ -43.256849625602598, -22.90826029934998 ], [ -43.259456116864193, -22.910538268445279 ], [ -43.262092413396523, -22.910763668164357 ], [ -43.265985062933474, -22.915652073438995 ], [ -43.267288356889374, -22.916330324031403 ], [ -43.269317516378052, -22.919448251250074 ], [ -43.269367666953904, -22.919698375435406 ], [ -43.269343983996684, -22.919869934271741 ], [ -43.292001100389946, -22.948312620177315 ], [ -43.308056740229034, -22.925365937964656 ], [ -43.315154901908109, -22.925224636566224 ] ], [ [ -43.287579981221128, -22.91246342428742 ], [ -43.287633370977957, -22.912415151220205 ], [ -43.287707970595179, -22.912415989450746 ], [ -43.287760080693253, -22.912465447959597 ], [ -43.287759175877675, -22.912534554652421 ], [ -43.287705786112653, -22.912582827761117 ], [ -43.287631186404226, -22.912581989524021 ], [ -43.287579076314351, -22.912532530973685 ], [ -43.287579981221128, -22.91246342428742 ] ] ] } },
{ "type": "Feature", "properties": { "area_id": "LIGHT:18520515", "potencia_nominal_mva": 0.0, "n_trafos": 172, "origem": "fecho_trafos", "profundidade": 0, "recorte_ignorado": false, "geometria_vazia": false, "area_km2": 90.002, "lat_sub": -22.347451, "lon_sub": -43.788464, "classificacao": "Distribuição satélite", "area_mae": "LIGHT:18520299", "distribuidora": "LIGHT", "cod_sub": "18520515", "nome": "SESD SAO FRANCISCO", "lat_rep": -22.345098, "lon_rep": -43.785743, "capacidade_mmgd_bdgd_kw": 247.06, "capacidade_homologada_localizada_kw": 234.06, "capacidade_lag_kw": 11.896, "pot_sem_homologacao_kw": 0.0, "n_unidades": 24.848, "n_sem_homologacao": 0.0, "capacidade_mmgd_kw": 245.956, "fonte": "Solar FV", "fator_correcao": null, "capacidade_mmgd_corrigida_kw": 245.956 }, "geometry": { "type": "Polygon", "coordinates": [ [ [ -43.85018696158798, -22.309820933783417 ], [ -43.848487645768742, -22.306822356765068 ], [ -43.842100353922369, -22.305141411674143 ], [ -43.843600517380175, -22.298197845807252 ], [ -43.841751412043926, -22.294934354029941 ], [ -43.81437233394697, -22.302238131728618 ], [ -43.797643925352084, -22.303077507659872 ], [ -43.78912715830991, -22.308967834269939 ], [ -43.745073370927663, -22.320700309490075 ], [ -43.726025861456861, -22.361077413622859 ], [ -43.730098396741106, -22.364709154992365 ], [ -43.729211981471657, -22.372390895043154 ], [ -43.780719418316004, -22.389797499737448 ], [ -43.781462417569706, -22.389957085667618 ], [ -43.785362211178089, -22.391365496958805 ], [ -43.801861747141189, -22.396936492626434 ], [ -43.802038447342575, -22.39611076437194 ], [ -43.811752957506016, -22.379867359097851 ], [ -43.817070349869311, -22.379161621988345 ], [ -43.822665404801825, -22.382026618587702 ], [ -43.825397472720695, -22.374862788427571 ], [ -43.8317064485191, -22.373591978406207 ], [ -43.833511036904099, -22.353582165587259 ], [ -43.836234776802371, -22.34643667757009 ], [ -43.839231908636236, -22.344522649217314 ], [ -43.83911787810667, -22.338872110358999 ], [ -43.85018696158798, -22.309820933783417 ] ] ] } },
{ "type": "Feature", "properties": { "area_id": "LIGHT:18520740", "potencia_nominal_mva": 0.0, "n_trafos": 210, "origem": "fecho_trafos", "profundidade": 0, "recorte_ignorado": false, "geometria_vazia": false, "area_km2": 17.109, "lat_sub": -22.967424, "lon_sub": -43.706453, "classificacao": "Distribuição satélite", "area_mae": "LIGHT:18519958", "distribuidora": "LIGHT", "cod_sub": "18520740", "nome": "SESD SEPETIBA", "lat_rep": -22.95906, "lon_rep": -43.712342, "capacidade_mmgd_bdgd_kw": 1089.3, "capacidade_homologada_localizada_kw": 1089.3, "capacidade_lag_kw": 191.769, "pot_sem_homologacao_kw": 0.0, "n_unidades": 171.246, "n_sem_homologacao": 0.0, "capacidade_mmgd_kw": 1281.069, "fonte": "Solar FV", "fator_correcao": null, "capacidade_mmgd_corrigida_kw": 1281.069 }, "geometry": { "type": "Polygon", "coordinates": [ [ [ -43.74357556228933, -22.947935080764488 ], [ -43.727668636644268, -22.933275743973972 ], [ -43.716622932958465, -22.929445710257635 ], [ -43.706668140422174, -22.933786227011861 ], [ -43.702677678719724, -22.954809190768625 ], [ -43.701950891297514, -22.953912447203848 ], [ -43.699808920143461, -22.951350756597389 ], [ -43.695844493649091, -22.958526663279496 ], [ -43.69667996389191, -22.959330203997297 ], [ -43.690212276260731, -22.968719834387908 ], [ -43.685735264135701, -22.976821004723476 ], [ -43.687096702700856, -22.979735556079348 ], [ -43.691489840202237, -22.987141016081431 ], [ -43.691165556307311, -22.988822807976845 ], [ -43.690720034877295, -22.989083183429102 ], [ -43.691000021964172, -22.989299992277164 ], [ -43.700099999125101, -22.986099998994824 ], [ -43.711, -22.9706 ], [ -43.71649999939104, -22.970599998856859 ], [ -43.7247, -22.9607 ], [ -43.731599999249582, -22.957899998921707 ], [ -43.74357556228933, -22.947935080764488 ] ] ] } },
{ "type": "Feature", "properties": { "area_id": "LIGHT:18521109", "potencia_nominal_mva": 0.0, "n_trafos": 115, "origem": "fecho_trafos", "profundidade": 1, "recorte_ignorado": false, "geometria_vazia": false, "area_km2": 3.599, "lat_sub": -22.678264, "lon_sub": -43.607117, "classificacao": "Distribuição satélite", "area_mae": "LIGHT:18520893", "distribuidora": "LIGHT", "cod_sub": "18521109", "nome": "SESD PEDREIRA", "lat_rep": -22.680948, "lon_rep": -43.602193, "capacidade_mmgd_bdgd_kw": 265.0, "capacidade_homologada_localizada_kw": 265.0, "capacidade_lag_kw": 442.068, "pot_sem_homologacao_kw": 0.0, "n_unidades": 19.207, "n_sem_homologacao": 0.0, "capacidade_mmgd_kw": 707.068, "fonte": "Solar FV", "fator_correcao": null, "capacidade_mmgd_corrigida_kw": 707.068 }, "geometry": { "type": "Polygon", "coordinates": [ [ [ -43.614805806716014, -22.682590607364197 ], [ -43.614788090061353, -22.679524374831026 ], [ -43.613910474170467, -22.678233787979526 ], [ -43.608872072200192, -22.675028963213634 ], [ -43.606323264400579, -22.674027906989306 ], [ -43.583142085809449, -22.672841674120264 ], [ -43.578564721077491, -22.67177460148422 ], [ -43.583969851617169, -22.67779258721551 ], [ -43.586267982128653, -22.677116140375439 ], [ -43.594904870784433, -22.686795070330753 ], [ -43.604094408849299, -22.686945508628373 ], [ -43.614805806716014, -22.682590607364197 ] ] ] } },
{ "type": "Feature", "properties": { "area_id": "LIGHT:18520380", "potencia_nominal_mva": 0.0, "n_trafos": 352, "origem": "fecho_trafos", "profundidade": 0, "recorte_ignorado": false, "geometria_vazia": false, "area_km2": 51.15, "lat_sub": -22.517619, "lon_sub": -44.000096, "classificacao": "Distribuição satélite", "area_mae": "LIGHT:18520470", "distribuidora": "LIGHT", "cod_sub": "18520380", "nome": "SESD PINHEIRAL", "lat_rep": -22.515433, "lon_rep": -43.996834, "capacidade_mmgd_bdgd_kw": 1855.84, "capacidade_homologada_localizada_kw": 1846.35, "capacidade_lag_kw": 159.98, "pot_sem_homologacao_kw": 0.0, "n_unidades": 209.885, "n_sem_homologacao": 0.0, "capacidade_mmgd_kw": 2006.33, "fonte": "Solar FV", "fator_correcao": null, "capacidade_mmgd_corrigida_kw": 2006.33 }, "geometry": { "type": "Polygon", "coordinates": [ [ [ -44.039606391659653, -22.547696581903679 ], [ -44.033891984685653, -22.537638846014396 ], [ -44.028841532611665, -22.512945636516125 ], [ -44.027619955627088, -22.489000147005481 ], [ -44.027661890136692, -22.489835888552268 ], [ -44.021395672282388, -22.491244525515064 ], [ -44.01829802713457, -22.48816483832346 ], [ -44.018863394385093, -22.487856236431732 ], [ -44.006463552401719, -22.494600338122172 ], [ -43.994967742659519, -22.497182759494276 ], [ -43.97693124781194, -22.487438120223711 ], [ -43.977057109812186, -22.482134337827812 ], [ -43.977984539494429, -22.461762129540119 ], [ -43.963590140618763, -22.517905700064492 ], [ -43.956823641792738, -22.521582365260244 ], [ -43.956861269008485, -22.52170857046255 ], [ -43.961260593339198, -22.526986864031304 ], [ -43.958214236204142, -22.538860688750383 ], [ -43.978916308334192, -22.548059713303044 ], [ -43.996302276230431, -22.564134295280031 ], [ -44.001829942265353, -22.565017773739836 ], [ -44.011747603640423, -22.565407208126715 ], [ -44.031152506577804, -22.558232442611907 ], [ -44.030787928069415, -22.551084544550772 ], [ -44.039606391659653, -22.547696581903679 ] ] ] } },
{ "type": "Feature", "properties": { "area_id": "LIGHT:279436352", "potencia_nominal_mva": 0.0, "n_trafos": 0, "origem": "semente", "profundidade": 1, "recorte_ignorado": false, "geometria_vazia": false, "area_km2": 0.0, "lat_sub": -22.938292, "lon_sub": -43.245309, "classificacao": "Transporte/manobra", "area_mae": "LIGHT:10385979", "distribuidora": "LIGHT", "cod_sub": "279436352", "nome": "SETR  BONFIM", "lat_rep": -22.938292, "lon_rep": -43.245309, "capacidade_mmgd_bdgd_kw": 0.0, "capacidade_homologada_localizada_kw": 0.0, "capacidade_lag_kw": 0.0, "pot_sem_homologacao_kw": 0.0, "n_unidades": 0.0, "n_sem_homologacao": 0.0, "capacidade_mmgd_kw": 0.0, "fonte": null, "fator_correcao": null, "capacidade_mmgd_corrigida_kw": 0.0 }, "geometry": { "type": "Polygon", "coordinates": [ [ [ -43.245212064841681, -22.938299364845854 ], [ -43.245246467915841, -22.938360692175813 ], [ -43.245317615475273, -22.938381526059402 ], [ -43.24538383019393, -22.938349662269982 ], [ -43.245406324347123, -22.938283766204968 ], [ -43.245371921215344, -22.938222438905864 ], [ -43.245300773727266, -22.938201605050882 ], [ -43.245234559066226, -22.938233468809457 ], [ -43.245212064841681, -22.938299364845854 ] ] ] } },
{ "type": "Feature", "properties": { "area_id": "LIGHT:18520578", "potencia_nominal_mva": 0.0, "n_trafos": 309, "origem": "fecho_trafos", "profundidade": 0, "recorte_ignorado": false, "geometria_vazia": false, "area_km2": 61.744, "lat_sub": -22.643848, "lon_sub": -43.659798, "classificacao": "Distribuição satélite", "area_mae": "LIGHT:18521154", "distribuidora": "LIGHT", "cod_sub": "18520578", "nome": "SESD JAPERI", "lat_rep": -22.610064, "lon_rep": -43.640562, "capacidade_mmgd_bdgd_kw": 339.92, "capacidade_homologada_localizada_kw": 339.92, "capacidade_lag_kw": 567.464, "pot_sem_homologacao_kw": 0.0, "n_unidades": 52.041, "n_sem_homologacao": 0.0, "capacidade_mmgd_kw": 907.384, "fonte": "Solar FV", "fator_correcao": null, "capacidade_mmgd_corrigida_kw": 907.384 }, "geometry": { "type": "MultiPolygon", "coordinates": [ [ [ [ -43.633602560195577, -22.644387085488805 ], [ -43.633602491686574, -22.644385701317471 ], [ -43.625792847558863, -22.63106716491199 ], [ -43.625781223835482, -22.63105787254333 ], [ -43.633601221116386, -22.64438673427432 ], [ -43.633602560195577, -22.644387085488805 ] ] ], [ [ [ -43.63631094251496, -22.649004682716676 ], [ -43.636528078745179, -22.649290868816891 ], [ -43.63408749435095, -22.654161555667883 ], [ -43.634496009627682, -22.662404239004395 ], [ -43.643216089643929, -22.668552929111165 ], [ -43.639985921515482, -22.663717530228034 ], [ -43.643651202206598, -22.65715554058507 ], [ -43.644950257897158, -22.654863199158754 ], [ -43.64587518445439, -22.654818521311086 ], [ -43.671680315490256, -22.668120774355479 ], [ -43.675594483806528, -22.653391619317485 ], [ -43.677136446935613, -22.653317341399585 ], [ -43.694973700729633, -22.655892518055634 ], [ -43.682273963329436, -22.633751750671127 ], [ -43.678531116437874, -22.627957116642389 ], [ -43.678531055564754, -22.627956968435392 ], [ -43.677190839644851, -22.623569970204386 ], [ -43.677190831739701, -22.623569948583281 ], [ -43.677190819290459, -22.623569928891708 ], [ -43.662343625260526, -22.602602490725541 ], [ -43.662343574352406, -22.602602410000298 ], [ -43.663009954784584, -22.600152063696793 ], [ -43.657356004305363, -22.590287247285254 ], [ -43.653078602222081, -22.589514486340793 ], [ -43.643830142451208, -22.576447065624969 ], [ -43.621990756055112, -22.563746828019102 ], [ -43.591227602045038, -22.54913293342117 ], [ -43.580592124254053, -22.546031665374009 ], [ -43.576643539015159, -22.545070511355068 ], [ -43.582203847999729, -22.55673065635753 ], [ -43.625792847558863, -22.63106716491199 ], [ -43.633237877559402, -22.637018955157934 ], [ -43.633602491686574, -22.644385701317471 ], [ -43.63631094251496, -22.649004682716676 ] ], [ [ -43.678048093735505, -22.626382640750254 ], [ -43.67323234497281, -22.617981923604113 ], [ -43.677190800757614, -22.623569911228401 ], [ -43.678048093735505, -22.626382640750254 ] ] ] ] } },
{ "type": "Feature", "properties": { "area_id": "LIGHT:18520371", "potencia_nominal_mva": 37.5, "n_trafos": 1, "origem": "semente", "profundidade": 1, "recorte_ignorado": false, "geometria_vazia": false, "area_km2": 0.0, "lat_sub": -22.629898, "lon_sub": -43.896526, "classificacao": "Distribuição plena", "area_mae": null, "distribuidora": "LIGHT", "cod_sub": "18520371", "nome": "SETD VIGARIO", "lat_rep": -22.629898, "lon_rep": -43.896526, "capacidade_mmgd_bdgd_kw": 4098.0, "capacidade_homologada_localizada_kw": 4098.0, "capacidade_lag_kw": 217.235, "pot_sem_homologacao_kw": 0.0, "n_unidades": 24.651, "n_sem_homologacao": 0.0, "capacidade_mmgd_kw": 4315.235, "fonte": "Solar FV", "fator_correcao": null, "capacidade_mmgd_corrigida_kw": 4315.235 }, "geometry": { "type": "Polygon", "coordinates": [ [ [ -43.896429414056392, -22.629906036940888 ], [ -43.896464047008116, -22.629967236490362 ], [ -43.896535152844024, -22.629987777545928 ], [ -43.896601078678771, -22.629955627417313 ], [ -43.896623206014361, -22.629889619236209 ], [ -43.896588573008415, -22.629828419718503 ], [ -43.896517467244387, -22.629807878689164 ], [ -43.89645154146384, -22.62984002878602 ], [ -43.896429414056392, -22.629906036940888 ] ] ] } },
{ "type": "Feature", "properties": { "area_id": "LIGHT:18519976", "potencia_nominal_mva": 177.999, "n_trafos": 1216, "origem": "fecho_trafos", "profundidade": 0, "recorte_ignorado": false, "geometria_vazia": false, "area_km2": 20.506, "lat_sub": -22.758913, "lon_sub": -43.445431, "classificacao": "Distribuição plena", "area_mae": null, "distribuidora": "LIGHT", "cod_sub": "18519976", "nome": "SETD NOVA IGUACU", "lat_rep": -22.758201, "lon_rep": -43.442301, "capacidade_mmgd_bdgd_kw": 10446.88, "capacidade_homologada_localizada_kw": 10289.72, "capacidade_lag_kw": 1616.525, "pot_sem_homologacao_kw": 0.0, "n_unidades": 1179.639, "n_sem_homologacao": 0.0, "capacidade_mmgd_kw": 11906.245, "fonte": "Solar FV", "fator_correcao": null, "capacidade_mmgd_corrigida_kw": 11906.245 }, "geometry": { "type": "MultiPolygon", "coordinates": [ [ [ [ -43.415110763416493, -22.771361046965485 ], [ -43.415839333572585, -22.77154711640156 ], [ -43.415110763416465, -22.771361046965474 ], [ -43.415110763416493, -22.771361046965485 ] ] ], [ [ [ -43.414078873604218, -22.769400967041182 ], [ -43.414078873601433, -22.769400967047495 ], [ -43.41407887360144, -22.769400967047481 ], [ -43.414078873604218, -22.769400967041182 ] ] ], [ [ [ -43.462915795533526, -22.745662236075564 ], [ -43.465484087407162, -22.751956542430722 ], [ -43.459866041148892, -22.73818162562176 ], [ -43.457939727967947, -22.738325440381328 ], [ -43.43664723577853, -22.730953611786919 ], [ -43.433372943871674, -22.728825264495047 ], [ -43.438839605267354, -22.725185879028626 ], [ -43.432607631781174, -22.729333420778595 ], [ -43.431361443180172, -22.730220201383574 ], [ -43.431361432341141, -22.73022022268059 ], [ -43.414078873604218, -22.769400967041182 ], [ -43.422460523420092, -22.750404901888921 ], [ -43.41732594720883, -22.771925875705708 ], [ -43.415839333572585, -22.77154711640156 ], [ -43.417945601234962, -22.772085013529548 ], [ -43.419133438808345, -22.771852418652703 ], [ -43.420289537636386, -22.771654755147445 ], [ -43.424428034337964, -22.773740297374648 ], [ -43.431522448688163, -22.775551508414004 ], [ -43.446160381024043, -22.773897767092478 ], [ -43.446342650920215, -22.773768273687065 ], [ -43.456698315640473, -22.779238282368446 ], [ -43.462468203182411, -22.782967114789404 ], [ -43.457002306706357, -22.790150027359378 ], [ -43.466935114012486, -22.79515175702296 ], [ -43.464349902703134, -22.763328321478699 ], [ -43.461955956497164, -22.762621384411577 ], [ -43.464164357405437, -22.761043945849703 ], [ -43.462915795533526, -22.745662236075564 ] ], [ [ -43.457737792871761, -22.755581943799957 ], [ -43.45775153407881, -22.755649876779334 ], [ -43.457709456960771, -22.75570692419458 ], [ -43.457636209703125, -22.755719668415036 ], [ -43.45757469961697, -22.75568064404192 ], [ -43.457560958496302, -22.75561271105223 ], [ -43.457603035642137, -22.755555663677299 ], [ -43.457676282813416, -22.75554291946715 ], [ -43.457737792871761, -22.755581943799957 ] ] ] ] } },
{ "type": "Feature", "properties": { "area_id": "LIGHT:1177", "potencia_nominal_mva": 120.0, "n_trafos": 875, "origem": "fecho_trafos", "profundidade": 0, "recorte_ignorado": false, "geometria_vazia": false, "area_km2": 16.235, "lat_sub": -22.888146, "lon_sub": -43.371125, "classificacao": "Distribuição plena", "area_mae": null, "distribuidora": "LIGHT", "cod_sub": "1177", "nome": "SETD VILA VALQUEIRE", "lat_rep": -22.87814, "lon_rep": -43.372555, "capacidade_mmgd_bdgd_kw": 6747.91, "capacidade_homologada_localizada_kw": 6703.0, "capacidade_lag_kw": 1180.144, "pot_sem_homologacao_kw": 5.55, "n_unidades": 945.801, "n_sem_homologacao": 1.0, "capacidade_mmgd_kw": 7883.144, "fonte": "Solar FV", "fator_correcao": null, "capacidade_mmgd_corrigida_kw": 7883.144 }, "geometry": { "type": "Polygon", "coordinates": [ [ [ -43.393651498027232, -22.863522806492327 ], [ -43.393605910814784, -22.863159651113239 ], [ -43.386156170078053, -22.856075874812614 ], [ -43.374441513373093, -22.8579607619981 ], [ -43.374489488498241, -22.858355324934504 ], [ -43.372366524954998, -22.859741032167715 ], [ -43.366278064366661, -22.862628198870102 ], [ -43.357380422606887, -22.866665667425174 ], [ -43.348497693477242, -22.900182501697483 ], [ -43.348097181786869, -22.901965748828857 ], [ -43.348654958894464, -22.905705836065465 ], [ -43.353824266737341, -22.901526494503429 ], [ -43.370182896545927, -22.90026041539722 ], [ -43.369982555221213, -22.90036602700641 ], [ -43.382639063362326, -22.893757312014287 ], [ -43.391827736354863, -22.891412717202826 ], [ -43.389839950163072, -22.890623775678787 ], [ -43.388482988235907, -22.889621624539096 ], [ -43.393651498027232, -22.863522806492327 ] ] ] } },
{ "type": "Feature", "properties": { "area_id": "LIGHT:18521019", "potencia_nominal_mva": 0.0, "n_trafos": 823, "origem": "fecho_trafos", "profundidade": 0, "recorte_ignorado": false, "geometria_vazia": false, "area_km2": 312.083, "lat_sub": -22.032759, "lon_sub": -42.789843, "classificacao": "Distribuição satélite", "area_mae": "LIGHT:18520614", "distribuidora": "LIGHT", "cod_sub": "18521019", "nome": "SESD APARECIDA", "lat_rep": -22.026764, "lon_rep": -42.760151, "capacidade_mmgd_bdgd_kw": 1220.92, "capacidade_homologada_localizada_kw": 1280.9, "capacidade_lag_kw": 101.004, "pot_sem_homologacao_kw": 0.0, "n_unidades": 103.247, "n_sem_homologacao": 0.0, "capacidade_mmgd_kw": 1381.904, "fonte": "Solar FV", "fator_correcao": null, "capacidade_mmgd_corrigida_kw": 1381.904 }, "geometry": { "type": "Polygon", "coordinates": [ [ [ -42.887663633365179, -22.100865859276219 ], [ -42.884655608265462, -22.094202010960196 ], [ -42.872111851837559, -22.085054049062911 ], [ -42.869896999522524, -22.083262652172056 ], [ -42.868741712939112, -22.081968906738567 ], [ -42.840509734940042, -21.996332759731388 ], [ -42.829082204268019, -21.970977065587707 ], [ -42.821670189589049, -21.969141346325618 ], [ -42.804272924452832, -21.97020916538283 ], [ -42.786773215723059, -21.933339314935534 ], [ -42.788979320067185, -21.931508935135945 ], [ -42.81479037745909, -21.939253645696819 ], [ -42.813720829934404, -21.936879030544016 ], [ -42.8103, -21.9378 ], [ -42.789116382753463, -21.930079857283022 ], [ -42.781327080555087, -21.934629942345492 ], [ -42.783881183756272, -21.939916732622503 ], [ -42.789163465554743, -21.957751667808527 ], [ -42.780112522795562, -21.971689470606531 ], [ -42.746177909513079, -21.973762618412753 ], [ -42.735924192313803, -21.982227259118243 ], [ -42.732438763622014, -21.987723160245935 ], [ -42.727720221139776, -22.002191787469517 ], [ -42.721285415127902, -22.00473312208938 ], [ -42.705358275771673, -21.978970548573468 ], [ -42.69722949074994, -21.983711169124657 ], [ -42.655164577313442, -22.046787817408834 ], [ -42.703675919605246, -22.081103070939424 ], [ -42.713750158331933, -22.098455171184732 ], [ -42.713459628096409, -22.104701404785168 ], [ -42.715384759595565, -22.102120134719986 ], [ -42.72398508688795, -22.102061948106964 ], [ -42.732197071805118, -22.1128310674858 ], [ -42.758024372238189, -22.132249118556192 ], [ -42.780904559298385, -22.14371381778059 ], [ -42.80778326935512, -22.14717449993509 ], [ -42.852315792473078, -22.149528320091079 ], [ -42.865728412030364, -22.144575605089049 ], [ -42.866597606769368, -22.1441445110475 ], [ -42.869866194382034, -22.140141868470142 ], [ -42.872871928824246, -22.100981196330203 ], [ -42.887663633365179, -22.100865859276219 ] ] ] } },
{ "type": "Feature", "properties": { "area_id": "LIGHT:18520425", "potencia_nominal_mva": 0.0, "n_trafos": 310, "origem": "fecho_trafos", "profundidade": 0, "recorte_ignorado": false, "geometria_vazia": false, "area_km2": 168.648, "lat_sub": -22.208938, "lon_sub": -43.619337, "classificacao": "Distribuição satélite", "area_mae": "LIGHT:18520353", "distribuidora": "LIGHT", "cod_sub": "18520425", "nome": "SESD TABOAS", "lat_rep": -22.235196, "lon_rep": -43.602123, "capacidade_mmgd_bdgd_kw": 614.98, "capacidade_homologada_localizada_kw": 577.5, "capacidade_lag_kw": 807.862, "pot_sem_homologacao_kw": 0.0, "n_unidades": 24.296, "n_sem_homologacao": 0.0, "capacidade_mmgd_kw": 1385.362, "fonte": "Solar FV", "fator_correcao": null, "capacidade_mmgd_corrigida_kw": 1385.362 }, "geometry": { "type": "MultiPolygon", "coordinates": [ [ [ [ -43.666469482334954, -22.230031756165353 ], [ -43.657274294527291, -22.24195254766467 ], [ -43.657272648356503, -22.241955431740095 ], [ -43.666469482334954, -22.230031756165353 ] ] ], [ [ [ -43.682973894613959, -22.188099529182665 ], [ -43.674979904171565, -22.180118208472166 ], [ -43.650769403141005, -22.156792385340204 ], [ -43.650524792005946, -22.154462754247973 ], [ -43.649241435309982, -22.155319878015348 ], [ -43.64133613760621, -22.147700858363251 ], [ -43.641770073504652, -22.148120368237961 ], [ -43.599986099483651, -22.1882337045366 ], [ -43.565421082599407, -22.211311814511777 ], [ -43.55143970957252, -22.228461643113217 ], [ -43.534337479145258, -22.241686464385602 ], [ -43.538356718468982, -22.244504365011583 ], [ -43.518061535656486, -22.269381121031429 ], [ -43.521443117756988, -22.295695049445349 ], [ -43.535861301090435, -22.306513906156944 ], [ -43.568110365419969, -22.313862914176042 ], [ -43.569536669282314, -22.31465169795791 ], [ -43.607380903453837, -22.306603173344058 ], [ -43.627290998030212, -22.280814512002493 ], [ -43.637324846305333, -22.276881114830211 ], [ -43.644581410466628, -22.264177749353937 ], [ -43.641618340440083, -22.262249181980394 ], [ -43.657274294527291, -22.24195254766467 ], [ -43.673011492972272, -22.214381126997111 ], [ -43.677641103471366, -22.213569646083858 ], [ -43.68172759831976, -22.204288332849792 ], [ -43.682188885170227, -22.198297402362215 ], [ -43.68417119941811, -22.194822642087569 ], [ -43.682561329183557, -22.193459546511829 ], [ -43.682973894613959, -22.188099529182665 ] ] ] ] } },
{ "type": "Feature", "properties": { "area_id": "LIGHT:18520659", "potencia_nominal_mva": 0.0, "n_trafos": 272, "origem": "fecho_trafos", "profundidade": 0, "recorte_ignorado": false, "geometria_vazia": false, "area_km2": 67.473, "lat_sub": -22.541479, "lon_sub": -43.681231, "classificacao": "Distribuição satélite", "area_mae": "LIGHT:18520299", "distribuidora": "LIGHT", "cod_sub": "18520659", "nome": "SESD PAULO DE FRONTIN NOVA", "lat_rep": -22.550815, "lon_rep": -43.657908, "capacidade_mmgd_bdgd_kw": 237.95, "capacidade_homologada_localizada_kw": 237.95, "capacidade_lag_kw": 12.843, "pot_sem_homologacao_kw": 0.0, "n_unidades": 32.81, "n_sem_homologacao": 0.0, "capacidade_mmgd_kw": 250.793, "fonte": "Solar FV", "fator_correcao": null, "capacidade_mmgd_corrigida_kw": 250.793 }, "geometry": { "type": "Polygon", "coordinates": [ [ [ -43.726023457728765, -22.56367451256688 ], [ -43.722924779853038, -22.556306678119068 ], [ -43.703045048527812, -22.545950402353714 ], [ -43.703772203010601, -22.544023881907755 ], [ -43.688484310265558, -22.531209555229378 ], [ -43.695689672761873, -22.519992180991913 ], [ -43.691036032715743, -22.518906053187749 ], [ -43.678290058573218, -22.514445752343157 ], [ -43.672031414360234, -22.517414582702479 ], [ -43.661471274208161, -22.50855826637169 ], [ -43.658045777061297, -22.507358884819737 ], [ -43.621550780584641, -22.520376123853382 ], [ -43.605914454594846, -22.546817385689391 ], [ -43.605897733514098, -22.547535823601784 ], [ -43.606970297165972, -22.548257717754055 ], [ -43.598164634486679, -22.55242910488926 ], [ -43.621990737238171, -22.563746819082883 ], [ -43.643830048896334, -22.576447015859415 ], [ -43.653078706065976, -22.589514663596916 ], [ -43.657356005061793, -22.590287245412178 ], [ -43.665319423245194, -22.588362216355574 ], [ -43.666169217680221, -22.588016994753435 ], [ -43.67319773767381, -22.59273075481104 ], [ -43.688399074505753, -22.578979795636084 ], [ -43.726023457728765, -22.56367451256688 ] ] ] } },
{ "type": "Feature", "properties": { "area_id": "LIGHT:18520452", "potencia_nominal_mva": 0.0, "n_trafos": 350, "origem": "fecho_trafos", "profundidade": 0, "recorte_ignorado": false, "geometria_vazia": false, "area_km2": 67.194, "lat_sub": -22.403936, "lon_sub": -43.663507, "classificacao": "Distribuição satélite", "area_mae": "LIGHT:18520353", "distribuidora": "LIGHT", "cod_sub": "18520452", "nome": "SESD JUNQUEIRA", "lat_rep": -22.410503, "lon_rep": -43.66899, "capacidade_mmgd_bdgd_kw": 2400.07, "capacidade_homologada_localizada_kw": 2389.52, "capacidade_lag_kw": 563.403, "pot_sem_homologacao_kw": 0.0, "n_unidades": 228.028, "n_sem_homologacao": 0.0, "capacidade_mmgd_kw": 2952.923, "fonte": "Solar FV", "fator_correcao": null, "capacidade_mmgd_corrigida_kw": 2952.923 }, "geometry": { "type": "MultiPolygon", "coordinates": [ [ [ [ -43.722190909193053, -22.372662823522926 ], [ -43.694072517115565, -22.366405250518046 ], [ -43.693521199758067, -22.367438775495209 ], [ -43.687791625815329, -22.366070808621277 ], [ -43.664188488759734, -22.369083054667836 ], [ -43.638836841236213, -22.364702690327601 ], [ -43.633098247727474, -22.372119023710098 ], [ -43.637330843774521, -22.385472562620219 ], [ -43.632155138840368, -22.420299854869064 ], [ -43.630174787335648, -22.421466968518985 ], [ -43.631360828892035, -22.425642759151327 ], [ -43.630348101906819, -22.432454417472247 ], [ -43.638074397815537, -22.454189629675732 ], [ -43.647335445971038, -22.461308737161286 ], [ -43.652284376397162, -22.462649580606218 ], [ -43.678811469168011, -22.436858210930829 ], [ -43.681082974034197, -22.434538050848214 ], [ -43.686188227288852, -22.421908280330147 ], [ -43.693859504085637, -22.421485737078008 ], [ -43.693859520408331, -22.421485721939487 ], [ -43.722903593925302, -22.391801341371234 ], [ -43.719348694322171, -22.395434266960088 ], [ -43.72107715056719, -22.389106080862064 ], [ -43.726818554470761, -22.38779864871249 ], [ -43.734483304107158, -22.379961162582298 ], [ -43.722190909193053, -22.372662823522926 ] ], [ [ -43.664669121845805, -22.400250677561647 ], [ -43.664716819066371, -22.400197655526064 ], [ -43.664790865922541, -22.400191525030369 ], [ -43.664847886832518, -22.400235877233655 ], [ -43.664854479728518, -22.400304731245608 ], [ -43.664806782519051, -22.400357753321899 ], [ -43.664732735574667, -22.400363883820496 ], [ -43.664675714653605, -22.400319531576493 ], [ -43.664669121845805, -22.400250677561647 ] ] ], [ [ [ -43.687791625815414, -22.366070808621259 ], [ -43.687791625815329, -22.366070808621277 ], [ -43.687851675540422, -22.366063140398271 ], [ -43.687791625815414, -22.366070808621259 ] ] ], [ [ [ -43.69082850469654, -22.365682976406788 ], [ -43.690828528041642, -22.365682972331019 ], [ -43.687851675540422, -22.366063140398271 ], [ -43.69082850469654, -22.365682976406788 ] ] ] ] } },
{ "type": "Feature", "properties": { "area_id": "LIGHT:18521064", "potencia_nominal_mva": 60.0, "n_trafos": 1179, "origem": "fecho_trafos", "profundidade": 0, "recorte_ignorado": false, "geometria_vazia": false, "area_km2": 116.768, "lat_sub": -22.54953, "lon_sub": -44.16426, "classificacao": "Distribuição plena", "area_mae": null, "distribuidora": "LIGHT", "cod_sub": "18521064", "nome": "SETD FONTINELE", "lat_rep": -22.54153, "lon_rep": -44.155648, "capacidade_mmgd_bdgd_kw": 11814.73, "capacidade_homologada_localizada_kw": 11770.63, "capacidade_lag_kw": 2916.063, "pot_sem_homologacao_kw": 0.0, "n_unidades": 1065.541, "n_sem_homologacao": 0.0, "capacidade_mmgd_kw": 14686.693, "fonte": "Solar FV", "fator_correcao": null, "capacidade_mmgd_corrigida_kw": 14686.693 }, "geometry": { "type": "MultiPolygon", "coordinates": [ [ [ [ -44.231838022004467, -22.585999754616317 ], [ -44.231838033637636, -22.585999519531534 ], [ -44.231681881875808, -22.586211097269974 ], [ -44.231838022004467, -22.585999754616317 ] ] ], [ [ [ -44.231838033637636, -22.585999519531534 ], [ -44.23183803364185, -22.585999519525821 ], [ -44.233577978673004, -22.55083845084626 ], [ -44.231838033637636, -22.585999519531534 ] ] ], [ [ [ -44.220349131701042, -22.484812155341725 ], [ -44.200159021127497, -22.472576427201236 ], [ -44.1974523506615, -22.468089308594436 ], [ -44.161673664838524, -22.456438738857024 ], [ -44.150427218340148, -22.459363241199021 ], [ -44.147245570861052, -22.469075254389601 ], [ -44.147579794283246, -22.469100532904616 ], [ -44.15196866218006, -22.480974762699265 ], [ -44.15440433093471, -22.494131934208792 ], [ -44.149786563223365, -22.516639346492024 ], [ -44.147604569159967, -22.519464116892244 ], [ -44.125582892664092, -22.535163697185681 ], [ -44.129412238784063, -22.523483734884774 ], [ -44.121328934482648, -22.548129795530969 ], [ -44.12132894799764, -22.548129814559136 ], [ -44.124416352310533, -22.552022751982225 ], [ -44.122375829003978, -22.549448323060904 ], [ -44.130550159759736, -22.553289374623073 ], [ -44.136663392125122, -22.560196493238553 ], [ -44.137057663152767, -22.560825194855838 ], [ -44.135806674219531, -22.566382564154093 ], [ -44.182458929594837, -22.625158551679522 ], [ -44.204240441225473, -22.620555969934081 ], [ -44.2041, -22.6155 ], [ -44.2149, -22.6142 ], [ -44.220999999394785, -22.616699998670107 ], [ -44.2258, -22.6047 ], [ -44.226364406628676, -22.605073525159479 ], [ -44.22231854212297, -22.598882168246391 ], [ -44.230872762093689, -22.587306156834551 ], [ -44.20175026712063, -22.56739971740247 ], [ -44.18902075373208, -22.547906911609772 ], [ -44.185749662525559, -22.531952230634378 ], [ -44.186178632074402, -22.531155382370439 ], [ -44.194548562674321, -22.519246047128604 ], [ -44.197673609627117, -22.516200509088545 ], [ -44.200148893354033, -22.514238832347697 ], [ -44.22037425034955, -22.511671815460371 ], [ -44.222566530527871, -22.512576680108985 ], [ -44.234527906643059, -22.518313674533829 ], [ -44.235156665933907, -22.518915490754093 ], [ -44.236452511745526, -22.492697275001163 ], [ -44.23629077437208, -22.484954829389242 ], [ -44.228658282256369, -22.478242862777982 ], [ -44.227582804358903, -22.47789304693115 ], [ -44.220349131701042, -22.484812155341725 ] ] ] ] } },
{ "type": "Feature", "properties": { "area_id": "LIGHT:18520506", "potencia_nominal_mva": 0.0, "n_trafos": 51, "origem": "fecho_trafos", "profundidade": 0, "recorte_ignorado": false, "geometria_vazia": false, "area_km2": 48.37, "lat_sub": -22.355406, "lon_sub": -43.591008, "classificacao": "Distribuição satélite", "area_mae": "LIGHT:18520353", "distribuidora": "LIGHT", "cod_sub": "18520506", "nome": "SESD CANANEIA", "lat_rep": -22.334472, "lon_rep": -43.597746, "capacidade_mmgd_bdgd_kw": 195.0, "capacidade_homologada_localizada_kw": 195.0, "capacidade_lag_kw": 46.035, "pot_sem_homologacao_kw": 0.0, "n_unidades": 6.23, "n_sem_homologacao": 0.0, "capacidade_mmgd_kw": 241.035, "fonte": "Solar FV", "fator_correcao": null, "capacidade_mmgd_corrigida_kw": 241.035 }, "geometry": { "type": "Polygon", "coordinates": [ [ [ -43.638836835403211, -22.364702668315037 ], [ -43.61981490552072, -22.290499431136332 ], [ -43.607380735931592, -22.306603190515045 ], [ -43.570706004951248, -22.314403159621623 ], [ -43.5703589073741, -22.315106434894115 ], [ -43.574732594330186, -22.317525745628643 ], [ -43.56943015976897, -22.330720919809789 ], [ -43.559236618685937, -22.337637545376932 ], [ -43.554552172746064, -22.347124291872333 ], [ -43.54549142908445, -22.346962979734165 ], [ -43.55111977506256, -22.34314404873972 ], [ -43.539248769001503, -22.351195831167882 ], [ -43.538434118892575, -22.357610157818826 ], [ -43.551601392747123, -22.372658726416851 ], [ -43.611094272479384, -22.360977689868136 ], [ -43.612672650898013, -22.357443917627418 ], [ -43.628163788996098, -22.356548985182098 ], [ -43.6330982467924, -22.372119021330018 ], [ -43.638836835403211, -22.364702668315037 ] ] ] } },
{ "type": "Feature", "properties": { "area_id": "LIGHT:10385925", "potencia_nominal_mva": 80.0, "n_trafos": 160, "origem": "fecho_trafos", "profundidade": 0, "recorte_ignorado": false, "geometria_vazia": false, "area_km2": 1.864, "lat_sub": -22.963145, "lon_sub": -43.180305, "classificacao": "Distribuição plena", "area_mae": null, "distribuidora": "LIGHT", "cod_sub": "10385925", "nome": "SETD LEME", "lat_rep": -22.965368, "lon_rep": -43.176098, "capacidade_mmgd_bdgd_kw": 197.29, "capacidade_homologada_localizada_kw": 197.29, "capacidade_lag_kw": 34.732, "pot_sem_homologacao_kw": 0.0, "n_unidades": 27.761, "n_sem_homologacao": 0.0, "capacidade_mmgd_kw": 232.022, "fonte": "Solar FV", "fator_correcao": null, "capacidade_mmgd_corrigida_kw": 232.022 }, "geometry": { "type": "Polygon", "coordinates": [ [ [ -43.187061781080388, -22.959755798870749 ], [ -43.186924773436054, -22.959744187061773 ], [ -43.181432547688374, -22.961960959879303 ], [ -43.178352154919914, -22.959016697553171 ], [ -43.172711512298818, -22.958537771080625 ], [ -43.172340179367637, -22.958296176967877 ], [ -43.171733685944886, -22.958454726962877 ], [ -43.157371664527226, -22.957234298351782 ], [ -43.159200021915133, -22.958900012849959 ], [ -43.180934317812984, -22.971641328691739 ], [ -43.181913477461386, -22.969742214772104 ], [ -43.179549605770575, -22.967676347143389 ], [ -43.179788409171117, -22.966798742905791 ], [ -43.180266158258718, -22.966553046633106 ], [ -43.183899697309513, -22.964319513464336 ], [ -43.182166249143954, -22.962661313262299 ], [ -43.185414153989569, -22.962952005333158 ], [ -43.187061781080388, -22.959755798870749 ] ] ] } },
{ "type": "Feature", "properties": { "area_id": "LIGHT:272870827", "potencia_nominal_mva": 0.0, "n_trafos": 0, "origem": "semente", "profundidade": 1, "recorte_ignorado": false, "geometria_vazia": false, "area_km2": 0.0, "lat_sub": -22.905365, "lon_sub": -43.653441, "classificacao": "Transporte/manobra", "area_mae": "LIGHT:450101398", "distribuidora": "LIGHT", "cod_sub": "272870827", "nome": "SEMT PALMARES", "lat_rep": -22.905365, "lon_rep": -43.653441, "capacidade_mmgd_bdgd_kw": 0.0, "capacidade_homologada_localizada_kw": 0.0, "capacidade_lag_kw": 0.0, "pot_sem_homologacao_kw": 0.0, "n_unidades": 0.0, "n_sem_homologacao": 0.0, "capacidade_mmgd_kw": 0.0, "fonte": null, "fator_correcao": null, "capacidade_mmgd_corrigida_kw": 0.0 }, "geometry": { "type": "Polygon", "coordinates": [ [ [ -43.653343662617104, -22.9053732395029 ], [ -43.653378247651126, -22.905434488 ], [ -43.653449452198508, -22.905455141404286 ], [ -43.653515565549739, -22.905423101212357 ], [ -43.653537859360952, -22.905357136156443 ], [ -43.653503274270967, -22.905295887691043 ], [ -43.65343206979594, -22.905275234314061 ], [ -43.653365956500672, -22.905307274474296 ], [ -43.653343662617104, -22.9053732395029 ] ] ] } },
{ "type": "Feature", "properties": { "area_id": "LIGHT:453768618", "potencia_nominal_mva": 0.0, "n_trafos": 0, "origem": "semente", "profundidade": 1, "recorte_ignorado": false, "geometria_vazia": false, "area_km2": 0.0, "lat_sub": -22.958367, "lon_sub": -43.397572, "classificacao": "Transporte/manobra", "area_mae": "LIGHT:10386042", "distribuidora": "LIGHT", "cod_sub": "453768618", "nome": "SETR GLOBO", "lat_rep": -22.958367, "lon_rep": -43.397572, "capacidade_mmgd_bdgd_kw": 0.0, "capacidade_homologada_localizada_kw": 0.0, "capacidade_lag_kw": 0.0, "pot_sem_homologacao_kw": 0.0, "n_unidades": 0.0, "n_sem_homologacao": 0.0, "capacidade_mmgd_kw": 0.0, "fonte": null, "fator_correcao": null, "capacidade_mmgd_corrigida_kw": 0.0 }, "geometry": { "type": "Polygon", "coordinates": [ [ [ -43.397474794396373, -22.958374808235472 ], [ -43.397509272864824, -22.958436106716366 ], [ -43.397580458733209, -22.958456874211343 ], [ -43.397646652234279, -22.958424945383609 ], [ -43.397669078072667, -22.958359023729436 ], [ -43.397634599547118, -22.958297725279756 ], [ -43.397563413750596, -22.958276957812942 ], [ -43.397497220306626, -22.958308886609455 ], [ -43.397474794396373, -22.958374808235472 ] ] ] } },
{ "type": "Feature", "properties": { "area_id": "LIGHT:18520803", "potencia_nominal_mva": 100.0, "n_trafos": 1395, "origem": "fecho_trafos", "profundidade": 0, "recorte_ignorado": false, "geometria_vazia": false, "area_km2": 48.976, "lat_sub": -22.717533, "lon_sub": -43.323902, "classificacao": "Distribuição plena", "area_mae": null, "distribuidora": "LIGHT", "cod_sub": "18520803", "nome": "SETD SARAPUI", "lat_rep": -22.702651, "lon_rep": -43.329268, "capacidade_mmgd_bdgd_kw": 5510.29, "capacidade_homologada_localizada_kw": 5478.04, "capacidade_lag_kw": 961.28, "pot_sem_homologacao_kw": 0.0, "n_unidades": 535.15, "n_sem_homologacao": 0.0, "capacidade_mmgd_kw": 6439.32, "fonte": "Solar FV", "fator_correcao": null, "capacidade_mmgd_corrigida_kw": 6439.32 }, "geometry": { "type": "Polygon", "coordinates": [ [ [ -43.368595401351193, -22.671304861726206 ], [ -43.357662934481034, -22.672181084242972 ], [ -43.346508715663205, -22.661634511004891 ], [ -43.32954808007397, -22.66148130431614 ], [ -43.329548058475879, -22.661481310961463 ], [ -43.30588155220466, -22.66992881080381 ], [ -43.307103055780551, -22.669493904922337 ], [ -43.295410268005121, -22.684057507366994 ], [ -43.298273079019836, -22.700231296666772 ], [ -43.295662022578846, -22.711710248868005 ], [ -43.297532776353364, -22.72255041502158 ], [ -43.291606809096194, -22.736565538904991 ], [ -43.299746369039092, -22.731703122396024 ], [ -43.301090479353491, -22.732739951228663 ], [ -43.305823173989872, -22.741614269842795 ], [ -43.311049104959544, -22.742727319022514 ], [ -43.333594179890909, -22.740367321467204 ], [ -43.335802385244705, -22.728204179315885 ], [ -43.338827887421253, -22.724543133280534 ], [ -43.349704926395987, -22.716299896369879 ], [ -43.35528093982645, -22.714267561069654 ], [ -43.360221175271533, -22.705064671366905 ], [ -43.363143547591577, -22.693285804681544 ], [ -43.369213539758235, -22.687460703819838 ], [ -43.372739226371692, -22.686432643784737 ], [ -43.366343355146441, -22.680387199576202 ], [ -43.368595401351193, -22.671304861726206 ] ] ] } },
{ "type": "Feature", "properties": { "area_id": "LIGHT:10386087", "potencia_nominal_mva": 120.0, "n_trafos": 431, "origem": "fecho_trafos", "profundidade": 0, "recorte_ignorado": false, "geometria_vazia": false, "area_km2": 2.337, "lat_sub": -22.987755, "lon_sub": -43.192674, "classificacao": "Distribuição plena", "area_mae": null, "distribuidora": "LIGHT", "cod_sub": "10386087", "nome": "SETD POSTO SEIS", "lat_rep": -22.98133, "lon_rep": -43.196069, "capacidade_mmgd_bdgd_kw": 1210.39, "capacidade_homologada_localizada_kw": 1200.09, "capacidade_lag_kw": 211.273, "pot_sem_homologacao_kw": 0.0, "n_unidades": 159.796, "n_sem_homologacao": 0.0, "capacidade_mmgd_kw": 1411.363, "fonte": "Solar FV", "fator_correcao": null, "capacidade_mmgd_corrigida_kw": 1411.363 }, "geometry": { "type": "Polygon", "coordinates": [ [ [ -43.207824524635861, -22.985370771586464 ], [ -43.205455040628394, -22.983007732662315 ], [ -43.204706722000424, -22.979856007042379 ], [ -43.199704405155281, -22.977272470983177 ], [ -43.199658396699753, -22.977226555331182 ], [ -43.198912430033907, -22.975819635168321 ], [ -43.197395858744763, -22.976080100554608 ], [ -43.192248108170148, -22.973421087329832 ], [ -43.187577064969098, -22.975020327117416 ], [ -43.18760576269667, -22.977761891457803 ], [ -43.186248804084407, -22.977995402990867 ], [ -43.1882, -22.9858 ], [ -43.198200022164528, -22.98789999897312 ], [ -43.206524984589642, -22.987514082012432 ], [ -43.206226163767539, -22.986254397319033 ], [ -43.207312218554669, -22.986089704454781 ], [ -43.207824524635861, -22.985370771586464 ] ] ] } },
{ "type": "Feature", "properties": { "area_id": "LIGHT:10385934", "potencia_nominal_mva": 120.0, "n_trafos": 364, "origem": "fecho_trafos", "profundidade": 0, "recorte_ignorado": false, "geometria_vazia": false, "area_km2": 4.508, "lat_sub": -22.955286, "lon_sub": -43.181083, "classificacao": "Distribuição plena", "area_mae": null, "distribuidora": "LIGHT", "cod_sub": "10385934", "nome": "SETD BOTAFOGO", "lat_rep": -22.95486, "lon_rep": -43.171727, "capacidade_mmgd_bdgd_kw": 2547.77, "capacidade_homologada_localizada_kw": 2481.24, "capacidade_lag_kw": 437.577, "pot_sem_homologacao_kw": 0.0, "n_unidades": 261.686, "n_sem_homologacao": 0.0, "capacidade_mmgd_kw": 2918.817, "fonte": "Solar FV", "fator_correcao": null, "capacidade_mmgd_corrigida_kw": 2918.817 }, "geometry": { "type": "Polygon", "coordinates": [ [ [ -43.187955615330942, -22.959328060399983 ], [ -43.187930554078413, -22.959046591474969 ], [ -43.190462173512621, -22.948690369043042 ], [ -43.188787479123654, -22.947194720966372 ], [ -43.188224900160471, -22.949650212407683 ], [ -43.186354328090886, -22.950254576704975 ], [ -43.18244218868238, -22.949071238678826 ], [ -43.174590803905815, -22.94298426521107 ], [ -43.173660685275962, -22.943012849983837 ], [ -43.1801, -22.9485 ], [ -43.17, -22.9523 ], [ -43.1625, -22.9438 ], [ -43.1558000005205, -22.943300001025175 ], [ -43.150200001537428, -22.95069999986994 ], [ -43.157371662248813, -22.957234296125772 ], [ -43.171733843738544, -22.958454740364349 ], [ -43.172340114402722, -22.958296264968379 ], [ -43.172714244148331, -22.958539696140278 ], [ -43.178351893447783, -22.959016678870427 ], [ -43.181432409553423, -22.961961137429796 ], [ -43.186924566503002, -22.959744270593838 ], [ -43.187061804140868, -22.959755799600828 ], [ -43.187512484853492, -22.95950695362939 ], [ -43.187955615330942, -22.959328060399983 ] ] ] } },
{ "type": "Feature", "properties": { "area_id": "LIGHT:10386051", "potencia_nominal_mva": 174.0, "n_trafos": 431, "origem": "fecho_trafos", "profundidade": 0, "recorte_ignorado": false, "geometria_vazia": false, "area_km2": 6.974, "lat_sub": -22.89831, "lon_sub": -43.218051, "classificacao": "Distribuição plena", "area_mae": null, "distribuidora": "LIGHT", "cod_sub": "10386051", "nome": "SETD CAMPO MARTE", "lat_rep": -22.89022, "lon_rep": -43.218564, "capacidade_mmgd_bdgd_kw": 2372.44, "capacidade_homologada_localizada_kw": 2371.91, "capacidade_lag_kw": 417.57, "pot_sem_homologacao_kw": 0.0, "n_unidades": 145.197, "n_sem_homologacao": 0.0, "capacidade_mmgd_kw": 2789.48, "fonte": "Solar FV", "fator_correcao": null, "capacidade_mmgd_corrigida_kw": 2789.48 }, "geometry": { "type": "Polygon", "coordinates": [ [ [ -43.228172782372098, -22.907779216048038 ], [ -43.228034256238658, -22.90774509745286 ], [ -43.227429079159101, -22.90705102752877 ], [ -43.228009442802666, -22.901989346399564 ], [ -43.223599714097965, -22.876364026548387 ], [ -43.223599709486905, -22.876364006054104 ], [ -43.221717152090768, -22.875491071136 ], [ -43.211430947754323, -22.873503871877229 ], [ -43.210977845056235, -22.874040900115897 ], [ -43.206996541872556, -22.868537213542123 ], [ -43.201400001769343, -22.871500000265542 ], [ -43.2161, -22.8867 ], [ -43.2108, -22.8976 ], [ -43.1962, -22.8921 ], [ -43.195678169105555, -22.892214069561017 ], [ -43.194821834308819, -22.893230972289622 ], [ -43.195189721354495, -22.894730589198428 ], [ -43.196121201416872, -22.895061831276973 ], [ -43.200394507668754, -22.89935111247371 ], [ -43.200960452502265, -22.899976715268672 ], [ -43.202273134066218, -22.90369844328691 ], [ -43.204941394411605, -22.903786163519253 ], [ -43.208790961301681, -22.907733028329631 ], [ -43.214838999189169, -22.909468776994729 ], [ -43.215872398679799, -22.910691356957116 ], [ -43.222156515104977, -22.910005965287127 ], [ -43.225691287450694, -22.910085113007842 ], [ -43.228172782372098, -22.907779216048038 ] ], [ [ -43.221206896350715, -22.879665533909264 ], [ -43.223724167965159, -22.877088635647965 ], [ -43.227012465899286, -22.896201553590927 ], [ -43.221161985717842, -22.888117575626474 ], [ -43.221206896350715, -22.879665533909264 ] ] ] } },
{ "type": "Feature", "properties": { "area_id": "LIGHT:18520398", "potencia_nominal_mva": 37.5, "n_trafos": 0, "origem": "semente", "profundidade": 2, "recorte_ignorado": false, "geometria_vazia": false, "area_km2": 0.0, "lat_sub": -22.527946, "lon_sub": -44.201429, "classificacao": "Transformadora pura", "area_mae": "LIGHT:18521064", "distribuidora": "LIGHT", "cod_sub": "18520398", "nome": "SETD SAUDADE", "lat_rep": -22.527946, "lon_rep": -44.201429, "capacidade_mmgd_bdgd_kw": 1378.5, "capacidade_homologada_localizada_kw": 1378.5, "capacidade_lag_kw": 154.114, "pot_sem_homologacao_kw": 0.0, "n_unidades": 13.247, "n_sem_homologacao": 0.0, "capacidade_mmgd_kw": 1532.614, "fonte": "Solar FV", "fator_correcao": null, "capacidade_mmgd_corrigida_kw": 1532.614 }, "geometry": { "type": "Polygon", "coordinates": [ [ [ -44.201333761798779, -22.527963584472115 ], [ -44.201374791514176, -22.528021264349761 ], [ -44.201447706687901, -22.52803509753474 ], [ -44.201509794542957, -22.527996980722012 ], [ -44.201524684829181, -22.527929242249215 ], [ -44.201483655076146, -22.527871562408116 ], [ -44.201410739983601, -22.527857729241543 ], [ -44.201348652166168, -22.527895846017721 ], [ -44.201333761798779, -22.527963584472115 ] ] ] } },
{ "type": "Feature", "properties": { "area_id": "LIGHT:310129856", "potencia_nominal_mva": 80.0, "n_trafos": 829, "origem": "fecho_trafos", "profundidade": 1, "recorte_ignorado": false, "geometria_vazia": false, "area_km2": 41.385, "lat_sub": -22.882808, "lon_sub": -43.761096, "classificacao": "Distribuição plena", "area_mae": null, "distribuidora": "LIGHT", "cod_sub": "310129856", "nome": "SETD ITAGUAI", "lat_rep": -22.854184, "lon_rep": -43.778805, "capacidade_mmgd_bdgd_kw": 6657.35, "capacidade_homologada_localizada_kw": 6649.25, "capacidade_lag_kw": 2148.528, "pot_sem_homologacao_kw": 0.0, "n_unidades": 710.424, "n_sem_homologacao": 0.0, "capacidade_mmgd_kw": 8797.778, "fonte": "Solar FV", "fator_correcao": null, "capacidade_mmgd_corrigida_kw": 8797.778 }, "geometry": { "type": "MultiPolygon", "coordinates": [ [ [ [ -43.824337319520154, -22.885080628363795 ], [ -43.808354897107357, -22.872843464692792 ], [ -43.8116009924195, -22.870731883309308 ], [ -43.815262100040705, -22.87076004202487 ], [ -43.82380245622641, -22.874781989093474 ], [ -43.823314930201413, -22.865406405866803 ], [ -43.809567702613769, -22.86110587859066 ], [ -43.805423118804448, -22.841673635966114 ], [ -43.794888516177991, -22.841767249065931 ], [ -43.787869296770253, -22.838392786880505 ], [ -43.78274322222768, -22.819325172275956 ], [ -43.751079460812669, -22.847280957187401 ], [ -43.751856946129628, -22.844046041248141 ], [ -43.746672166372178, -22.86558762215974 ], [ -43.747253150492433, -22.866215813049777 ], [ -43.745228127461466, -22.868425851449551 ], [ -43.740544007311726, -22.872527560141332 ], [ -43.739617363547431, -22.872453644360338 ], [ -43.739688757813241, -22.872584496818472 ], [ -43.757760407924323, -22.877352450572769 ], [ -43.76177839695945, -22.881610550197728 ], [ -43.764708051620282, -22.882238042414016 ], [ -43.763280311193725, -22.898085171012156 ], [ -43.798991849620393, -22.894747798049259 ], [ -43.799936962666692, -22.892988116605579 ], [ -43.800292724292113, -22.889852492174285 ], [ -43.823845839223537, -22.894887673096274 ], [ -43.824398690662306, -22.886780365396007 ], [ -43.824337319520154, -22.885080628363795 ] ] ], [ [ [ -43.824335737704757, -22.885036681973791 ], [ -43.824335737704757, -22.885036681973798 ], [ -43.824336609047229, -22.885060815821134 ], [ -43.824335737704757, -22.885036681973791 ] ] ] ] } },
{ "type": "Feature", "properties": { "area_id": "LIGHT:10386006", "potencia_nominal_mva": 120.0, "n_trafos": 825, "origem": "fecho_trafos", "profundidade": 0, "recorte_ignorado": false, "geometria_vazia": false, "area_km2": 6.452, "lat_sub": -22.925852, "lon_sub": -43.221519, "classificacao": "Distribuição plena", "area_mae": null, "distribuidora": "LIGHT", "cod_sub": "10386006", "nome": "SETD RIO COMPRIDO", "lat_rep": -22.927851, "lon_rep": -43.221616, "capacidade_mmgd_bdgd_kw": 3774.77, "capacidade_homologada_localizada_kw": 3769.65, "capacidade_lag_kw": 665.759, "pot_sem_homologacao_kw": 0.0, "n_unidades": 493.61, "n_sem_homologacao": 0.0, "capacidade_mmgd_kw": 4435.409, "fonte": "Solar FV", "fator_correcao": null, "capacidade_mmgd_corrigida_kw": 4435.409 }, "geometry": { "type": "Polygon", "coordinates": [ [ [ -43.234215044369293, -22.928541419137122 ], [ -43.225899278039115, -22.914716691450266 ], [ -43.226792250389188, -22.912918093620096 ], [ -43.230097484243245, -22.911050127759982 ], [ -43.229712548245317, -22.910175071829158 ], [ -43.22215654942498, -22.910005961543224 ], [ -43.215334382504381, -22.910750026214032 ], [ -43.214640406497431, -22.910872529571684 ], [ -43.209905819794741, -22.920044224276726 ], [ -43.209350599513343, -22.927289441081623 ], [ -43.209339894814519, -22.930087620725462 ], [ -43.213907324218638, -22.933086694771138 ], [ -43.215155598683822, -22.933368720909915 ], [ -43.216464926747882, -22.933508268872085 ], [ -43.215977233219263, -22.938363116945503 ], [ -43.213526242133774, -22.938499650900912 ], [ -43.213322870707877, -22.938496051668558 ], [ -43.22263059464732, -22.944700592106798 ], [ -43.225467261520755, -22.944907888021611 ], [ -43.232123020235328, -22.932779331218615 ], [ -43.230772801107832, -22.929964904121071 ], [ -43.23451026321996, -22.928419350287349 ], [ -43.234215044369293, -22.928541419137122 ] ] ] } },
{ "type": "Feature", "properties": { "area_id": "LIGHT:553273312", "potencia_nominal_mva": 0.0, "n_trafos": 0, "origem": "semente", "profundidade": 1, "recorte_ignorado": false, "geometria_vazia": false, "area_km2": 0.0, "lat_sub": -22.021556, "lon_sub": -43.297885, "classificacao": "Transporte/manobra", "area_mae": null, "distribuidora": "LIGHT", "cod_sub": "553273312", "nome": "SETD USINA MONTE SERRAT", "lat_rep": -22.021556, "lon_rep": -43.297885, "capacidade_mmgd_bdgd_kw": 0.0, "capacidade_homologada_localizada_kw": 0.0, "capacidade_lag_kw": 0.0, "pot_sem_homologacao_kw": 0.0, "n_unidades": 0.0, "n_sem_homologacao": 0.0, "capacidade_mmgd_kw": 0.0, "fonte": null, "fator_correcao": null, "capacidade_mmgd_corrigida_kw": 0.0 }, "geometry": { "type": "Polygon", "coordinates": [ [ [ -43.297788872886862, -22.02156398061727 ], [ -43.297823103289147, -22.021625290630311 ], [ -43.297893803114285, -22.021646074722593 ], [ -43.297959557315451, -22.021614157835398 ], [ -43.297981847934906, -22.021548236469137 ], [ -43.297947617477917, -22.021486926485544 ], [ -43.297876917720536, -22.021466142420657 ], [ -43.297811163574082, -22.021498059278397 ], [ -43.297788872886862, -22.02156398061727 ] ] ] } },
{ "type": "Feature", "properties": { "area_id": "LIGHT:1132", "potencia_nominal_mva": 80.0, "n_trafos": 501, "origem": "fecho_trafos", "profundidade": 1, "recorte_ignorado": false, "geometria_vazia": false, "area_km2": 5.793, "lat_sub": -22.855303, "lon_sub": -43.253361, "classificacao": "Distribuição plena", "area_mae": null, "distribuidora": "LIGHT", "cod_sub": "1132", "nome": "SETD RAMOS", "lat_rep": -22.856373, "lon_rep": -43.247594, "capacidade_mmgd_bdgd_kw": 1224.26, "capacidade_homologada_localizada_kw": 1238.26, "capacidade_lag_kw": 217.993, "pot_sem_homologacao_kw": 0.0, "n_unidades": 69.33, "n_sem_homologacao": 0.0, "capacidade_mmgd_kw": 1456.253, "fonte": "Solar FV", "fator_correcao": null, "capacidade_mmgd_corrigida_kw": 1456.253 }, "geometry": { "type": "MultiPolygon", "coordinates": [ [ [ [ -43.235771377562514, -22.855322255154306 ], [ -43.234367050476514, -22.859998202843816 ], [ -43.233054737261291, -22.862053905960327 ], [ -43.217944244931054, -22.869870570016658 ], [ -43.217209978457007, -22.870147031945894 ], [ -43.217200001212703, -22.870299998986077 ], [ -43.222299999660052, -22.870499998959755 ], [ -43.2362, -22.8611 ], [ -43.241, -22.8467 ], [ -43.23941222182313, -22.843197650763916 ], [ -43.23623113757413, -22.853791319242291 ], [ -43.236095991803239, -22.853876389218463 ], [ -43.235771377562514, -22.855322255154306 ] ] ], [ [ [ -43.234520878940621, -22.871383373177022 ], [ -43.234752598876611, -22.871860367297096 ], [ -43.238951842964255, -22.872311226464475 ], [ -43.23897943300998, -22.872329642543267 ], [ -43.23976959633076, -22.872100422253986 ], [ -43.23952648493232, -22.871748982974381 ], [ -43.239738206934682, -22.868327435397198 ], [ -43.255445358945337, -22.865539178540129 ], [ -43.257028683731761, -22.850726721253771 ], [ -43.246061781220185, -22.841473583056565 ], [ -43.246529462348278, -22.840694408407302 ], [ -43.258667626585492, -22.835389362973483 ], [ -43.259026543170251, -22.832029980214831 ], [ -43.2549, -22.8365 ], [ -43.245, -22.8406 ], [ -43.2365, -22.862 ], [ -43.23229463937686, -22.866711923338055 ], [ -43.233331062968816, -22.867257421183798 ], [ -43.234520878940621, -22.871383373177022 ] ] ], [ [ [ -43.249989436348493, -22.825886101074047 ], [ -43.245852151698422, -22.83134166807589 ], [ -43.2484, -22.8304 ], [ -43.249989436348493, -22.825886101074047 ] ] ], [ [ [ -43.252540533586064, -22.822521848029361 ], [ -43.2587, -22.8196 ], [ -43.259980995170807, -22.818062911826583 ], [ -43.257757017462133, -22.819137720404267 ], [ -43.252685488070391, -22.82233069563096 ], [ -43.252540533586064, -22.822521848029361 ] ] ] ] } },
{ "type": "Feature", "properties": { "area_id": "LIGHT:18520479", "potencia_nominal_mva": 120.0, "n_trafos": 1164, "origem": "fecho_trafos", "profundidade": 0, "recorte_ignorado": false, "geometria_vazia": false, "area_km2": 35.449, "lat_sub": -22.891088, "lon_sub": -43.425681, "classificacao": "Distribuição plena", "area_mae": null, "distribuidora": "LIGHT", "cod_sub": "18520479", "nome": "SETD PADRE MIGUEL", "lat_rep": -22.893823, "lon_rep": -43.422492, "capacidade_mmgd_bdgd_kw": 6993.84, "capacidade_homologada_localizada_kw": 7013.88, "capacidade_lag_kw": 1226.169, "pot_sem_homologacao_kw": 0.0, "n_unidades": 1059.255, "n_sem_homologacao": 0.0, "capacidade_mmgd_kw": 8240.049, "fonte": "Solar FV", "fator_correcao": null, "capacidade_mmgd_corrigida_kw": 8240.049 }, "geometry": { "type": "Polygon", "coordinates": [ [ [ -43.45752007162217, -22.941663036868498 ], [ -43.454918191997649, -22.896645539681742 ], [ -43.447124415390412, -22.895075477398976 ], [ -43.450440997174702, -22.889480634257389 ], [ -43.450744050347232, -22.888667002552772 ], [ -43.446457508314403, -22.875291873887033 ], [ -43.437510913918686, -22.865959231309965 ], [ -43.434733652949319, -22.864565606695649 ], [ -43.42476519998057, -22.860962726357752 ], [ -43.434789698423771, -22.856265033854715 ], [ -43.426690727092378, -22.845149739051667 ], [ -43.412473544058372, -22.851346523107292 ], [ -43.406617175795319, -22.856303075637101 ], [ -43.397223937494388, -22.854040795382616 ], [ -43.396906445481811, -22.854345341756424 ], [ -43.3861561726834, -22.856075874362197 ], [ -43.393605695019396, -22.863159445933768 ], [ -43.393651490349903, -22.863522783654222 ], [ -43.388482896695415, -22.889622068456529 ], [ -43.389839908321491, -22.890623762023964 ], [ -43.391827739580066, -22.891412716313923 ], [ -43.393773192267822, -22.890916490594527 ], [ -43.394733839514693, -22.891389304232767 ], [ -43.395407172806678, -22.892833281010674 ], [ -43.399120549092927, -22.89430688975941 ], [ -43.402161006759108, -22.895043870097449 ], [ -43.450452344729698, -22.918793377606931 ], [ -43.443107029055625, -22.930874389577653 ], [ -43.442016448458205, -22.931824379932188 ], [ -43.434480534226374, -22.933207374411491 ], [ -43.45752007162217, -22.941663036868498 ] ] ] } },
{ "type": "Feature", "properties": { "area_id": "LIGHT:18520902", "potencia_nominal_mva": 120.0, "n_trafos": 1335, "origem": "fecho_trafos", "profundidade": 0, "recorte_ignorado": false, "geometria_vazia": false, "area_km2": 35.929, "lat_sub": -22.79815, "lon_sub": -43.42244, "classificacao": "Distribuição plena", "area_mae": null, "distribuidora": "LIGHT", "cod_sub": "18520902", "nome": "SETD MENA BARRETO", "lat_rep": -22.812262, "lon_rep": -43.440053, "capacidade_mmgd_bdgd_kw": 7431.14, "capacidade_homologada_localizada_kw": 7403.79, "capacidade_lag_kw": 1378.703, "pot_sem_homologacao_kw": 6.0, "n_unidades": 1154.96, "n_sem_homologacao": 1.0, "capacidade_mmgd_kw": 8782.493, "fonte": "Solar FV", "fator_correcao": null, "capacidade_mmgd_corrigida_kw": 8782.493 }, "geometry": { "type": "Polygon", "coordinates": [ [ [ -43.476360114199586, -22.80675661146417 ], [ -43.466935114296319, -22.795151759741326 ], [ -43.457002867269104, -22.790150133849583 ], [ -43.462468859673834, -22.782967518992407 ], [ -43.456698334903123, -22.779238292542257 ], [ -43.446342173151429, -22.773768017534092 ], [ -43.44616014206521, -22.773897794100581 ], [ -43.431522449986531, -22.775551492112406 ], [ -43.424428036141919, -22.773740293225092 ], [ -43.420289408670193, -22.771654671996895 ], [ -43.419133444928313, -22.771852417454305 ], [ -43.415266157422693, -22.772609653957169 ], [ -43.415290278222855, -22.776068754267833 ], [ -43.408645733279428, -22.783281729423965 ], [ -43.413660821089294, -22.772923974200982 ], [ -43.406442059230258, -22.78782923983697 ], [ -43.405577835550943, -22.789805034963191 ], [ -43.403845664346846, -22.799809592997534 ], [ -43.404310925633645, -22.80124763534733 ], [ -43.406255663781437, -22.807094681369694 ], [ -43.417777043506227, -22.824374019899224 ], [ -43.419315376939956, -22.826072189393706 ], [ -43.419974314112849, -22.829332958199046 ], [ -43.419847711074659, -22.831044893210311 ], [ -43.42763880559523, -22.843603842411468 ], [ -43.465859232641662, -22.817345697715361 ], [ -43.476360114199586, -22.80675661146417 ] ] ] } },
{ "type": "Feature", "properties": { "area_id": "LIGHT:10386069", "potencia_nominal_mva": 120.0, "n_trafos": 271, "origem": "fecho_trafos", "profundidade": 0, "recorte_ignorado": false, "geometria_vazia": false, "area_km2": 2.609, "lat_sub": -22.910357, "lon_sub": -43.173174, "classificacao": "Distribuição plena", "area_mae": null, "distribuidora": "LIGHT", "cod_sub": "10386069", "nome": "SETD SANTA LUZIA", "lat_rep": -22.912749, "lon_rep": -43.170489, "capacidade_mmgd_bdgd_kw": 762.88, "capacidade_homologada_localizada_kw": 762.88, "capacidade_lag_kw": 134.303, "pot_sem_homologacao_kw": 0.0, "n_unidades": 18.677, "n_sem_homologacao": 0.0, "capacidade_mmgd_kw": 897.183, "fonte": "Solar FV", "fator_correcao": null, "capacidade_mmgd_corrigida_kw": 897.183 }, "geometry": { "type": "Polygon", "coordinates": [ [ [ -43.179241721138375, -22.914880796634343 ], [ -43.178353232376274, -22.910808592872367 ], [ -43.177683265672314, -22.908886939299329 ], [ -43.17258893793047, -22.906035935333719 ], [ -43.171945537477818, -22.903431445241168 ], [ -43.175154640961956, -22.900558667450852 ], [ -43.174871128366483, -22.900215878049497 ], [ -43.1692, -22.9046 ], [ -43.161500001192856, -22.905300000919134 ], [ -43.162600000985002, -22.917199999622419 ], [ -43.168, -22.9228 ], [ -43.168493673487326, -22.924236218394611 ], [ -43.172729908961827, -22.922961209707079 ], [ -43.173542706597111, -22.916140783343394 ], [ -43.174952660208845, -22.915007792563205 ], [ -43.177608823274554, -22.914929183683135 ], [ -43.1781991487914, -22.91507751971578 ], [ -43.179158048317987, -22.915712515649954 ], [ -43.178452990524249, -22.914904965624945 ], [ -43.179241721138375, -22.914880796634343 ] ] ] } },
{ "type": "Feature", "properties": { "area_id": "LIGHT:1303", "potencia_nominal_mva": 120.0, "n_trafos": 1179, "origem": "fecho_trafos", "profundidade": 0, "recorte_ignorado": false, "geometria_vazia": false, "area_km2": 19.031, "lat_sub": -22.81657, "lon_sub": -43.387876, "classificacao": "Distribuição plena", "area_mae": null, "distribuidora": "LIGHT", "cod_sub": "1303", "nome": "SETD PAVUNA", "lat_rep": -22.819314, "lon_rep": -43.392428, "capacidade_mmgd_bdgd_kw": 4068.01, "capacidade_homologada_localizada_kw": 4057.75, "capacidade_lag_kw": 779.653, "pot_sem_homologacao_kw": 2.0, "n_unidades": 612.403, "n_sem_homologacao": 1.0, "capacidade_mmgd_kw": 4837.403, "fonte": "Solar FV", "fator_correcao": null, "capacidade_mmgd_corrigida_kw": 4837.403 }, "geometry": { "type": "Polygon", "coordinates": [ [ [ -43.427638793777653, -22.84360382547737 ], [ -43.419847813912298, -22.831045052399045 ], [ -43.419974324384029, -22.829332995834047 ], [ -43.419314745945741, -22.826068835784753 ], [ -43.417777024901937, -22.824373992001181 ], [ -43.406255653913377, -22.807094643430386 ], [ -43.404310927809632, -22.801247641980215 ], [ -43.403845692432299, -22.799809632020452 ], [ -43.404984788243162, -22.793230510028263 ], [ -43.404572131145137, -22.795609890583972 ], [ -43.391501233614001, -22.794894770904492 ], [ -43.389742559999263, -22.792337227788455 ], [ -43.404528308645617, -22.780925601528871 ], [ -43.370941260626395, -22.806841300596208 ], [ -43.370941192177924, -22.806841367533739 ], [ -43.389741494824648, -22.792337266829975 ], [ -43.392327860361021, -22.796099197715868 ], [ -43.36617611719155, -22.811862415907516 ], [ -43.363940073210891, -22.814218391983477 ], [ -43.399532939324708, -22.84144995960013 ], [ -43.409964014778893, -22.839659896631883 ], [ -43.410233962966572, -22.839947836834224 ], [ -43.410333435636481, -22.841453581982364 ], [ -43.405547078502586, -22.846049680968655 ], [ -43.412473543529977, -22.851346521019696 ], [ -43.426690726614247, -22.845149736746759 ], [ -43.427638793777653, -22.84360382547737 ] ] ] } },
{ "type": "Feature", "properties": { "area_id": "LIGHT:18520875", "potencia_nominal_mva": 60.0, "n_trafos": 889, "origem": "fecho_trafos", "profundidade": 0, "recorte_ignorado": false, "geometria_vazia": false, "area_km2": 42.146, "lat_sub": -22.496743, "lon_sub": -44.120652, "classificacao": "Distribuição plena", "area_mae": null, "distribuidora": "LIGHT", "cod_sub": "18520875", "nome": "SETD RETIRO", "lat_rep": -22.503415, "lon_rep": -44.125284, "capacidade_mmgd_bdgd_kw": 8617.91, "capacidade_homologada_localizada_kw": 8507.2, "capacidade_lag_kw": 1727.399, "pot_sem_homologacao_kw": 0.0, "n_unidades": 1104.993, "n_sem_homologacao": 0.0, "capacidade_mmgd_kw": 10234.599, "fonte": "Solar FV", "fator_correcao": null, "capacidade_mmgd_corrigida_kw": 10234.599 }, "geometry": { "type": "MultiPolygon", "coordinates": [ [ [ [ -44.137308146571918, -22.532791657889188 ], [ -44.137308148468101, -22.532791659153535 ], [ -44.137308161372317, -22.532791640593466 ], [ -44.137308146571918, -22.532791657889188 ] ] ], [ [ [ -44.137308161372317, -22.532791640593455 ], [ -44.137308161372317, -22.532791640593466 ], [ -44.137308161372331, -22.532791640593452 ], [ -44.137308161372317, -22.532791640593455 ] ] ], [ [ [ -44.151968658883831, -22.480974744829922 ], [ -44.147579595447674, -22.46909999490223 ], [ -44.147246113093438, -22.469073840035193 ], [ -44.150372270965114, -22.459530978256151 ], [ -44.135053526032294, -22.468145686695571 ], [ -44.0796455881489, -22.463912711137688 ], [ -44.073633105335936, -22.46350296756453 ], [ -44.068291309968266, -22.468653277185837 ], [ -44.065886294824885, -22.470516894559342 ], [ -44.063296305866714, -22.473792862675374 ], [ -44.063653135711732, -22.475200709189128 ], [ -44.109765665331153, -22.512767694953382 ], [ -44.122171863350232, -22.532811510335776 ], [ -44.122268221996755, -22.536458660303975 ], [ -44.120682105753765, -22.541586314830884 ], [ -44.122801137088118, -22.543641758443062 ], [ -44.125581481585371, -22.535165221838465 ], [ -44.147600626887595, -22.51946773666668 ], [ -44.137308161372331, -22.532791640593452 ], [ -44.149786547077866, -22.51663944652141 ], [ -44.154404345797111, -22.494131934332991 ], [ -44.151968658883831, -22.480974744829922 ] ], [ [ -44.129789294490266, -22.467744416127825 ], [ -44.125191313156357, -22.472464529525709 ], [ -44.123062751805023, -22.474424852010774 ], [ -44.118388122602745, -22.477398489444326 ], [ -44.094692141612093, -22.485292332327145 ], [ -44.083012160186648, -22.464171340041112 ], [ -44.129789294490266, -22.467744416127825 ] ] ], [ [ [ -44.071543608063195, -22.463360517897051 ], [ -44.071543608063187, -22.463360517897051 ], [ -44.071544587335424, -22.463360584664471 ], [ -44.071543608063195, -22.463360517897051 ] ] ], [ [ [ -44.15087969359935, -22.459245572366392 ], [ -44.161673835498561, -22.456438799393677 ], [ -44.197452349351224, -22.468089305921097 ], [ -44.181671786213144, -22.441920987145263 ], [ -44.15087969359935, -22.459245572366392 ] ] ] ] } },
{ "type": "Feature", "properties": { "area_id": "LIGHT:18521352", "potencia_nominal_mva": 50.0, "n_trafos": 0, "origem": "semente", "profundidade": 1, "recorte_ignorado": false, "geometria_vazia": false, "area_km2": 0.0, "lat_sub": -22.645173, "lon_sub": -43.296403, "classificacao": "Transformadora pura", "area_mae": "LIGHT:18520803", "distribuidora": "LIGHT", "cod_sub": "18521352", "nome": "SETD ELDORADO", "lat_rep": -22.645173, "lon_rep": -43.296403, "capacidade_mmgd_bdgd_kw": 1428.0, "capacidade_homologada_localizada_kw": 1397.77, "capacidade_lag_kw": 262.736, "pot_sem_homologacao_kw": 0.0, "n_unidades": 26.374, "n_sem_homologacao": 0.0, "capacidade_mmgd_kw": 1660.506, "fonte": "Solar FV", "fator_correcao": null, "capacidade_mmgd_corrigida_kw": 1660.506 }, "geometry": { "type": "Polygon", "coordinates": [ [ [ -43.296306161499274, -22.645181208798821 ], [ -43.296340524096941, -22.645242524128605 ], [ -43.296411532208111, -22.64526332705432 ], [ -43.296477590194407, -22.64523143148438 ], [ -43.296500002143588, -22.645165521432549 ], [ -43.296465639489377, -22.645104206133244 ], [ -43.296394631448493, -22.645083403235635 ], [ -43.29632857351875, -22.645115298775107 ], [ -43.296306161499274, -22.645181208798821 ] ] ] } },
{ "type": "Feature", "properties": { "area_id": "LIGHT:18520893", "potencia_nominal_mva": 96.515, "n_trafos": 0, "origem": "semente", "profundidade": 1, "recorte_ignorado": false, "geometria_vazia": false, "area_km2": 0.0, "lat_sub": -22.742654, "lon_sub": -43.557804, "classificacao": "Transformadora pura", "area_mae": "LIGHT:34192093", "distribuidora": "LIGHT", "cod_sub": "18520893", "nome": "SETD QUEIMADOS", "lat_rep": -22.742654, "lon_rep": -43.557804, "capacidade_mmgd_bdgd_kw": 2540.0, "capacidade_homologada_localizada_kw": 2600.0, "capacidade_lag_kw": 925.923, "pot_sem_homologacao_kw": 0.0, "n_unidades": 28.636, "n_sem_homologacao": 0.0, "capacidade_mmgd_kw": 3525.923, "fonte": "Solar FV", "fator_correcao": null, "capacidade_mmgd_corrigida_kw": 3525.923 }, "geometry": { "type": "Polygon", "coordinates": [ [ [ -43.557707253038217, -22.742662021300987 ], [ -43.557741757201811, -22.742723287588635 ], [ -43.557812861652558, -22.742743979211056 ], [ -43.557878914316845, -22.742711975277118 ], [ -43.557901222400496, -22.74264602327926 ], [ -43.55786671818106, -22.742584757022836 ], [ -43.55779561380173, -22.742564065427825 ], [ -43.557729561193277, -22.74259606933056 ], [ -43.557707253038217, -22.742662021300987 ] ] ] } },
{ "type": "Feature", "properties": { "area_id": "LIGHT:18520650", "potencia_nominal_mva": 0.0, "n_trafos": 494, "origem": "fecho_trafos", "profundidade": 0, "recorte_ignorado": false, "geometria_vazia": false, "area_km2": 250.502, "lat_sub": -22.633411, "lon_sub": -43.900759, "classificacao": "Distribuição satélite", "area_mae": "LIGHT:18520371", "distribuidora": "LIGHT", "cod_sub": "18520650", "nome": "SESD PIRAI", "lat_rep": -22.670368, "lon_rep": -43.962322, "capacidade_mmgd_bdgd_kw": 1851.25, "capacidade_homologada_localizada_kw": 1866.25, "capacidade_lag_kw": 102.496, "pot_sem_homologacao_kw": 0.0, "n_unidades": 146.824, "n_sem_homologacao": 0.0, "capacidade_mmgd_kw": 1968.746, "fonte": "Solar FV", "fator_correcao": null, "capacidade_mmgd_corrigida_kw": 1968.746 }, "geometry": { "type": "MultiPolygon", "coordinates": [ [ [ [ -43.845447044537615, -22.672863691905043 ], [ -43.845447044537622, -22.672863691905043 ], [ -43.842517653566809, -22.67108405008878 ], [ -43.845447044537615, -22.672863691905043 ] ] ], [ [ [ -43.849555978850859, -22.580642600673972 ], [ -43.827799848983773, -22.574701396951866 ], [ -43.82566234915074, -22.57312180199051 ], [ -43.831618491799929, -22.558081545127148 ], [ -43.813606278107216, -22.603553940561881 ], [ -43.81043011635677, -22.625361973176496 ], [ -43.815368328785326, -22.645386866910314 ], [ -43.816658073975297, -22.650078098953237 ], [ -43.834149863925063, -22.654638553426484 ], [ -43.836238740825195, -22.656207310119214 ], [ -43.841788402804269, -22.666246303399546 ], [ -43.844887300608377, -22.654743238109916 ], [ -43.860514572489478, -22.645650653354949 ], [ -43.861125367902652, -22.645526575262107 ], [ -43.936866445505885, -22.682776081020769 ], [ -43.929322547597451, -22.691975527848285 ], [ -43.917478244225549, -22.701506572570221 ], [ -43.884454019937039, -22.693276782997092 ], [ -43.874692146225527, -22.690625102266612 ], [ -43.845447044537622, -22.672863691905043 ], [ -43.850673048037848, -22.682314773907191 ], [ -44.029317960855167, -22.781776126566967 ], [ -44.059182977412434, -22.744671498290984 ], [ -44.052701003148741, -22.724783725088795 ], [ -44.051984511004598, -22.722836345803209 ], [ -44.031719237164815, -22.683986107478447 ], [ -44.036699785966334, -22.687662507918333 ], [ -43.895583965727383, -22.583364146238289 ], [ -43.835274610934505, -22.558153272355575 ], [ -43.863989883827465, -22.570160909970813 ], [ -43.849555978850859, -22.580642600673972 ] ], [ [ -43.896612458360742, -22.629855841049803 ], [ -43.896619208288378, -22.629924687725495 ], [ -43.896571539654779, -22.629977800414512 ], [ -43.896497376090217, -22.629984066394968 ], [ -43.896440161668025, -22.629939815137732 ], [ -43.896433411829555, -22.62987096845815 ], [ -43.896481080475596, -22.629817855810142 ], [ -43.896555243950999, -22.629811589833583 ], [ -43.896612458360742, -22.629855841049803 ] ], [ [ -43.972760626280369, -22.640439493857148 ], [ -43.97226290630806, -22.640354526939802 ], [ -43.959537955182945, -22.636742142020626 ], [ -43.94339705453536, -22.618733650690267 ], [ -43.972760626280369, -22.640439493857148 ] ] ], [ [ [ -43.841788402804269, -22.666246303399546 ], [ -43.841417485028849, -22.667623144992099 ], [ -43.841788426406552, -22.666246346094603 ], [ -43.841788402804269, -22.666246303399546 ] ] ] ] } },
{ "type": "Feature", "properties": { "area_id": "LIGHT:18521244", "potencia_nominal_mva": 0.0, "n_trafos": 399, "origem": "fecho_trafos", "profundidade": 0, "recorte_ignorado": false, "geometria_vazia": false, "area_km2": 66.942, "lat_sub": -22.609306, "lon_sub": -43.713216, "classificacao": "Distribuição satélite", "area_mae": "LIGHT:18521154", "distribuidora": "LIGHT", "cod_sub": "18521244", "nome": "SESD PARACAMBI", "lat_rep": -22.608339, "lon_rep": -43.74271, "capacidade_mmgd_bdgd_kw": 1731.29, "capacidade_homologada_localizada_kw": 1720.64, "capacidade_lag_kw": 683.94, "pot_sem_homologacao_kw": 0.0, "n_unidades": 205.825, "n_sem_homologacao": 0.0, "capacidade_mmgd_kw": 2404.58, "fonte": "Solar FV", "fator_correcao": null, "capacidade_mmgd_corrigida_kw": 2404.58 }, "geometry": { "type": "Polygon", "coordinates": [ [ [ -43.803891856288644, -22.642365920202305 ], [ -43.791481571081384, -22.62380157308495 ], [ -43.789800013233894, -22.621386277324739 ], [ -43.788178130520947, -22.619405617178497 ], [ -43.793748502931095, -22.612531942326275 ], [ -43.739137228867115, -22.56738136949118 ], [ -43.726023466267208, -22.56367453389538 ], [ -43.688398991525794, -22.578979826384426 ], [ -43.673197998994844, -22.592730420758535 ], [ -43.666169187728848, -22.588016854122845 ], [ -43.665319443979762, -22.58836221205129 ], [ -43.682994022371659, -22.599544005916758 ], [ -43.682751621037156, -22.600379503539038 ], [ -43.682751632533815, -22.600379521459555 ], [ -43.689461823491925, -22.609798991316328 ], [ -43.685053334151789, -22.603609069554544 ], [ -43.693293313303052, -22.60605811748033 ], [ -43.715498970136544, -22.620098577388063 ], [ -43.721651570387053, -22.630540074154165 ], [ -43.75810752430499, -22.647023399067226 ], [ -43.763185469537525, -22.650230771627371 ], [ -43.764972132860692, -22.648028081263689 ], [ -43.767775430637172, -22.648242743483397 ], [ -43.781248059748748, -22.646051519427644 ], [ -43.78256348493781, -22.64528899994917 ], [ -43.784703030540825, -22.645489398489634 ], [ -43.803891856288644, -22.642365920202305 ] ] ] } },
{ "type": "Feature", "properties": { "area_id": "LIGHT:25794114", "potencia_nominal_mva": 0.0, "n_trafos": 365, "origem": "fecho_trafos", "profundidade": 0, "recorte_ignorado": false, "geometria_vazia": false, "area_km2": 164.057, "lat_sub": -22.792528, "lon_sub": -43.81162, "classificacao": "Distribuição satélite", "area_mae": "LIGHT:18521208", "distribuidora": "LIGHT", "cod_sub": "25794114", "nome": "SESD CACADOR", "lat_rep": -22.787615, "lon_rep": -43.853977, "capacidade_mmgd_bdgd_kw": 52.07, "capacidade_homologada_localizada_kw": 52.07, "capacidade_lag_kw": 16.833, "pot_sem_homologacao_kw": 0.0, "n_unidades": 7.191, "n_sem_homologacao": 0.0, "capacidade_mmgd_kw": 68.903, "fonte": "Solar FV", "fator_correcao": null, "capacidade_mmgd_corrigida_kw": 68.903 }, "geometry": { "type": "MultiPolygon", "coordinates": [ [ [ [ -43.94597072526318, -22.840357715118877 ], [ -43.942626591505615, -22.840390467555668 ], [ -43.94262659150565, -22.840390467555668 ], [ -43.94597072526318, -22.840357715118877 ] ] ], [ [ [ -43.958162483072648, -22.840237713835926 ], [ -43.958162506866408, -22.8402377125167 ], [ -43.94597072526318, -22.840357715118877 ], [ -43.958162483072648, -22.840237713835926 ] ] ], [ [ [ -43.829921133940907, -22.738890901399106 ], [ -43.822983215461676, -22.73846602878319 ], [ -43.823016532234284, -22.741412952679816 ], [ -43.789550416310917, -22.727168784991541 ], [ -43.76429827104387, -22.750672170545752 ], [ -43.771461291511059, -22.777341211326807 ], [ -43.765334229805248, -22.779662085841931 ], [ -43.758763574119335, -22.781711844317975 ], [ -43.775459612410863, -22.79222301479497 ], [ -43.788098731081675, -22.839246529170563 ], [ -43.787870448462542, -22.83839364998332 ], [ -43.794888463037708, -22.841767265626601 ], [ -43.80542392831007, -22.841673627681558 ], [ -43.80299032931967, -22.830262696136803 ], [ -43.82428270808952, -22.824160597257354 ], [ -43.833213688759848, -22.825440591151981 ], [ -43.838223880668934, -22.826183159788037 ], [ -43.87000411831167, -22.841084393069966 ], [ -43.942626591505615, -22.840390467555668 ], [ -43.948171652964447, -22.835501951091814 ], [ -43.959112845743022, -22.840114384889162 ], [ -43.96094175612793, -22.839877026151161 ], [ -43.960667737825098, -22.838746151821539 ], [ -43.9531716167347, -22.821191945672606 ], [ -43.948743714088209, -22.81765243370997 ], [ -43.964837482498879, -22.798869146002815 ], [ -43.829921133940907, -22.738890901399106 ] ] ] ] } },
{ "type": "Feature", "properties": { "area_id": "LIGHT:18520641", "potencia_nominal_mva": 0.0, "n_trafos": 276, "origem": "fecho_trafos", "profundidade": 0, "recorte_ignorado": false, "geometria_vazia": false, "area_km2": 56.177, "lat_sub": -22.519155, "lon_sub": -43.742761, "classificacao": "Distribuição satélite", "area_mae": "LIGHT:18520299", "distribuidora": "LIGHT", "cod_sub": "18520641", "nome": "SESD MENDES", "lat_rep": -22.513307, "lon_rep": -43.735539, "capacidade_mmgd_bdgd_kw": 1124.26, "capacidade_homologada_localizada_kw": 1102.56, "capacidade_lag_kw": 1034.771, "pot_sem_homologacao_kw": 0.0, "n_unidades": 95.141, "n_sem_homologacao": 0.0, "capacidade_mmgd_kw": 2137.331, "fonte": "Solar FV", "fator_correcao": null, "capacidade_mmgd_corrigida_kw": 2137.331 }, "geometry": { "type": "MultiPolygon", "coordinates": [ [ [ [ -43.750241630928102, -22.55897150957912 ], [ -43.750241762133676, -22.558971710038506 ], [ -43.762435682831885, -22.534190922254904 ], [ -43.750241630928102, -22.55897150957912 ] ] ], [ [ [ -43.694570062490939, -22.541534224581163 ], [ -43.694570062490953, -22.541534224581174 ], [ -43.694570062490946, -22.541534224581163 ], [ -43.694570062490939, -22.541534224581163 ] ] ], [ [ [ -43.694570042345291, -22.54153421283976 ], [ -43.694570041203342, -22.541534214730536 ], [ -43.694570062490939, -22.541534224581163 ], [ -43.694570042345291, -22.54153421283976 ] ] ], [ [ [ -43.752672599619594, -22.467685114241768 ], [ -43.751429644997948, -22.467596261104973 ], [ -43.743656800440498, -22.472140123511515 ], [ -43.743398020101957, -22.472104788031988 ], [ -43.74336366252372, -22.472311473103982 ], [ -43.739102141842196, -22.474802374869853 ], [ -43.709869378673766, -22.500974822151679 ], [ -43.704346316373581, -22.499765330153476 ], [ -43.704306150333437, -22.506576118986064 ], [ -43.68759447414687, -22.532593656518646 ], [ -43.688484625181452, -22.531209895005521 ], [ -43.703771723954937, -22.544023479011283 ], [ -43.703044799215284, -22.545949278262253 ], [ -43.694570062490953, -22.541534224581174 ], [ -43.722924633595582, -22.556306620617725 ], [ -43.726023467093377, -22.563674531780279 ], [ -43.739137229030945, -22.567381367095017 ], [ -43.742417426819188, -22.561830592640586 ], [ -43.748286679960934, -22.562944332072526 ], [ -43.748286690288232, -22.562944313502069 ], [ -43.750241630928102, -22.55897150957912 ], [ -43.747017208127915, -22.554045150132318 ], [ -43.761562115009021, -22.529420864308779 ], [ -43.76181983800624, -22.529334891259555 ], [ -43.761783402390918, -22.529046146483619 ], [ -43.775455866960279, -22.50588905529434 ], [ -43.776269262684913, -22.488753106302553 ], [ -43.76280734495527, -22.474770407997585 ], [ -43.754762571518214, -22.473665783012528 ], [ -43.754558103750263, -22.472055409308304 ], [ -43.752672599619594, -22.467685114241768 ] ], [ [ -43.695854191250099, -22.520029935595343 ], [ -43.695690599969552, -22.519992325635556 ], [ -43.696021898079287, -22.519474960254044 ], [ -43.696023246286742, -22.519474656112422 ], [ -43.695854191250099, -22.520029935595343 ] ] ] ] } },
{ "type": "Feature", "properties": { "area_id": "LIGHT:248609788", "potencia_nominal_mva": 0.0, "n_trafos": 185, "origem": "fecho_trafos", "profundidade": 0, "recorte_ignorado": false, "geometria_vazia": false, "area_km2": 14.483, "lat_sub": -22.760641, "lon_sub": -43.574683, "classificacao": "Distribuição satélite", "area_mae": "LIGHT:18520893", "distribuidora": "LIGHT", "cod_sub": "248609788", "nome": "SESD MARCONE", "lat_rep": -22.763483, "lon_rep": -43.56756, "capacidade_mmgd_bdgd_kw": 156.79, "capacidade_homologada_localizada_kw": 156.79, "capacidade_lag_kw": 23.059, "pot_sem_homologacao_kw": 0.0, "n_unidades": 32.986, "n_sem_homologacao": 0.0, "capacidade_mmgd_kw": 179.849, "fonte": "Solar FV", "fator_correcao": null, "capacidade_mmgd_corrigida_kw": 179.849 }, "geometry": { "type": "Polygon", "coordinates": [ [ [ -43.595593159656168, -22.765629829988711 ], [ -43.59342405752929, -22.76211641212203 ], [ -43.578024164903155, -22.750205753510496 ], [ -43.57826956376536, -22.748342057862398 ], [ -43.576491724783089, -22.749020321077982 ], [ -43.570084257172034, -22.744063494028971 ], [ -43.567358948678397, -22.742806480628939 ], [ -43.565534134127404, -22.742636608929043 ], [ -43.538803311050394, -22.764818317016324 ], [ -43.543246152380824, -22.766239483978666 ], [ -43.544473755152154, -22.766811454182488 ], [ -43.552833827396924, -22.771327950269672 ], [ -43.552242137639517, -22.775086962722053 ], [ -43.54908020903931, -22.785318111274396 ], [ -43.550178825573035, -22.785514066112778 ], [ -43.555069973881487, -22.78606206568038 ], [ -43.556902045758463, -22.78612648413386 ], [ -43.557798599887306, -22.786117574161615 ], [ -43.569341199281006, -22.779933068121871 ], [ -43.573977605430564, -22.780879400595765 ], [ -43.574465077637399, -22.777187222767061 ], [ -43.594560963127414, -22.766415315930438 ], [ -43.595593159656168, -22.765629829988711 ] ] ] } },
{ "type": "Feature", "properties": { "area_id": "LIGHT:18521334", "potencia_nominal_mva": 0.0, "n_trafos": 154, "origem": "fecho_trafos", "profundidade": 0, "recorte_ignorado": false, "geometria_vazia": false, "area_km2": 37.302, "lat_sub": -21.844493, "lon_sub": -42.577551, "classificacao": "Distribuição satélite", "area_mae": "LIGHT:449886789", "distribuidora": "LIGHT", "cod_sub": "18521334", "nome": "SESD POSSE", "lat_rep": -21.835702, "lon_rep": -42.561351, "capacidade_mmgd_bdgd_kw": 318.38, "capacidade_homologada_localizada_kw": 318.38, "capacidade_lag_kw": 37.851, "pot_sem_homologacao_kw": 0.0, "n_unidades": 22.979, "n_sem_homologacao": 0.0, "capacidade_mmgd_kw": 356.231, "fonte": "Solar FV", "fator_correcao": null, "capacidade_mmgd_corrigida_kw": 356.231 }, "geometry": { "type": "Polygon", "coordinates": [ [ [ -42.617449398089242, -21.856622907624836 ], [ -42.6143, -21.8559 ], [ -42.6053, -21.8507 ], [ -42.606, -21.8464 ], [ -42.6008, -21.845 ], [ -42.4879, -21.7978 ], [ -42.463199986366327, -21.786199994546724 ], [ -42.4597, -21.7848 ], [ -42.43830001992373, -21.776100008101544 ], [ -42.434958532268062, -21.775940934561138 ], [ -42.438584075119984, -21.777488692176156 ], [ -42.551184084884888, -21.825858261533259 ], [ -42.553597285762045, -21.826953947047603 ], [ -42.554937079113856, -21.830098601489095 ], [ -42.554708472481479, -21.831093854764333 ], [ -42.554250655799358, -21.831042256398877 ], [ -42.551377532700307, -21.831107956717563 ], [ -42.53568929881208, -21.839767491710187 ], [ -42.5429080505779, -21.865525708583256 ], [ -42.545806751051103, -21.870796565638322 ], [ -42.568456769039081, -21.883583326511449 ], [ -42.588009233136965, -21.88401949294224 ], [ -42.58958046660554, -21.883220485494977 ], [ -42.593908601634631, -21.886044742193786 ], [ -42.602019544014006, -21.883373590567743 ], [ -42.611670916925171, -21.868919743239083 ], [ -42.617449398089242, -21.856622907624836 ] ], [ [ -42.577652354956236, -21.844325115337561 ], [ -42.577688297126528, -21.844264716750555 ], [ -42.577759458413162, -21.844245735568101 ], [ -42.57782415355441, -21.844279290699447 ], [ -42.57784448504092, -21.844345726030408 ], [ -42.57780854290889, -21.844406124655137 ], [ -42.577737381544765, -21.844425105851762 ], [ -42.577672686365247, -21.844391550682694 ], [ -42.577652354956236, -21.844325115337561 ] ], [ [ -42.580576314707301, -21.847847995176604 ], [ -42.580618425138098, -21.847791175669979 ], [ -42.580691238298584, -21.847778796539071 ], [ -42.580752101285981, -21.847818109306203 ], [ -42.5807653614035, -21.847886085113718 ], [ -42.580723250995121, -21.847942904660098 ], [ -42.58065043775116, -21.847955283797564 ], [ -42.580589574741339, -21.847915970990659 ], [ -42.580576314707301, -21.847847995176604 ] ] ] } },
{ "type": "Feature", "properties": { "area_id": "LIGHT:18520596", "potencia_nominal_mva": 0.0, "n_trafos": 962, "origem": "fecho_trafos", "profundidade": 0, "recorte_ignorado": false, "geometria_vazia": false, "area_km2": 272.163, "lat_sub": -22.217786, "lon_sub": -43.316632, "classificacao": "Distribuição satélite", "area_mae": "LIGHT:18520326", "distribuidora": "LIGHT", "cod_sub": "18520596", "nome": "SESD WERNECK", "lat_rep": -22.265243, "lon_rep": -43.26831, "capacidade_mmgd_bdgd_kw": 2658.0, "capacidade_homologada_localizada_kw": 2650.7, "capacidade_lag_kw": 725.824, "pot_sem_homologacao_kw": 0.0, "n_unidades": 177.498, "n_sem_homologacao": 0.0, "capacidade_mmgd_kw": 3376.524, "fonte": "Solar FV", "fator_correcao": null, "capacidade_mmgd_corrigida_kw": 3376.524 }, "geometry": { "type": "MultiPolygon", "coordinates": [ [ [ [ -43.374700356647523, -22.205583884530171 ], [ -43.369456805112485, -22.203723207097017 ], [ -43.317943380161637, -22.182357046373802 ], [ -43.315901657131533, -22.183212373003816 ], [ -43.296682617941563, -22.175744673707662 ], [ -43.269759403438016, -22.172951951798606 ], [ -43.272562520125526, -22.173243827402434 ], [ -43.267823513253973, -22.176882642848948 ], [ -43.24282966479656, -22.170193437677174 ], [ -43.189971073846074, -22.184541192703897 ], [ -43.19970384392127, -22.255444859458272 ], [ -43.18275965529223, -22.257175935093308 ], [ -43.182759339864141, -22.257175885656903 ], [ -43.175112845292503, -22.254718423447866 ], [ -43.175112824312571, -22.25471841774916 ], [ -43.17670889206267, -22.255231914644458 ], [ -43.175609959007524, -22.258097021374027 ], [ -43.17544622311808, -22.256988766961289 ], [ -43.179608128990481, -22.285325425540229 ], [ -43.184958781670161, -22.289089509028226 ], [ -43.207542618874946, -22.297837841797637 ], [ -43.212611167966479, -22.300351070841835 ], [ -43.245567961624324, -22.320373484867556 ], [ -43.266786031513, -22.334620055574764 ], [ -43.267792993686641, -22.338142068276255 ], [ -43.266264446701278, -22.344843068708819 ], [ -43.26587059988676, -22.345964934763739 ], [ -43.280333526628475, -22.356122567553786 ], [ -43.295220391542294, -22.356090671388412 ], [ -43.295220411647207, -22.35609066542558 ], [ -43.32393536311347, -22.346264240397737 ], [ -43.303582348164475, -22.353228858883565 ], [ -43.305362283477635, -22.34728082764358 ], [ -43.338414945332389, -22.292099980832656 ], [ -43.355013522325102, -22.286716944558954 ], [ -43.358261087243825, -22.271022648651034 ], [ -43.359107829147042, -22.270380262597659 ], [ -43.361122480116826, -22.262012157935224 ], [ -43.36044095495572, -22.260485870990227 ], [ -43.361093369483065, -22.2573317843738 ], [ -43.35650852125417, -22.223359650984147 ], [ -43.373136758186504, -22.212084851552486 ], [ -43.374700356647523, -22.205583884530171 ] ] ], [ [ [ -43.242934789443524, -22.170164955010115 ], [ -43.242934573674262, -22.170164941205819 ], [ -43.242934410425029, -22.170164985549388 ], [ -43.242934789443524, -22.170164955010115 ] ] ] ] } },
{ "type": "Feature", "properties": { "area_id": "LIGHT:405941887", "potencia_nominal_mva": 0.0, "n_trafos": 131, "origem": "fecho_trafos", "profundidade": 1, "recorte_ignorado": false, "geometria_vazia": false, "area_km2": 30.77, "lat_sub": -22.682775, "lon_sub": -43.872569, "classificacao": "Distribuição satélite", "area_mae": "LIGHT:18520371", "distribuidora": "LIGHT", "cod_sub": "405941887", "nome": "SESD SANTA ROSA", "lat_rep": -22.669611, "lon_rep": -43.877036, "capacidade_mmgd_bdgd_kw": 206.88, "capacidade_homologada_localizada_kw": 206.88, "capacidade_lag_kw": 9.675, "pot_sem_homologacao_kw": 0.0, "n_unidades": 12.787, "n_sem_homologacao": 0.0, "capacidade_mmgd_kw": 216.555, "fonte": "Solar FV", "fator_correcao": null, "capacidade_mmgd_corrigida_kw": 216.555 }, "geometry": { "type": "Polygon", "coordinates": [ [ [ -43.936866424783275, -22.682776070836915 ], [ -43.861127215391548, -22.645527115230447 ], [ -43.895520123756882, -22.638535405076727 ], [ -43.860514572833502, -22.64565065413683 ], [ -43.844887301563638, -22.654743238753589 ], [ -43.841788427744646, -22.666246345951762 ], [ -43.84544530446972, -22.67286157205546 ], [ -43.84484086372791, -22.672495437462189 ], [ -43.874692169164859, -22.69062510849858 ], [ -43.884454025168246, -22.693276784301339 ], [ -43.91747824393812, -22.701506571410629 ], [ -43.929322546656337, -22.691975527029236 ], [ -43.936866424783275, -22.682776070836915 ] ] ] } },
{ "type": "Feature", "properties": { "area_id": "LIGHT:18520533", "potencia_nominal_mva": 0.0, "n_trafos": 98, "origem": "fecho_trafos", "profundidade": 0, "recorte_ignorado": false, "geometria_vazia": false, "area_km2": 51.904, "lat_sub": -22.326794, "lon_sub": -43.52405, "classificacao": "Distribuição satélite", "area_mae": "LIGHT:18520353", "distribuidora": "LIGHT", "cod_sub": "18520533", "nome": "SESD MACAMBARA", "lat_rep": -22.303337, "lon_rep": -43.51275, "capacidade_mmgd_bdgd_kw": 257.0, "capacidade_homologada_localizada_kw": 242.0, "capacidade_lag_kw": 57.131, "pot_sem_homologacao_kw": 0.0, "n_unidades": 14.285, "n_sem_homologacao": 0.0, "capacidade_mmgd_kw": 299.131, "fonte": "Solar FV", "fator_correcao": null, "capacidade_mmgd_corrigida_kw": 299.131 }, "geometry": { "type": "Polygon", "coordinates": [ [ [ -43.574732797913711, -22.317525289776366 ], [ -43.570359503936722, -22.315106746039472 ], [ -43.570706002270391, -22.314403160009196 ], [ -43.569536590320766, -22.31465161297626 ], [ -43.568110482816159, -22.313862940915694 ], [ -43.535861310981474, -22.306513887553773 ], [ -43.521443290444054, -22.29569515876651 ], [ -43.518061608186045, -22.269381139371173 ], [ -43.538357206175519, -22.244503794185995 ], [ -43.534337477331547, -22.241686465695082 ], [ -43.518809344085213, -22.253689844603851 ], [ -43.512893503116985, -22.242429284034422 ], [ -43.512573587369914, -22.242755350495095 ], [ -43.49616520868895, -22.302072000109984 ], [ -43.491116334450012, -22.30424841093004 ], [ -43.490231817434555, -22.318797255018463 ], [ -43.480523111870255, -22.324716225200582 ], [ -43.489465317310781, -22.330461488913997 ], [ -43.518035655657769, -22.355391651319803 ], [ -43.512478497885731, -22.3620966737438 ], [ -43.503867419315121, -22.363688797546097 ], [ -43.541852234984944, -22.361517061957819 ], [ -43.538434173698143, -22.357610070711907 ], [ -43.539248898984248, -22.35119579440499 ], [ -43.545489355263783, -22.346963317407155 ], [ -43.554552195909267, -22.347124490058821 ], [ -43.559236675129704, -22.337637528834239 ], [ -43.569430192865866, -22.330720943178935 ], [ -43.574732797913711, -22.317525289776366 ] ] ] } },
{ "type": "Feature", "properties": { "area_id": "LIGHT:1285", "potencia_nominal_mva": 60.0, "n_trafos": 764, "origem": "fecho_trafos", "profundidade": 1, "recorte_ignorado": false, "geometria_vazia": false, "area_km2": 6.388, "lat_sub": -22.828927, "lon_sub": -43.31342, "classificacao": "Distribuição plena", "area_mae": null, "distribuidora": "LIGHT", "cod_sub": "1285", "nome": "SETD AGUA GRANDE", "lat_rep": -22.825017, "lon_rep": -43.31139, "capacidade_mmgd_bdgd_kw": 4280.92, "capacidade_homologada_localizada_kw": 4291.62, "capacidade_lag_kw": 755.531, "pot_sem_homologacao_kw": 0.0, "n_unidades": 548.065, "n_sem_homologacao": 0.0, "capacidade_mmgd_kw": 5047.151, "fonte": "Solar FV", "fator_correcao": null, "capacidade_mmgd_corrigida_kw": 5047.151 }, "geometry": { "type": "Polygon", "coordinates": [ [ [ -43.326945081488446, -22.825757365436559 ], [ -43.325658993045096, -22.82440195645199 ], [ -43.32583893840647, -22.824592963188366 ], [ -43.298054107169726, -22.812228807222489 ], [ -43.298264099030014, -22.811737091165604 ], [ -43.300278913609816, -22.81029288857577 ], [ -43.297655702581828, -22.812173164808666 ], [ -43.297458191732538, -22.812322847877628 ], [ -43.295516522534008, -22.835048949749751 ], [ -43.292749881883864, -22.834796311024402 ], [ -43.309374298176486, -22.836318138537873 ], [ -43.311686386942242, -22.838145086304234 ], [ -43.317437968363706, -22.838659339571393 ], [ -43.31973904835062, -22.839525332218958 ], [ -43.320080146980395, -22.839674795329774 ], [ -43.320612819028547, -22.838644846345318 ], [ -43.323143053821859, -22.838565633432033 ], [ -43.324713708670615, -22.836636487843862 ], [ -43.325428262970888, -22.834394078342136 ], [ -43.326262119791529, -22.830983054861896 ], [ -43.326945081488446, -22.825757365436559 ] ], [ [ -43.312438698892024, -22.829743395944451 ], [ -43.31248085870952, -22.829686392216793 ], [ -43.312554154965419, -22.829673717887161 ], [ -43.312615651768674, -22.829712797398997 ], [ -43.31262932514521, -22.829780738533014 ], [ -43.312587165355012, -22.829837742301322 ], [ -43.31251386901215, -22.829850416640795 ], [ -43.312452372181596, -22.829811337088326 ], [ -43.312438698892024, -22.829743395944451 ] ] ] } },
{ "type": "Feature", "properties": { "area_id": "LIGHT:18520434", "potencia_nominal_mva": 0.0, "n_trafos": 540, "origem": "fecho_trafos", "profundidade": 0, "recorte_ignorado": false, "geometria_vazia": false, "area_km2": 274.031, "lat_sub": -22.72754, "lon_sub": -44.137647, "classificacao": "Distribuição satélite", "area_mae": "LIGHT:18520470", "distribuidora": "LIGHT", "cod_sub": "18520434", "nome": "SESD RIO CLARO", "lat_rep": -22.783768, "lon_rep": -44.122806, "capacidade_mmgd_bdgd_kw": 419.61, "capacidade_homologada_localizada_kw": 419.61, "capacidade_lag_kw": 41.963, "pot_sem_homologacao_kw": 0.0, "n_unidades": 46.657, "n_sem_homologacao": 0.0, "capacidade_mmgd_kw": 461.573, "fonte": "Solar FV", "fator_correcao": null, "capacidade_mmgd_corrigida_kw": 461.573 }, "geometry": { "type": "Polygon", "coordinates": [ [ [ -44.2479, -22.7909 ], [ -44.256899988456169, -22.785899981009337 ], [ -44.2538, -22.7808 ], [ -44.257599998818336, -22.767000000200021 ], [ -44.250499999314876, -22.757600000786123 ], [ -44.2431, -22.7547 ], [ -44.241799998966087, -22.747800000755028 ], [ -44.2351, -22.7451 ], [ -44.230732755853552, -22.73895379041063 ], [ -44.20307572641012, -22.738285231398848 ], [ -44.189686022889241, -22.735911847443134 ], [ -44.188720895824375, -22.735033503569834 ], [ -44.149532995702636, -22.714794852001965 ], [ -44.12577315170121, -22.708134276851169 ], [ -44.105332212873165, -22.720932087052411 ], [ -44.095679723910294, -22.719215111388731 ], [ -44.090069962444275, -22.707151780388042 ], [ -44.079360020619227, -22.712970996659887 ], [ -44.079598150013531, -22.725173115075684 ], [ -44.057931513430411, -22.734231521834147 ], [ -44.054018888688582, -22.726735115530165 ], [ -44.053439470089565, -22.727049747829561 ], [ -44.059182814187984, -22.744671642164569 ], [ -44.029318358980603, -22.781775603222819 ], [ -43.992834401861174, -22.761491233145442 ], [ -43.989043869314614, -22.786690288458647 ], [ -44.02030885250651, -22.803672343362877 ], [ -44.007532297539825, -22.828043265144963 ], [ -44.051940788720245, -22.855772997233121 ], [ -44.061006314411024, -22.857354149373563 ], [ -44.083571690135173, -22.858596533909068 ], [ -44.091129391087364, -22.857627251001421 ], [ -44.13358332917354, -22.847519587079457 ], [ -44.1249677611221, -22.83219005972358 ], [ -44.127463244306057, -22.82597126601344 ], [ -44.140984990174637, -22.818791286031018 ], [ -44.198197960562723, -22.804627018652823 ], [ -44.209294636073217, -22.806507094837713 ], [ -44.221870079672023, -22.826458387215663 ], [ -44.239987143608644, -22.822129567461911 ], [ -44.263767259956843, -22.815190849651227 ], [ -44.2613, -22.8063 ], [ -44.2443, -22.8024 ], [ -44.2402, -22.7914 ], [ -44.2479, -22.7909 ] ] ] } },
{ "type": "Feature", "properties": { "area_id": "LIGHT:18520326", "potencia_nominal_mva": 112.0, "n_trafos": 839, "origem": "fecho_trafos", "profundidade": 0, "recorte_ignorado": false, "geometria_vazia": false, "area_km2": 96.121, "lat_sub": -22.124465, "lon_sub": -43.234026, "classificacao": "Distribuição plena", "area_mae": null, "distribuidora": "LIGHT", "cod_sub": "18520326", "nome": "SETD TRES RIOS", "lat_rep": -22.122512, "lon_rep": -43.235785, "capacidade_mmgd_bdgd_kw": 31658.51, "capacidade_homologada_localizada_kw": 32059.17, "capacidade_lag_kw": 4830.047, "pot_sem_homologacao_kw": 0.0, "n_unidades": 683.983, "n_sem_homologacao": 0.0, "capacidade_mmgd_kw": 36889.217, "fonte": "Solar FV", "fator_correcao": null, "capacidade_mmgd_corrigida_kw": 36889.217 }, "geometry": { "type": "MultiPolygon", "coordinates": [ [ [ [ -43.267825883329934, -22.176881357027664 ], [ -43.267824927936552, -22.176882090604078 ], [ -43.29007083190583, -22.182831578593476 ], [ -43.267825883329934, -22.176881357027664 ] ] ], [ [ [ -43.292565183978148, -22.101855996452894 ], [ -43.29229346397512, -22.100535253290399 ], [ -43.294381818555465, -22.097730785628542 ], [ -43.300570264483902, -22.083675940804323 ], [ -43.303734964935664, -22.081616393510167 ], [ -43.284816102124935, -22.081036538781301 ], [ -43.282998242135925, -22.080090536874941 ], [ -43.278526567598178, -22.075469752919389 ], [ -43.274483392401287, -22.07565915570212 ], [ -43.253425385302776, -22.064696655409943 ], [ -43.25737594831223, -22.063260050873385 ], [ -43.250698415876457, -22.065686591052899 ], [ -43.252465633386343, -22.070353120814158 ], [ -43.250528554749572, -22.078473693273445 ], [ -43.215450435111229, -22.090120674415484 ], [ -43.204656467029423, -22.082407775860428 ], [ -43.188073849502544, -22.088425879969517 ], [ -43.190195348737483, -22.097603334021098 ], [ -43.189257997262509, -22.105787627243824 ], [ -43.188544384751289, -22.10692966448374 ], [ -43.187289003013333, -22.1079811296588 ], [ -43.182613445217029, -22.109523025757387 ], [ -43.180057972057959, -22.108245076845957 ], [ -43.186993402084127, -22.117885229598848 ], [ -43.189660473599737, -22.126099700218791 ], [ -43.197824045785424, -22.135238312767928 ], [ -43.201860627701933, -22.13952907082863 ], [ -43.201419970988624, -22.16230823376301 ], [ -43.202804850852566, -22.16657142673801 ], [ -43.202036489057257, -22.16841329394828 ], [ -43.214328320752003, -22.177932270603083 ], [ -43.242826449643296, -22.170194348112009 ], [ -43.267825883329934, -22.176881357027664 ], [ -43.272564251518219, -22.17324311210033 ], [ -43.296682593549647, -22.175744675261871 ], [ -43.305533825096781, -22.179184244466164 ], [ -43.308317716746295, -22.178362154831458 ], [ -43.280712753615191, -22.166901097984638 ], [ -43.266582488115183, -22.160826456283548 ], [ -43.292565183978148, -22.101855996452894 ] ] ], [ [ [ -43.17072607966761, -22.097274321143168 ], [ -43.170726080299154, -22.097274317999123 ], [ -43.1694877042748, -22.103439078144405 ], [ -43.1694877042748, -22.103439078144419 ], [ -43.17072607966761, -22.097274321143168 ] ] ], [ [ [ -43.171040566539183, -22.095708753454332 ], [ -43.17104011788544, -22.095710903912373 ], [ -43.177344521765519, -22.104473009172256 ], [ -43.171040566539183, -22.095708753454332 ] ] ] ] } },
{ "type": "Feature", "properties": { "area_id": "LIGHT:18520839", "potencia_nominal_mva": 60.0, "n_trafos": 869, "origem": "fecho_trafos", "profundidade": 0, "recorte_ignorado": false, "geometria_vazia": false, "area_km2": 25.608, "lat_sub": -22.903006, "lon_sub": -43.615103, "classificacao": "Distribuição plena", "area_mae": null, "distribuidora": "LIGHT", "cod_sub": "18520839", "nome": "SETD COSMOS", "lat_rep": -22.89249, "lon_rep": -43.620917, "capacidade_mmgd_bdgd_kw": 4859.26, "capacidade_homologada_localizada_kw": 4828.25, "capacidade_lag_kw": 851.11, "pot_sem_homologacao_kw": 3.0, "n_unidades": 700.627, "n_sem_homologacao": 1.0, "capacidade_mmgd_kw": 5679.36, "fonte": "Solar FV", "fator_correcao": null, "capacidade_mmgd_corrigida_kw": 5679.36 }, "geometry": { "type": "Polygon", "coordinates": [ [ [ -43.651327713647191, -22.881929665215964 ], [ -43.646311416921307, -22.870650846249056 ], [ -43.644925159409134, -22.870032539151449 ], [ -43.64423407121815, -22.869936325108199 ], [ -43.625655923400984, -22.870040209405989 ], [ -43.618003460402853, -22.872933494907681 ], [ -43.603394682464781, -22.859743031984291 ], [ -43.595663035182028, -22.861332074499273 ], [ -43.601820795194143, -22.861882872486092 ], [ -43.616429605435805, -22.873527995014026 ], [ -43.610854473128988, -22.87563628113417 ], [ -43.596860465136835, -22.88396210539943 ], [ -43.596048422081886, -22.884711130957285 ], [ -43.594876245686962, -22.886127501977342 ], [ -43.593605844676674, -22.888426545731843 ], [ -43.592080733381778, -22.902882100513434 ], [ -43.592781263680195, -22.908266134971168 ], [ -43.591660498592333, -22.908323072624277 ], [ -43.592828773117915, -22.908632374601737 ], [ -43.592971218276666, -22.909725814087938 ], [ -43.595494626316956, -22.912576429090386 ], [ -43.60335201447414, -22.920512539270046 ], [ -43.602558651607652, -22.922045969358162 ], [ -43.601476999676244, -22.923622700254956 ], [ -43.604121170477583, -22.92129014641025 ], [ -43.604288842054807, -22.92145860790788 ], [ -43.629019454424977, -22.914576493187511 ], [ -43.636703233747028, -22.906017965071509 ], [ -43.646855829751189, -22.904361096941468 ], [ -43.647392602939568, -22.904497470616697 ], [ -43.648316021093919, -22.899202490273382 ], [ -43.647622536683883, -22.893852722031223 ], [ -43.649641137442401, -22.891603274327256 ], [ -43.651327713647191, -22.881929665215964 ] ] ] } },
{ "type": "Feature", "properties": { "area_id": "LIGHT:498327289", "potencia_nominal_mva": 0.0, "n_trafos": 0, "origem": "semente", "profundidade": 0, "recorte_ignorado": false, "geometria_vazia": false, "area_km2": 0.679, "lat_sub": -22.691706, "lon_sub": -43.863363, "classificacao": "Transporte/manobra", "area_mae": "LIGHT:18521154", "distribuidora": "LIGHT", "cod_sub": "498327289", "nome": "SETD PCH LAJES", "lat_rep": -22.689208, "lon_rep": -43.858053, "capacidade_mmgd_bdgd_kw": 0.0, "capacidade_homologada_localizada_kw": 0.0, "capacidade_lag_kw": 0.0, "pot_sem_homologacao_kw": 0.0, "n_unidades": 0.0, "n_sem_homologacao": 0.0, "capacidade_mmgd_kw": 0.0, "fonte": null, "fator_correcao": null, "capacidade_mmgd_corrigida_kw": 0.0 }, "geometry": { "type": "Polygon", "coordinates": [ [ [ -43.864276343986006, -22.691511043712513 ], [ -43.85899425281081, -22.686955146630218 ], [ -43.850673050593109, -22.682314776442897 ], [ -43.857554007151059, -22.694756649607847 ], [ -43.864276343986006, -22.691511043712513 ] ] ] } },
{ "type": "Feature", "properties": { "area_id": "LIGHT:18520668", "potencia_nominal_mva": 0.0, "n_trafos": 274, "origem": "fecho_trafos", "profundidade": 0, "recorte_ignorado": false, "geometria_vazia": false, "area_km2": 108.409, "lat_sub": -22.594913, "lon_sub": -44.034503, "classificacao": "Distribuição satélite", "area_mae": "LIGHT:18520371", "distribuidora": "LIGHT", "cod_sub": "18520668", "nome": "SESD ARROZAL", "lat_rep": -22.637742, "lon_rep": -44.037164, "capacidade_mmgd_bdgd_kw": 927.73, "capacidade_homologada_localizada_kw": 923.85, "capacidade_lag_kw": 62.721, "pot_sem_homologacao_kw": 0.0, "n_unidades": 80.36, "n_sem_homologacao": 0.0, "capacidade_mmgd_kw": 986.571, "fonte": "Solar FV", "fator_correcao": null, "capacidade_mmgd_corrigida_kw": 986.571 }, "geometry": { "type": "Polygon", "coordinates": [ [ [ -44.091518556843226, -22.599201651862028 ], [ -44.082821375102775, -22.580072776476236 ], [ -44.077395295128689, -22.581672985668245 ], [ -44.065479437478174, -22.579567344224902 ], [ -44.050183507475275, -22.566308685327616 ], [ -44.039606402252019, -22.547696602793412 ], [ -44.030787689125766, -22.551084512777209 ], [ -44.031151947523291, -22.558232646016691 ], [ -44.011747700025403, -22.565407168449731 ], [ -44.005601880830383, -22.565165961664547 ], [ -44.002601229193729, -22.579283860668262 ], [ -44.012322737901997, -22.5843454723646 ], [ -44.007299717728259, -22.610312647025935 ], [ -44.010957231938178, -22.631817265994538 ], [ -43.999897569551905, -22.644097519110172 ], [ -43.994146238620552, -22.644088728751882 ], [ -43.989005183104055, -22.643211740653349 ], [ -43.987307722744298, -22.651188414952429 ], [ -44.031719244154743, -22.683986154108517 ], [ -44.057931013721209, -22.734231802437563 ], [ -44.079598649730393, -22.725172909639607 ], [ -44.078770864087311, -22.682845578987443 ], [ -44.078584110485153, -22.682443757083053 ], [ -44.066937432822499, -22.651376485457824 ], [ -44.070440216250702, -22.621870050307116 ], [ -44.073967496427386, -22.619025368272151 ], [ -44.072597720966179, -22.603688510684247 ], [ -44.073513282779544, -22.595971222097596 ], [ -44.07463754236322, -22.590285461195794 ], [ -44.079320503632658, -22.587208405237149 ], [ -44.08156421287952, -22.589326504011403 ], [ -44.091518556843226, -22.599201651862028 ] ] ] } },
{ "type": "Feature", "properties": { "area_id": "LIGHT:1240", "potencia_nominal_mva": 120.0, "n_trafos": 1114, "origem": "fecho_trafos", "profundidade": 0, "recorte_ignorado": false, "geometria_vazia": false, "area_km2": 7.595, "lat_sub": -22.846913, "lon_sub": -43.261601, "classificacao": "Distribuição plena", "area_mae": null, "distribuidora": "LIGHT", "cod_sub": "1240", "nome": "SETD PEDRO ERNESTO", "lat_rep": -22.846006, "lon_rep": -43.26732, "capacidade_mmgd_bdgd_kw": 5401.35, "capacidade_homologada_localizada_kw": 5375.94, "capacidade_lag_kw": 946.423, "pot_sem_homologacao_kw": 5.0, "n_unidades": 563.241, "n_sem_homologacao": 1.0, "capacidade_mmgd_kw": 6322.363, "fonte": "Solar FV", "fator_correcao": null, "capacidade_mmgd_corrigida_kw": 6322.363 }, "geometry": { "type": "Polygon", "coordinates": [ [ [ -43.28928846092321, -22.850425188413791 ], [ -43.277543759425392, -22.841934742571972 ], [ -43.271831912406128, -22.835470130734095 ], [ -43.269885630001752, -22.832092683706648 ], [ -43.266208287110373, -22.832092989555544 ], [ -43.264791322055018, -22.832712214256262 ], [ -43.260956869896106, -22.829938837813767 ], [ -43.259026544362357, -22.832029980686237 ], [ -43.258667356331642, -22.835389442933828 ], [ -43.24652920164602, -22.840694522333717 ], [ -43.246061522715848, -22.841473881425781 ], [ -43.257028557456465, -22.850726716201109 ], [ -43.255941006071673, -22.860902746586138 ], [ -43.260207161111474, -22.861411845407741 ], [ -43.269846521594751, -22.856253841969693 ], [ -43.275827909563006, -22.856728006512306 ], [ -43.28905059834365, -22.85088917557373 ], [ -43.28928846092321, -22.850425188413791 ] ], [ [ -43.282545421178874, -22.853120765528217 ], [ -43.282598787890109, -22.853072492503969 ], [ -43.282673354891791, -22.853073331127703 ], [ -43.282725441909918, -22.853122790149659 ], [ -43.282724537069889, -22.853191897174831 ], [ -43.282671170350454, -22.853240170240451 ], [ -43.282596603257865, -22.853239331610144 ], [ -43.282544516247953, -22.853189872546828 ], [ -43.282545421178874, -22.853120765528217 ] ] ] } },
{ "type": "Feature", "properties": { "area_id": "LIGHT:289385542", "potencia_nominal_mva": 0.0, "n_trafos": 0, "origem": "semente", "profundidade": 1, "recorte_ignorado": false, "geometria_vazia": false, "area_km2": 0.0, "lat_sub": -22.912499, "lon_sub": -43.28767, "classificacao": "Transporte/manobra", "area_mae": "LIGHT:1195", "distribuidora": "LIGHT", "cod_sub": "289385542", "nome": "SETR LINS", "lat_rep": -22.912499, "lon_rep": -43.28767, "capacidade_mmgd_bdgd_kw": 0.0, "capacidade_homologada_localizada_kw": 0.0, "capacidade_lag_kw": 0.0, "pot_sem_homologacao_kw": 0.0, "n_unidades": 0.0, "n_sem_homologacao": 0.0, "capacidade_mmgd_kw": 0.0, "fonte": null, "fator_correcao": null, "capacidade_mmgd_corrigida_kw": 0.0 }, "geometry": { "type": "Polygon", "coordinates": [ [ [ -43.287572467851938, -22.912506816014581 ], [ -43.287606884975517, -22.912568135118505 ], [ -43.287678027175446, -22.912588949643521 ], [ -43.287744220265203, -22.912557066703069 ], [ -43.287766689190178, -22.912491162913049 ], [ -43.287732272009215, -22.912429843840023 ], [ -43.287661129880654, -22.912409029343465 ], [ -43.287594936848279, -22.912440912253011 ], [ -43.287572467851938, -22.912506816014581 ] ] ] } },
{ "type": "Feature", "properties": { "area_id": "LIGHT:18520569", "potencia_nominal_mva": 0.0, "n_trafos": 273, "origem": "fecho_trafos", "profundidade": 1, "recorte_ignorado": false, "geometria_vazia": false, "area_km2": 77.033, "lat_sub": -22.528262, "lon_sub": -44.202014, "classificacao": "Distribuição satélite", "area_mae": "LIGHT:18520398", "distribuidora": "LIGHT", "cod_sub": "18520569", "nome": "SESD BOCAINA", "lat_rep": -22.556731, "lon_rep": -44.236313, "capacidade_mmgd_bdgd_kw": 1393.89, "capacidade_homologada_localizada_kw": 1381.57, "capacidade_lag_kw": 345.056, "pot_sem_homologacao_kw": 0.0, "n_unidades": 181.176, "n_sem_homologacao": 0.0, "capacidade_mmgd_kw": 1726.626, "fonte": "Solar FV", "fator_correcao": null, "capacidade_mmgd_corrigida_kw": 1726.626 }, "geometry": { "type": "MultiPolygon", "coordinates": [ [ [ [ -44.201746821715453, -22.567395526963381 ], [ -44.191832850451377, -22.560617879316272 ], [ -44.201747718114682, -22.567396899463514 ], [ -44.201746821715453, -22.567395526963381 ] ] ], [ [ [ -44.294207560814876, -22.58262590944301 ], [ -44.287620987490406, -22.565554400646832 ], [ -44.23517271597072, -22.518591207394639 ], [ -44.23515579050671, -22.518913866465649 ], [ -44.234528020734743, -22.518313729248799 ], [ -44.222566517881177, -22.51257667404257 ], [ -44.220374255617614, -22.511671781007124 ], [ -44.20014870216319, -22.514238853499723 ], [ -44.197673626936691, -22.516200492218854 ], [ -44.194548560267741, -22.519246045357459 ], [ -44.186178589088307, -22.531155448948134 ], [ -44.185749618389977, -22.531952202613805 ], [ -44.189021747662018, -22.547911835623193 ], [ -44.201746821715453, -22.567395526963381 ], [ -44.230871634214758, -22.587306591021399 ], [ -44.222318335368762, -22.598882334539908 ], [ -44.226364410726227, -22.605073527525622 ], [ -44.23260000022519, -22.609199998945027 ], [ -44.2456, -22.6064 ], [ -44.253399999997953, -22.612499998575192 ], [ -44.2651, -22.6033 ], [ -44.2829, -22.6041 ], [ -44.285700000372699, -22.60969999831357 ], [ -44.2953, -22.6017 ], [ -44.3135, -22.5958 ], [ -44.320099999504592, -22.595499999002964 ], [ -44.320571838996777, -22.595034539046377 ], [ -44.309038493202401, -22.584718171477807 ], [ -44.306342351034502, -22.585587440011118 ], [ -44.294207560814876, -22.58262590944301 ] ], [ [ -44.201498377332705, -22.527882913863664 ], [ -44.201526454943554, -22.527946940071132 ], [ -44.20149757558891, -22.528010657767194 ], [ -44.201428656360342, -22.5280367419677 ], [ -44.201360069253823, -22.528009912882975 ], [ -44.201331991708891, -22.52794588664883 ], [ -44.201360871124031, -22.52788216898378 ], [ -44.201429790286674, -22.527856084809954 ], [ -44.201498377332705, -22.527882913863664 ] ] ], [ [ [ -44.191593800063664, -22.560454453454458 ], [ -44.191832850451377, -22.560617879316272 ], [ -44.191593970904414, -22.560454551946041 ], [ -44.190499157068849, -22.555116688836453 ], [ -44.191593800063664, -22.560454453454458 ] ] ] ] } },
{ "type": "Feature", "properties": { "area_id": "LIGHT:553286194", "potencia_nominal_mva": 0.0, "n_trafos": 0, "origem": "semente", "profundidade": 1, "recorte_ignorado": true, "geometria_vazia": false, "area_km2": 0.0, "lat_sub": -22.010358, "lon_sub": -43.268902, "classificacao": "Transporte/manobra", "area_mae": null, "distribuidora": "LIGHT", "cod_sub": "553286194", "nome": "SETD USINA BONFANTE", "lat_rep": -22.010358, "lon_rep": -43.268902, "capacidade_mmgd_bdgd_kw": 0.0, "capacidade_homologada_localizada_kw": 0.0, "capacidade_lag_kw": 0.0, "pot_sem_homologacao_kw": 0.0, "n_unidades": 0.0, "n_sem_homologacao": 0.0, "capacidade_mmgd_kw": 0.0, "fonte": null, "fator_correcao": null, "capacidade_mmgd_corrigida_kw": 0.0 }, "geometry": { "type": "Polygon", "coordinates": [ [ [ -43.268805642272667, -22.010365642412946 ], [ -43.268839825164576, -22.010426973223645 ], [ -43.268910503448865, -22.010447801544743 ], [ -43.26897627469765, -22.010415926408793 ], [ -43.268998610966314, -22.010350019858919 ], [ -43.268964428019565, -22.010288689077569 ], [ -43.268893749802864, -22.010267860783959 ], [ -43.268827978608925, -22.01029973589057 ], [ -43.268805642272667, -22.010365642412946 ] ] ] } },
{ "type": "Feature", "properties": { "area_id": "LIGHT:550392038", "potencia_nominal_mva": 0.0, "n_trafos": 221, "origem": "fecho_trafos", "profundidade": 0, "recorte_ignorado": false, "geometria_vazia": false, "area_km2": 21.594, "lat_sub": -22.979922, "lon_sub": -43.587289, "classificacao": "Distribuição satélite", "area_mae": "LIGHT:29148432", "distribuidora": "LIGHT", "cod_sub": "550392038", "nome": "SESD MARMELO", "lat_rep": -22.983724, "lon_rep": -43.58625, "capacidade_mmgd_bdgd_kw": 1498.17, "capacidade_homologada_localizada_kw": 1451.06, "capacidade_lag_kw": 255.456, "pot_sem_homologacao_kw": 0.0, "n_unidades": 164.309, "n_sem_homologacao": 0.0, "capacidade_mmgd_kw": 1706.516, "fonte": "Solar FV", "fator_correcao": null, "capacidade_mmgd_corrigida_kw": 1706.516 }, "geometry": { "type": "MultiPolygon", "coordinates": [ [ [ [ -43.622885371953224, -22.998411159066546 ], [ -43.620942673119202, -22.99415281089243 ], [ -43.621075279802447, -22.99281472193303 ], [ -43.621742089247512, -22.991852831632006 ], [ -43.60225415311632, -22.970650595416593 ], [ -43.601554260228369, -22.969053755446005 ], [ -43.593398823273233, -22.959630541202035 ], [ -43.592368745423492, -22.959892208309906 ], [ -43.591375857936328, -22.958811577725758 ], [ -43.586655353790469, -22.955821834135527 ], [ -43.577729372385946, -22.961530367468967 ], [ -43.575811720770623, -22.956523966778146 ], [ -43.564600386863638, -22.965966901801696 ], [ -43.551403295299885, -22.972778185749657 ], [ -43.553097437227734, -22.975523665354974 ], [ -43.553212441459387, -22.975555419022861 ], [ -43.553150051177902, -22.975608928035523 ], [ -43.564710391471401, -22.99433997159597 ], [ -43.615012037543579, -22.999931464401332 ], [ -43.615228523906076, -23.00060973637768 ], [ -43.615409641965407, -22.99997566224506 ], [ -43.615878305865145, -23.000027607622769 ], [ -43.622885371953224, -22.998411159066546 ] ] ], [ [ [ -43.612515815696561, -23.010132506666096 ], [ -43.604385184571846, -23.021151115871906 ], [ -43.604385173785097, -23.021151132145242 ], [ -43.609956735574393, -23.019114615077147 ], [ -43.612515815696561, -23.010132506666096 ] ] ] ] } },
{ "type": "Feature", "properties": { "area_id": "LIGHT:18520551", "potencia_nominal_mva": 0.0, "n_trafos": 281, "origem": "fecho_trafos", "profundidade": 0, "recorte_ignorado": false, "geometria_vazia": false, "area_km2": 100.911, "lat_sub": -21.884595, "lon_sub": -42.690469, "classificacao": "Distribuição satélite", "area_mae": "LIGHT:449886789", "distribuidora": "LIGHT", "cod_sub": "18520551", "nome": "SESD JAMAPARA", "lat_rep": -21.948073, "lon_rep": -42.730714, "capacidade_mmgd_bdgd_kw": 1483.66, "capacidade_homologada_localizada_kw": 1475.16, "capacidade_lag_kw": 127.468, "pot_sem_homologacao_kw": 0.0, "n_unidades": 133.097, "n_sem_homologacao": 0.0, "capacidade_mmgd_kw": 1602.628, "fonte": "Solar FV", "fator_correcao": null, "capacidade_mmgd_corrigida_kw": 1602.628 }, "geometry": { "type": "Polygon", "coordinates": [ [ [ -42.789163535803276, -21.957751748180584 ], [ -42.783881168843308, -21.939916682265803 ], [ -42.781327341510348, -21.93463032603459 ], [ -42.789116380360582, -21.930079856165154 ], [ -42.7878, -21.9296 ], [ -42.771699986249537, -21.921799994319418 ], [ -42.74, -21.9087 ], [ -42.719799992466484, -21.897299996082946 ], [ -42.684999999527236, -21.879200001016688 ], [ -42.673484256874488, -21.875751460003219 ], [ -42.673052427563697, -21.877310451643869 ], [ -42.671039621491396, -21.87702003065861 ], [ -42.669900267975109, -21.87739411501952 ], [ -42.670726725428189, -21.885714369657194 ], [ -42.668937836794143, -21.892176795205295 ], [ -42.670752671620242, -21.919701649029044 ], [ -42.660955483481047, -21.921663744679083 ], [ -42.660789404405072, -21.921603779685512 ], [ -42.660285929093874, -21.923421524636609 ], [ -42.697229472448925, -21.983711178514564 ], [ -42.705358596075747, -21.978971146036539 ], [ -42.721284897440142, -22.004733366272436 ], [ -42.727720264422935, -22.002191882801068 ], [ -42.732438768398907, -21.987723162207136 ], [ -42.735924127579679, -21.982227361197442 ], [ -42.746177732120579, -21.973762768895241 ], [ -42.780112437539266, -21.971689671775689 ], [ -42.789163535803276, -21.957751748180584 ] ] ] } },
{ "type": "Feature", "properties": { "area_id": "LIGHT:22183116", "potencia_nominal_mva": 0.0, "n_trafos": 134, "origem": "fecho_trafos", "profundidade": 1, "recorte_ignorado": false, "geometria_vazia": false, "area_km2": 5.685, "lat_sub": -22.984035, "lon_sub": -43.659039, "classificacao": "Distribuição satélite", "area_mae": "LIGHT:29148432", "distribuidora": "LIGHT", "cod_sub": "22183116", "nome": "SESD PIAI", "lat_rep": -22.979043, "lon_rep": -43.659688, "capacidade_mmgd_bdgd_kw": 1094.04, "capacidade_homologada_localizada_kw": 1091.7, "capacidade_lag_kw": 192.191, "pot_sem_homologacao_kw": 0.0, "n_unidades": 155.279, "n_sem_homologacao": 0.0, "capacidade_mmgd_kw": 1283.891, "fonte": "Solar FV", "fator_correcao": null, "capacidade_mmgd_corrigida_kw": 1283.891 }, "geometry": { "type": "Polygon", "coordinates": [ [ [ -43.678866964813885, -22.978072584413479 ], [ -43.676440685014114, -22.972504520551624 ], [ -43.672137755253523, -22.971287847535255 ], [ -43.645347227949699, -22.970566536688185 ], [ -43.641014327805948, -22.971706269688458 ], [ -43.637877986684202, -22.973476984756708 ], [ -43.649500915480026, -22.98705438657672 ], [ -43.659284698543651, -22.988945639207543 ], [ -43.671803367851936, -22.981995157410815 ], [ -43.6745, -22.9803 ], [ -43.674770891682861, -22.980347304021308 ], [ -43.678866964813885, -22.978072584413479 ] ] ] } },
{ "type": "Feature", "properties": { "area_id": "LIGHT:132097219", "potencia_nominal_mva": 120.0, "n_trafos": 1360, "origem": "fecho_trafos", "profundidade": 0, "recorte_ignorado": false, "geometria_vazia": false, "area_km2": 54.208, "lat_sub": -23.011264, "lon_sub": -43.468292, "classificacao": "Distribuição plena", "area_mae": null, "distribuidora": "LIGHT", "cod_sub": "132097219", "nome": "SETD RECREIO", "lat_rep": -22.995272, "lon_rep": -43.483973, "capacidade_mmgd_bdgd_kw": 20861.82, "capacidade_homologada_localizada_kw": 20688.42, "capacidade_lag_kw": 3638.017, "pot_sem_homologacao_kw": 0.0, "n_unidades": 2818.178, "n_sem_homologacao": 0.0, "capacidade_mmgd_kw": 24326.437, "fonte": "Solar FV", "fator_correcao": null, "capacidade_mmgd_corrigida_kw": 24326.437 }, "geometry": { "type": "Polygon", "coordinates": [ [ [ -43.523810548966303, -23.026887860681459 ], [ -43.515233276265938, -22.97055001296053 ], [ -43.499506188347596, -22.963334719652188 ], [ -43.498365393567191, -22.952110600043074 ], [ -43.470858248173371, -22.949225296658511 ], [ -43.462709205859454, -22.970928976897092 ], [ -43.4477281555411, -22.979729614350298 ], [ -43.444026106961026, -22.990586517200477 ], [ -43.445360947531086, -22.991589799769411 ], [ -43.452436839509723, -22.998275574884641 ], [ -43.4502678166658, -23.004049223334793 ], [ -43.461222004914411, -23.020829959033101 ], [ -43.462171338091792, -23.021751181925652 ], [ -43.471660651676714, -23.030535668628165 ], [ -43.473711841752205, -23.030930680614823 ], [ -43.473355210743215, -23.031117039553465 ], [ -43.4928, -23.0353 ], [ -43.5074, -23.0429 ], [ -43.507999997079274, -23.047299978581847 ], [ -43.508043372694921, -23.047304304795432 ], [ -43.506361719536571, -23.030767904386042 ], [ -43.523810548966303, -23.026887860681459 ] ] ] } },
{ "type": "Feature", "properties": { "area_id": "LIGHT:34192093", "potencia_nominal_mva": 60.0, "n_trafos": 1033, "origem": "fecho_trafos", "profundidade": 0, "recorte_ignorado": false, "geometria_vazia": false, "area_km2": 40.7, "lat_sub": -22.723286, "lon_sub": -43.551847, "classificacao": "Distribuição plena", "area_mae": null, "distribuidora": "LIGHT", "cod_sub": "34192093", "nome": "SETD SANTA CLARA", "lat_rep": -22.710169, "lon_rep": -43.557027, "capacidade_mmgd_bdgd_kw": 5021.04, "capacidade_homologada_localizada_kw": 5016.88, "capacidade_lag_kw": 423.415, "pot_sem_homologacao_kw": 0.0, "n_unidades": 570.449, "n_sem_homologacao": 0.0, "capacidade_mmgd_kw": 5440.295, "fonte": "Solar FV", "fator_correcao": null, "capacidade_mmgd_corrigida_kw": 5440.295 }, "geometry": { "type": "MultiPolygon", "coordinates": [ [ [ [ -43.511218762807907, -22.719542260547676 ], [ -43.511218770779173, -22.719542281363267 ], [ -43.511199646352999, -22.719483319318751 ], [ -43.511218762807907, -22.719542260547676 ] ] ], [ [ [ -43.51085422775779, -22.718418291597199 ], [ -43.51085422775779, -22.718418291597217 ], [ -43.511199646352999, -22.719483319318751 ], [ -43.51085422775779, -22.718418291597199 ] ] ], [ [ [ -43.583211851867446, -22.696246552756261 ], [ -43.579615130804704, -22.694899635834595 ], [ -43.556808337892456, -22.704657738086013 ], [ -43.552517078182305, -22.705243248306552 ], [ -43.532489403838518, -22.690874642250535 ], [ -43.524165410212781, -22.679350325110391 ], [ -43.522887109850046, -22.673642884129617 ], [ -43.531740468731805, -22.676961259352453 ], [ -43.512422017750055, -22.669717458815242 ], [ -43.511148072731316, -22.669624311836312 ], [ -43.500318254842426, -22.671426520927767 ], [ -43.497649413652731, -22.676804743847502 ], [ -43.498193848866848, -22.67886873340289 ], [ -43.499410620249172, -22.683125417416232 ], [ -43.500874645684078, -22.687641527441826 ], [ -43.508155870509825, -22.692391226931907 ], [ -43.504165296247542, -22.697788137808384 ], [ -43.502894165952938, -22.693870730369049 ], [ -43.51085422775779, -22.718418291597199 ], [ -43.507693297586989, -22.70389465598064 ], [ -43.507181344472677, -22.700946760992338 ], [ -43.524238778349201, -22.707868790207083 ], [ -43.531360304300875, -22.711935393464177 ], [ -43.532527338144789, -22.713897154405409 ], [ -43.533881229297435, -22.71836231866093 ], [ -43.516634356416297, -22.724353331166554 ], [ -43.514823491059673, -22.72340639447 ], [ -43.513111203763607, -22.72238794687398 ], [ -43.51158147183672, -22.720660578999315 ], [ -43.515084646364393, -22.73146084178985 ], [ -43.515084662670958, -22.731460856242414 ], [ -43.534212701798957, -22.746886692276547 ], [ -43.534212722434035, -22.746886707171978 ], [ -43.518774216681649, -22.734435524646472 ], [ -43.521880878930851, -22.733058138919521 ], [ -43.523653187831968, -22.732450757849705 ], [ -43.532902216112603, -22.73877035698554 ], [ -43.538116660074046, -22.744349338200163 ], [ -43.540496725306596, -22.748119007359044 ], [ -43.54014066649291, -22.748476812573504 ], [ -43.554014445024329, -22.752197306693414 ], [ -43.565534259176431, -22.742636662989323 ], [ -43.567359027814625, -22.742806520223734 ], [ -43.570084254426412, -22.744063497930124 ], [ -43.576492017321172, -22.7490205688148 ], [ -43.578271104284198, -22.748341468705803 ], [ -43.580439409318679, -22.731885197585687 ], [ -43.58688114461529, -22.713350179266325 ], [ -43.583211851867446, -22.696246552756261 ] ], [ [ -43.557707432732911, -22.742644340042975 ], [ -43.557743167532728, -22.742583684646078 ], [ -43.5578146763782, -22.74256423208902 ], [ -43.557880070413326, -22.742597377402923 ], [ -43.55790104273072, -22.742663704538778 ], [ -43.55786530797554, -22.742724359972943 ], [ -43.557793799051183, -22.742743812548362 ], [ -43.5577284049714, -22.742710667197194 ], [ -43.557707432732911, -22.742644340042975 ] ] ] ] } },
{ "type": "Feature", "properties": { "area_id": "LIGHT:25334769", "potencia_nominal_mva": 0.0, "n_trafos": 259, "origem": "fecho_trafos", "profundidade": 0, "recorte_ignorado": false, "geometria_vazia": false, "area_km2": 31.014, "lat_sub": -22.758656, "lon_sub": -43.688288, "classificacao": "Distribuição satélite", "area_mae": "LIGHT:18521154", "distribuidora": "LIGHT", "cod_sub": "25334769", "nome": "SESD UNIVERSIDADE", "lat_rep": -22.762851, "lon_rep": -43.689347, "capacidade_mmgd_bdgd_kw": 1873.98, "capacidade_homologada_localizada_kw": 1844.08, "capacidade_lag_kw": 735.271, "pot_sem_homologacao_kw": 0.0, "n_unidades": 131.094, "n_sem_homologacao": 0.0, "capacidade_mmgd_kw": 2579.351, "fonte": "Solar FV", "fator_correcao": null, "capacidade_mmgd_corrigida_kw": 2579.351 }, "geometry": { "type": "Polygon", "coordinates": [ [ [ -43.73041687603326, -22.789256899731704 ], [ -43.723752126086069, -22.754361752391869 ], [ -43.722735239488749, -22.751214984963017 ], [ -43.709384077677747, -22.736615252010377 ], [ -43.690885944252138, -22.737156745560121 ], [ -43.68912077797183, -22.734801060870996 ], [ -43.686316093947333, -22.738154953525807 ], [ -43.684065798051996, -22.738757823650914 ], [ -43.677503880641019, -22.745949339348851 ], [ -43.65282505646595, -22.762148804233718 ], [ -43.654691959456144, -22.76384754656041 ], [ -43.660654138626519, -22.76301031880876 ], [ -43.67138404209831, -22.770529340917275 ], [ -43.669442463705764, -22.777267223547721 ], [ -43.683890664874177, -22.790408113904505 ], [ -43.69544913778649, -22.786247974016234 ], [ -43.729728771552729, -22.790671528657185 ], [ -43.726717740839916, -22.790282385353166 ], [ -43.73041687603326, -22.789256899731704 ] ] ] } },
{ "type": "Feature", "properties": { "area_id": "LIGHT:18521271", "potencia_nominal_mva": 0.0, "n_trafos": 42, "origem": "fecho_trafos", "profundidade": 0, "recorte_ignorado": false, "geometria_vazia": false, "area_km2": 43.651, "lat_sub": -22.487455, "lon_sub": -44.244371, "classificacao": "Distribuição satélite", "area_mae": "LIGHT:18520398", "distribuidora": "LIGHT", "cod_sub": "18521271", "nome": "SESD VILA POMBAL", "lat_rep": -22.502029, "lon_rep": -44.257045, "capacidade_mmgd_bdgd_kw": 17.0, "capacidade_homologada_localizada_kw": 17.0, "capacidade_lag_kw": 4.252, "pot_sem_homologacao_kw": 0.0, "n_unidades": 3.199, "n_sem_homologacao": 0.0, "capacidade_mmgd_kw": 21.252, "fonte": "Solar FV", "fator_correcao": null, "capacidade_mmgd_corrigida_kw": 21.252 }, "geometry": { "type": "MultiPolygon", "coordinates": [ [ [ [ -44.322106642251711, -22.557607749943731 ], [ -44.317523323825945, -22.580961281389612 ], [ -44.316709256000152, -22.582244382538516 ], [ -44.309038495488672, -22.584718170624516 ], [ -44.320571856032302, -22.595034552820998 ], [ -44.3275, -22.5882 ], [ -44.3421, -22.5893 ], [ -44.345036945016787, -22.590048654654989 ], [ -44.345159573491863, -22.577697454787401 ], [ -44.339118150451675, -22.57615158596645 ], [ -44.335383667377734, -22.562390162400575 ], [ -44.323340369115179, -22.544787878608048 ], [ -44.322106642251711, -22.557607749943731 ] ] ], [ [ [ -44.259607364006406, -22.451549053690535 ], [ -44.258807035042615, -22.45037726776064 ], [ -44.255630258759233, -22.44976413656174 ], [ -44.254628845218903, -22.45131864480426 ], [ -44.249516108779282, -22.456904743505099 ], [ -44.227582806120161, -22.477893045345446 ], [ -44.228658414578675, -22.478242979150021 ], [ -44.236290777007468, -22.484955045572271 ], [ -44.236452511017241, -22.492697289739905 ], [ -44.235172699611454, -22.518591191369225 ], [ -44.287621001239003, -22.565554411673965 ], [ -44.282314280183193, -22.551796684911711 ], [ -44.268011341419083, -22.510887586451528 ], [ -44.288175607415845, -22.493361475967731 ], [ -44.273370891456835, -22.471696984848133 ], [ -44.281140577055034, -22.467678407765838 ], [ -44.26365937324514, -22.476717019680681 ], [ -44.257271439265963, -22.48015348285584 ], [ -44.255481859727908, -22.474990129310875 ], [ -44.259607364006406, -22.451549053690535 ] ] ], [ [ [ -44.281845711644799, -22.467313754316717 ], [ -44.281845732961209, -22.467313744533765 ], [ -44.281845731826927, -22.467313742638929 ], [ -44.281845711644799, -22.467313754316717 ] ] ] ] } },
{ "type": "Feature", "properties": { "area_id": "LIGHT:109363914", "potencia_nominal_mva": 0.0, "n_trafos": 170, "origem": "fecho_trafos", "profundidade": 0, "recorte_ignorado": false, "geometria_vazia": false, "area_km2": 49.245, "lat_sub": -22.052566, "lon_sub": -43.206549, "classificacao": "Distribuição satélite", "area_mae": "LIGHT:18520326", "distribuidora": "LIGHT", "cod_sub": "109363914", "nome": "SESD LEVY", "lat_rep": -22.05461, "lon_rep": -43.184281, "capacidade_mmgd_bdgd_kw": 876.74, "capacidade_homologada_localizada_kw": 876.74, "capacidade_lag_kw": 25.237, "pot_sem_homologacao_kw": 0.0, "n_unidades": 59.485, "n_sem_homologacao": 0.0, "capacidade_mmgd_kw": 901.977, "fonte": "Solar FV", "fator_correcao": null, "capacidade_mmgd_corrigida_kw": 901.977 }, "geometry": { "type": "MultiPolygon", "coordinates": [ [ [ [ -43.244852485705586, -22.102269800322365 ], [ -43.244852489717928, -22.102269778869967 ], [ -43.244852483597548, -22.102269799885569 ], [ -43.244852485705586, -22.102269800322365 ] ] ], [ [ [ -43.248956082344954, -22.061085671293956 ], [ -43.248955973176813, -22.061085383008294 ], [ -43.2489556621166, -22.061085194667541 ], [ -43.248956082344954, -22.061085671293956 ] ] ], [ [ [ -43.224019300882858, -22.047328676567009 ], [ -43.212622212010551, -22.04103920840701 ], [ -43.205317401761071, -22.033596761386978 ], [ -43.205113720936083, -22.033084316318092 ], [ -43.202, -22.0375 ], [ -43.1793, -22.0292 ], [ -43.169600000130238, -22.021800001399011 ], [ -43.1634, -22.0285 ], [ -43.1536, -22.033 ], [ -43.1422, -22.0334 ], [ -43.131200000947125, -22.029200001463312 ], [ -43.1306, -22.035 ], [ -43.127600001327984, -22.046699999591581 ], [ -43.1336, -22.0514 ], [ -43.133275283409326, -22.056676739478085 ], [ -43.174084714581127, -22.069246839528223 ], [ -43.17540909694776, -22.068599441969663 ], [ -43.178167074422753, -22.067357142280422 ], [ -43.180734687681735, -22.071294009132785 ], [ -43.19543814587648, -22.075819293116211 ], [ -43.215450125976901, -22.09012079482066 ], [ -43.25052740752762, -22.078474074344104 ], [ -43.250528678662512, -22.078475120982976 ], [ -43.252465669979244, -22.070353034725255 ], [ -43.249560943600336, -22.062682953558181 ], [ -43.229437296700524, -22.052204076539631 ], [ -43.224019300882858, -22.047328676567009 ] ] ] ] } },
{ "type": "Feature", "properties": { "area_id": "LIGHT:55813421", "potencia_nominal_mva": 120.0, "n_trafos": 401, "origem": "fecho_trafos", "profundidade": 0, "recorte_ignorado": false, "geometria_vazia": false, "area_km2": 4.269, "lat_sub": -22.982354, "lon_sub": -43.219208, "classificacao": "Distribuição plena", "area_mae": null, "distribuidora": "LIGHT", "cod_sub": "55813421", "nome": "SETD LEBLON", "lat_rep": -22.98284, "lon_rep": -43.2192, "capacidade_mmgd_bdgd_kw": 2125.61, "capacidade_homologada_localizada_kw": 2118.16, "capacidade_lag_kw": 372.898, "pot_sem_homologacao_kw": 0.0, "n_unidades": 251.645, "n_sem_homologacao": 0.0, "capacidade_mmgd_kw": 2491.058, "fonte": "Solar FV", "fator_correcao": null, "capacidade_mmgd_corrigida_kw": 2491.058 }, "geometry": { "type": "Polygon", "coordinates": [ [ [ -43.235267542724365, -22.985849247345115 ], [ -43.232766287244978, -22.982669599490684 ], [ -43.231061470092811, -22.981102445079635 ], [ -43.213356693965302, -22.972964338982102 ], [ -43.207015081796357, -22.973209781424053 ], [ -43.203694456772475, -22.970423365704875 ], [ -43.198742296413336, -22.974454995004916 ], [ -43.198671047900049, -22.975364367125334 ], [ -43.199658449414372, -22.977226654751963 ], [ -43.199704339410559, -22.977272434331262 ], [ -43.204706721309925, -22.979856165559575 ], [ -43.205455033225, -22.983007790440098 ], [ -43.207824264457024, -22.98537072241604 ], [ -43.207312172330099, -22.986089639712734 ], [ -43.206225823436625, -22.986254131222534 ], [ -43.206524986849217, -22.987514081812183 ], [ -43.2176, -22.987 ], [ -43.231, -22.9908 ], [ -43.232000000933503, -22.995299999307349 ], [ -43.232933696584915, -22.99568852276002 ], [ -43.233543383028355, -22.993846964301625 ], [ -43.231106977992759, -22.988962557611075 ], [ -43.230729071753011, -22.987708899200161 ], [ -43.235267542724365, -22.985849247345115 ] ] ] } },
{ "type": "Feature", "properties": { "area_id": "LIGHT:18521280", "potencia_nominal_mva": 0.0, "n_trafos": 150, "origem": "fecho_trafos", "profundidade": 0, "recorte_ignorado": false, "geometria_vazia": false, "area_km2": 28.167, "lat_sub": -22.890496, "lon_sub": -43.840214, "classificacao": "Distribuição satélite", "area_mae": "LIGHT:18521208", "distribuidora": "LIGHT", "cod_sub": "18521280", "nome": "SESD RIO SANTOS", "lat_rep": -22.898312, "lon_rep": -43.856903, "capacidade_mmgd_bdgd_kw": 953.09, "capacidade_homologada_localizada_kw": 955.89, "capacidade_lag_kw": 309.013, "pot_sem_homologacao_kw": 0.0, "n_unidades": 123.503, "n_sem_homologacao": 0.0, "capacidade_mmgd_kw": 1264.903, "fonte": "Solar FV", "fator_correcao": null, "capacidade_mmgd_corrigida_kw": 1264.903 }, "geometry": { "type": "Polygon", "coordinates": [ [ [ -43.91091131771195, -22.877791406328907 ], [ -43.904225966838816, -22.878580196609878 ], [ -43.880957630336297, -22.879800109791006 ], [ -43.846957178649269, -22.871821549733706 ], [ -43.825721963568704, -22.875685761795303 ], [ -43.815262239087851, -22.870760040187282 ], [ -43.811600978303041, -22.870731841293733 ], [ -43.808354267007616, -22.872843397969049 ], [ -43.824337327968792, -22.885082618581592 ], [ -43.824398689176981, -22.886780387179471 ], [ -43.823845818182022, -22.8948869466419 ], [ -43.80029194081802, -22.889852284637744 ], [ -43.799936964847149, -22.892988116094404 ], [ -43.843318831549006, -22.905005387991078 ], [ -43.8457, -22.9017 ], [ -43.8568, -22.9019 ], [ -43.8709, -22.9053 ], [ -43.8806, -22.9158 ], [ -43.882000000907027, -22.920899999072738 ], [ -43.884727372927287, -22.921283267337103 ], [ -43.89336033726557, -22.901753338560098 ], [ -43.91091131771195, -22.877791406328907 ] ], [ [ -43.839346047520003, -22.890741916727869 ], [ -43.839388015674011, -22.890684763889546 ], [ -43.839461309946437, -22.890671846014051 ], [ -43.839522995607702, -22.890710730209321 ], [ -43.839536938055005, -22.890778638669453 ], [ -43.839494969930733, -22.890835791547818 ], [ -43.839421675571927, -22.89084870943509 ], [ -43.839359989880926, -22.890809825199774 ], [ -43.839346047520003, -22.890741916727869 ] ] ] } },
{ "type": "Feature", "properties": { "area_id": "LIGHT:25455230", "potencia_nominal_mva": 0.0, "n_trafos": 296, "origem": "fecho_trafos", "profundidade": 0, "recorte_ignorado": false, "geometria_vazia": false, "area_km2": 91.471, "lat_sub": -23.005031, "lon_sub": -43.53983, "classificacao": "Distribuição satélite", "area_mae": "LIGHT:29148432", "distribuidora": "LIGHT", "cod_sub": "25455230", "nome": "SESD GUARATIBA", "lat_rep": -23.045448, "lon_rep": -43.632401, "capacidade_mmgd_bdgd_kw": 3741.61, "capacidade_homologada_localizada_kw": 3710.22, "capacidade_lag_kw": 641.177, "pot_sem_homologacao_kw": 5.0, "n_unidades": 362.013, "n_sem_homologacao": 1.0, "capacidade_mmgd_kw": 4351.397, "fonte": "Solar FV", "fator_correcao": null, "capacidade_mmgd_corrigida_kw": 4351.397 }, "geometry": { "type": "MultiPolygon", "coordinates": [ [ [ [ -43.706, -23.0529 ], [ -43.6666, -23.0426 ], [ -43.656599999784959, -23.039100000686719 ], [ -43.614000000319365, -23.031000001179287 ], [ -43.604, -23.0387 ], [ -43.577, -23.0481 ], [ -43.5665, -23.0548 ], [ -43.5683, -23.0594 ], [ -43.5868, -23.0533 ], [ -43.6118, -23.0503 ], [ -43.6368, -23.0506 ], [ -43.6678, -23.0531 ], [ -43.733, -23.0578 ], [ -43.765899988655789, -23.061799998621986 ], [ -43.789146327700067, -23.06360166126284 ], [ -43.7887494082701, -23.061311324340906 ], [ -43.754, -23.0598 ], [ -43.706, -23.0529 ] ] ], [ [ [ -43.599199999553193, -23.028200002316584 ], [ -43.5897, -23.0407 ], [ -43.602299998573315, -23.03899999912894 ], [ -43.599199999553193, -23.028200002316584 ] ] ], [ [ [ -43.564710587280224, -22.994339951044815 ], [ -43.553150427575353, -22.975609537999858 ], [ -43.553214056782302, -22.975555595723829 ], [ -43.553097254311176, -22.975523368932304 ], [ -43.551403293326857, -22.972778186737525 ], [ -43.549590979507606, -22.973713274180138 ], [ -43.545606065704753, -22.972867335397915 ], [ -43.504583426456769, -22.949802117563017 ], [ -43.504206200190488, -22.949688590105623 ], [ -43.498365395739363, -22.952110599731448 ], [ -43.499506012879515, -22.963334720107994 ], [ -43.51523330468148, -22.970550313833577 ], [ -43.523810428580852, -23.026887070224706 ], [ -43.506361489830354, -23.030767699551784 ], [ -43.50804339760596, -23.047304306221331 ], [ -43.5322, -23.0497 ], [ -43.542100000524663, -23.059099999159134 ], [ -43.5489, -23.0607 ], [ -43.554400000844225, -23.073999998986263 ], [ -43.566399999127462, -23.075199998877725 ], [ -43.5687, -23.0655 ], [ -43.5616, -23.0582 ], [ -43.5624, -23.0532 ], [ -43.5786, -23.0451 ], [ -43.5797, -23.0396 ], [ -43.5943, -23.0324 ], [ -43.5996, -23.0229 ], [ -43.604385171095629, -23.021151134132904 ], [ -43.616528372736298, -23.00469384341266 ], [ -43.615012257002086, -22.999930220062005 ], [ -43.564710587280224, -22.994339951044815 ] ] ], [ [ [ -43.613745990458106, -22.99595142699928 ], [ -43.613745984859975, -22.995951405848142 ], [ -43.613745982774795, -22.995951406416953 ], [ -43.613745990458106, -22.99595142699928 ] ] ] ] } },
{ "type": "Feature", "properties": { "area_id": "LIGHT:18520713", "potencia_nominal_mva": 0.0, "n_trafos": 239, "origem": "fecho_trafos", "profundidade": 0, "recorte_ignorado": false, "geometria_vazia": false, "area_km2": 23.756, "lat_sub": -22.859676, "lon_sub": -43.540989, "classificacao": "Distribuição satélite", "area_mae": "LIGHT:18521136", "distribuidora": "LIGHT", "cod_sub": "18520713", "nome": "SESD QUINCAS", "lat_rep": -22.847485, "lon_rep": -43.554151, "capacidade_mmgd_bdgd_kw": 1437.66, "capacidade_homologada_localizada_kw": 1501.66, "capacidade_lag_kw": 264.364, "pot_sem_homologacao_kw": 3.0, "n_unidades": 170.017, "n_sem_homologacao": 1.0, "capacidade_mmgd_kw": 1766.024, "fonte": "Solar FV", "fator_correcao": null, "capacidade_mmgd_corrigida_kw": 1766.024 }, "geometry": { "type": "MultiPolygon", "coordinates": [ [ [ [ -43.561140838073044, -22.863082942979286 ], [ -43.538438584063023, -22.869587909632607 ], [ -43.538437417967664, -22.869589051599366 ], [ -43.561143112349754, -22.863084031352599 ], [ -43.561140838073044, -22.863082942979286 ] ] ], [ [ [ -43.574014516487026, -22.859394196974083 ], [ -43.589582480320558, -22.860788046311693 ], [ -43.573995502951909, -22.844476339598874 ], [ -43.573939021552, -22.84346133081651 ], [ -43.566964508002293, -22.822639680466324 ], [ -43.569173295459443, -22.829237394647031 ], [ -43.562611526527377, -22.82260354156945 ], [ -43.553026201850415, -22.822523571117753 ], [ -43.551565047231236, -22.820993832685168 ], [ -43.550892171988941, -22.822505703279614 ], [ -43.527958558405004, -22.822311765471255 ], [ -43.524572846750758, -22.823089197899609 ], [ -43.523184080085841, -22.823656111529267 ], [ -43.517716041215245, -22.846362094309352 ], [ -43.519274207628904, -22.845510569095659 ], [ -43.522863925435495, -22.845155615182634 ], [ -43.526635519251272, -22.845109336118387 ], [ -43.532940456760173, -22.848078403956055 ], [ -43.538322453594581, -22.850766247314784 ], [ -43.533165810465249, -22.862355227885917 ], [ -43.511613723046942, -22.871695579078228 ], [ -43.51319640319484, -22.86512320440848 ], [ -43.511455573819106, -22.872347825050728 ], [ -43.513803686531595, -22.873560375725535 ], [ -43.525591249417907, -22.873269107253499 ], [ -43.538438584063023, -22.869587909632607 ], [ -43.544566022536983, -22.863587258828886 ], [ -43.550613511247953, -22.862089740575684 ], [ -43.557288524619352, -22.861239387559159 ], [ -43.561140838073044, -22.863082942979286 ], [ -43.574014516487026, -22.859394196974083 ] ] ] ] } },
{ "type": "Feature", "properties": { "area_id": "LIGHT:138550225", "potencia_nominal_mva": 0.0, "n_trafos": 148, "origem": "fecho_trafos", "profundidade": 1, "recorte_ignorado": false, "geometria_vazia": false, "area_km2": 13.603, "lat_sub": -22.855344, "lon_sub": -43.529655, "classificacao": "Distribuição satélite", "area_mae": "LIGHT:18521136", "distribuidora": "LIGHT", "cod_sub": "138550225", "nome": "SESD VITORIA", "lat_rep": -22.838656, "lon_rep": -43.517571, "capacidade_mmgd_bdgd_kw": 514.7, "capacidade_homologada_localizada_kw": 522.38, "capacidade_lag_kw": 91.964, "pot_sem_homologacao_kw": 0.0, "n_unidades": 48.311, "n_sem_homologacao": 0.0, "capacidade_mmgd_kw": 614.344, "fonte": "Solar FV", "fator_correcao": null, "capacidade_mmgd_corrigida_kw": 614.344 }, "geometry": { "type": "Polygon", "coordinates": [ [ [ -43.551565033879278, -22.820993812512945 ], [ -43.545153891174706, -22.811956824682511 ], [ -43.509174487890093, -22.807262657096949 ], [ -43.509565330946138, -22.833494850615981 ], [ -43.512734741164692, -22.833031638624739 ], [ -43.518162507054463, -22.843747952349261 ], [ -43.509831416197081, -22.851359815441242 ], [ -43.509940736236857, -22.858701001660211 ], [ -43.512187294030184, -22.859921070435867 ], [ -43.511088532225081, -22.863313928400025 ], [ -43.510031536484171, -22.864799168918598 ], [ -43.510056830110479, -22.86649942877602 ], [ -43.509629625038855, -22.867818444021218 ], [ -43.509067454164786, -22.870080029908841 ], [ -43.508951740561002, -22.871680185409108 ], [ -43.510214994846748, -22.872301850505522 ], [ -43.533168196026963, -22.862354232121735 ], [ -43.538322754851414, -22.850765578792629 ], [ -43.53294046189459, -22.848078406373798 ], [ -43.526635571711338, -22.845109319687072 ], [ -43.522863902737349, -22.845155615460985 ], [ -43.519274023633017, -22.845510587287365 ], [ -43.517716606267498, -22.8463606597691 ], [ -43.523184169959777, -22.823656179980031 ], [ -43.524572847626835, -22.823089200279661 ], [ -43.527958599980813, -22.82231176821653 ], [ -43.550892733360129, -22.822505711341911 ], [ -43.551565033879278, -22.820993812512945 ] ] ] } },
{ "type": "Feature", "properties": { "area_id": "LIGHT:277466383", "potencia_nominal_mva": 0.0, "n_trafos": 0, "origem": "semente", "profundidade": 0, "recorte_ignorado": false, "geometria_vazia": false, "area_km2": 0.307, "lat_sub": -22.690652, "lon_sub": -43.864419, "classificacao": "Transporte/manobra", "area_mae": "LIGHT:18521154", "distribuidora": "LIGHT", "cod_sub": "277466383", "nome": "SETD NILO PECANHA", "lat_rep": -22.698577, "lon_rep": -43.879118, "capacidade_mmgd_bdgd_kw": 0.0, "capacidade_homologada_localizada_kw": 0.0, "capacidade_lag_kw": 0.0, "pot_sem_homologacao_kw": 0.0, "n_unidades": 0.0, "n_sem_homologacao": 0.0, "capacidade_mmgd_kw": 0.0, "fonte": null, "fator_correcao": null, "capacidade_mmgd_corrigida_kw": 0.0 }, "geometry": { "type": "Polygon", "coordinates": [ [ [ -43.892498823934915, -22.705631766185732 ], [ -43.858994274003479, -22.686955157031477 ], [ -43.858994259709206, -22.686955149919054 ], [ -43.864276362474541, -22.691511058554525 ], [ -43.892498823934915, -22.705631766185732 ] ] ] } },
{ "type": "Feature", "properties": { "area_id": "LIGHT:280389625", "potencia_nominal_mva": 60.0, "n_trafos": 972, "origem": "fecho_trafos", "profundidade": 0, "recorte_ignorado": false, "geometria_vazia": false, "area_km2": 31.798, "lat_sub": -22.71517, "lon_sub": -43.46303, "classificacao": "Distribuição plena", "area_mae": null, "distribuidora": "LIGHT", "cod_sub": "280389625", "nome": "SETD CARMARI", "lat_rep": -22.703195, "lon_rep": -43.471013, "capacidade_mmgd_bdgd_kw": 4873.38, "capacidade_homologada_localizada_kw": 4968.28, "capacidade_lag_kw": 784.337, "pot_sem_homologacao_kw": 0.0, "n_unidades": 671.523, "n_sem_homologacao": 0.0, "capacidade_mmgd_kw": 5752.617, "fonte": "Solar FV", "fator_correcao": null, "capacidade_mmgd_corrigida_kw": 5752.617 }, "geometry": { "type": "MultiPolygon", "coordinates": [ [ [ [ -43.432277101051149, -22.704061951260421 ], [ -43.431720426238172, -22.705714828486396 ], [ -43.432133451634215, -22.704491498599065 ], [ -43.432693228934141, -22.704772545683056 ], [ -43.432133133814425, -22.704491299530204 ], [ -43.432277101051149, -22.704061951260421 ] ] ], [ [ [ -43.432693228934141, -22.704772545683056 ], [ -43.433124929765313, -22.704989319930277 ], [ -43.433124959721276, -22.70498930452413 ], [ -43.432693228934141, -22.704772545683056 ] ] ], [ [ [ -43.457339390271493, -22.676010930212161 ], [ -43.458062375557553, -22.675247108538301 ], [ -43.455650126217925, -22.677790963130281 ], [ -43.455912032262816, -22.678014687898639 ], [ -43.458071889153153, -22.680129566481043 ], [ -43.458671530165603, -22.684477819890162 ], [ -43.458894991273183, -22.691554594903621 ], [ -43.458770465944824, -22.692231045205759 ], [ -43.453469637846219, -22.697798342549095 ], [ -43.440148282257752, -22.703773945433124 ], [ -43.435577695891133, -22.701975152265017 ], [ -43.433319386005763, -22.704889312411794 ], [ -43.433124959721276, -22.70498930452413 ], [ -43.444638429433709, -22.71076986598975 ], [ -43.44489622303707, -22.713252129923223 ], [ -43.443835047547751, -22.717360681176498 ], [ -43.443299247927847, -22.717979018304135 ], [ -43.432649418958761, -22.727263231947454 ], [ -43.432488348614697, -22.727365874163478 ], [ -43.43260480526591, -22.728325993999484 ], [ -43.436647119801371, -22.730953570772495 ], [ -43.457935565452125, -22.738325836648183 ], [ -43.468212023522021, -22.737557880921297 ], [ -43.476022391409082, -22.734405094389107 ], [ -43.479276325769717, -22.731434884435746 ], [ -43.490853008414888, -22.71578754102498 ], [ -43.494989523086367, -22.716468446663217 ], [ -43.495208816528674, -22.709898881124413 ], [ -43.508156261581817, -22.692391234900725 ], [ -43.471313798547868, -22.668352774124475 ], [ -43.48388648938613, -22.676558869459143 ], [ -43.457339390271493, -22.676010930212161 ] ], [ [ -43.471320278436977, -22.691806390694364 ], [ -43.47131217794734, -22.691875099761631 ], [ -43.471254089395529, -22.691918369549136 ], [ -43.47118004028475, -22.691910853174559 ], [ -43.47113340764141, -22.691856953637828 ], [ -43.471141508218018, -22.691788244584306 ], [ -43.471199596745095, -22.691744974835935 ], [ -43.47127364576891, -22.69175249119677 ], [ -43.471320278436977, -22.691806390694364 ] ] ] ] } },
{ "type": "Feature", "properties": { "area_id": "LIGHT:143020517", "potencia_nominal_mva": 0.0, "n_trafos": 357, "origem": "fecho_trafos", "profundidade": 0, "recorte_ignorado": false, "geometria_vazia": false, "area_km2": 211.196, "lat_sub": -22.283689, "lon_sub": -43.918414, "classificacao": "Distribuição satélite", "area_mae": "LIGHT:18520299", "distribuidora": "LIGHT", "cod_sub": "143020517", "nome": "SESD CONSERVATORIA", "lat_rep": -22.246042, "lon_rep": -43.917945, "capacidade_mmgd_bdgd_kw": 879.01, "capacidade_homologada_localizada_kw": 876.01, "capacidade_lag_kw": 44.522, "pot_sem_homologacao_kw": 0.0, "n_unidades": 57.173, "n_sem_homologacao": 0.0, "capacidade_mmgd_kw": 920.532, "fonte": "Solar FV", "fator_correcao": null, "capacidade_mmgd_corrigida_kw": 920.532 }, "geometry": { "type": "Polygon", "coordinates": [ [ [ -44.005401892775829, -22.30657588219546 ], [ -44.000971722315406, -22.29237600395572 ], [ -44.00516661743778, -22.287989724397981 ], [ -43.99780006544173, -22.269881948150346 ], [ -43.99276005034222, -22.266048266269536 ], [ -43.990843395120052, -22.259901996580449 ], [ -43.960280580629728, -22.218402095539897 ], [ -43.93977152022979, -22.161336598375485 ], [ -43.91347756321845, -22.172851690605349 ], [ -43.898282281300631, -22.195210772813059 ], [ -43.884737096516986, -22.196970465983057 ], [ -43.878154871246586, -22.195227086161712 ], [ -43.870476783842022, -22.191669868789688 ], [ -43.866738590957482, -22.19330500318414 ], [ -43.880207624008783, -22.214707411346282 ], [ -43.858505907179698, -22.229660323915763 ], [ -43.857844685061266, -22.232239151597597 ], [ -43.849333831161772, -22.271657323329421 ], [ -43.837469069099569, -22.269961284055348 ], [ -43.831634922083765, -22.268843452695702 ], [ -43.832529748592435, -22.27771753536323 ], [ -43.845621343429904, -22.288844198305846 ], [ -43.844463576986918, -22.294203208282187 ], [ -43.841751414232206, -22.294934353451058 ], [ -43.843600469540085, -22.298197985454777 ], [ -43.842100078995166, -22.30514162062768 ], [ -43.848487428628317, -22.306822317635451 ], [ -43.850186974026769, -22.309820953676201 ], [ -43.887342183175775, -22.325908549883994 ], [ -43.903169649345678, -22.321198805670242 ], [ -43.932998463308401, -22.329032168763582 ], [ -43.941936454456922, -22.336896582049217 ], [ -43.942148592495847, -22.349616872857762 ], [ -43.94500619525553, -22.350852305223473 ], [ -43.95929216161732, -22.33593215781201 ], [ -43.962900453851098, -22.336878406290779 ], [ -43.976714923379951, -22.339928973463948 ], [ -43.989160107763333, -22.330937675721717 ], [ -43.995259250065274, -22.32393863423215 ], [ -44.005401892775829, -22.30657588219546 ] ] ] } },
{ "type": "Feature", "properties": { "area_id": "LIGHT:224567922", "potencia_nominal_mva": 60.0, "n_trafos": 851, "origem": "fecho_trafos", "profundidade": 0, "recorte_ignorado": false, "geometria_vazia": false, "area_km2": 59.836, "lat_sub": -22.81595, "lon_sub": -43.594267, "classificacao": "Distribuição plena", "area_mae": null, "distribuidora": "LIGHT", "cod_sub": "224567922", "nome": "SETD MARAPICU", "lat_rep": -22.818177, "lon_rep": -43.588501, "capacidade_mmgd_bdgd_kw": 3087.97, "capacidade_homologada_localizada_kw": 3060.95, "capacidade_lag_kw": 547.595, "pot_sem_homologacao_kw": 0.0, "n_unidades": 201.784, "n_sem_homologacao": 0.0, "capacidade_mmgd_kw": 3608.545, "fonte": "Solar FV", "fator_correcao": null, "capacidade_mmgd_corrigida_kw": 3608.545 }, "geometry": { "type": "Polygon", "coordinates": [ [ [ -43.644801514898553, -22.834431940512555 ], [ -43.630562167825197, -22.825092120085976 ], [ -43.626304031072422, -22.815358499295776 ], [ -43.631919931827404, -22.792695371256602 ], [ -43.614873660045845, -22.789221557832448 ], [ -43.614844184057688, -22.789155192991117 ], [ -43.614806401602664, -22.789207847504247 ], [ -43.569341363272379, -22.779932963511207 ], [ -43.557798617384051, -22.786117542887389 ], [ -43.556902033929759, -22.786126483718018 ], [ -43.555069953960903, -22.786062063448806 ], [ -43.550178842451523, -22.785514068004098 ], [ -43.54908020845393, -22.785318113285726 ], [ -43.548310907630764, -22.78780628986997 ], [ -43.542764403254544, -22.789233579408364 ], [ -43.543632551229599, -22.793098444946249 ], [ -43.548232042770806, -22.808061232160618 ], [ -43.548850884204072, -22.808687477635168 ], [ -43.545153905095376, -22.811956842512931 ], [ -43.551565027774615, -22.82099380390861 ], [ -43.553025948970181, -22.822523583626126 ], [ -43.562611491287022, -22.822603614940089 ], [ -43.569175052815602, -22.829239970947505 ], [ -43.57393899130853, -22.843461240541124 ], [ -43.573995388002565, -22.844476242866154 ], [ -43.58958249693579, -22.860788062227208 ], [ -43.595663029450648, -22.861332073574577 ], [ -43.603394682323447, -22.85974302993753 ], [ -43.607138660735231, -22.856372462536612 ], [ -43.614880235953983, -22.856832353840478 ], [ -43.618958864588777, -22.856841464330753 ], [ -43.644407174245011, -22.84362789172831 ], [ -43.644801514898553, -22.834431940512555 ] ] ] } },
{ "type": "Feature", "properties": { "area_id": "LIGHT:18520848", "potencia_nominal_mva": 0.0, "n_trafos": 575, "origem": "fecho_trafos", "profundidade": 0, "recorte_ignorado": false, "geometria_vazia": false, "area_km2": 241.406, "lat_sub": -21.927978, "lon_sub": -42.609111, "classificacao": "Distribuição satélite", "area_mae": "LIGHT:449886789", "distribuidora": "LIGHT", "cod_sub": "18520848", "nome": "SESD CARMO", "lat_rep": -21.934097, "lon_rep": -42.586424, "capacidade_mmgd_bdgd_kw": 2098.52, "capacidade_homologada_localizada_kw": 2087.21, "capacidade_lag_kw": 128.108, "pot_sem_homologacao_kw": 0.0, "n_unidades": 191.924, "n_sem_homologacao": 0.0, "capacidade_mmgd_kw": 2215.318, "fonte": "Solar FV", "fator_correcao": null, "capacidade_mmgd_corrigida_kw": 2215.318 }, "geometry": { "type": "MultiPolygon", "coordinates": [ [ [ [ -42.660285927095032, -21.92342152543409 ], [ -42.655125612838305, -21.919553202283872 ], [ -42.629884497362283, -21.910411633200816 ], [ -42.626351123839683, -21.907208803331326 ], [ -42.598315982337347, -21.888920630878854 ], [ -42.602019542309606, -21.883373593244496 ], [ -42.593908709153908, -21.88604463964251 ], [ -42.589580427402439, -21.883220324206647 ], [ -42.588008999723847, -21.884019487749249 ], [ -42.568456826708299, -21.883583309547287 ], [ -42.545806984877508, -21.870796698773326 ], [ -42.542908062671756, -21.865525730496163 ], [ -42.538525739744642, -21.8498895097181 ], [ -42.538526084800225, -21.849888566314917 ], [ -42.538526699998513, -21.849888378774999 ], [ -42.538527229632074, -21.849888541552765 ], [ -42.516527859622947, -21.835516329095345 ], [ -42.501736394410898, -21.843635157028341 ], [ -42.501272629853098, -21.848061145242589 ], [ -42.505869744283224, -21.944636032918083 ], [ -42.552080129195389, -21.993815116072376 ], [ -42.555621882788138, -21.995601466571493 ], [ -42.596777988428016, -22.013951615118295 ], [ -42.605521044288388, -22.011641192110055 ], [ -42.655164575518853, -22.046787816167651 ], [ -42.697229470728935, -21.983711180013461 ], [ -42.660285927095032, -21.92342152543409 ] ] ], [ [ [ -42.566163598263969, -21.867935569246882 ], [ -42.56616361829127, -21.867935580999681 ], [ -42.540587576731312, -21.851234285313271 ], [ -42.566163598263969, -21.867935569246882 ] ] ], [ [ [ -42.538527229632088, -21.849888541552776 ], [ -42.538527229632074, -21.849888541552765 ], [ -42.540587576731312, -21.851234285313271 ], [ -42.538527229632088, -21.849888541552776 ] ] ] ] } },
{ "type": "Feature", "properties": { "area_id": "LIGHT:660138488", "potencia_nominal_mva": 0.0, "n_trafos": 117, "origem": "fecho_trafos", "profundidade": 2, "recorte_ignorado": false, "geometria_vazia": false, "area_km2": 2.548, "lat_sub": -22.954537, "lon_sub": -43.684635, "classificacao": "Distribuição satélite", "area_mae": "LIGHT:18519958", "distribuidora": "LIGHT", "cod_sub": "660138488", "nome": "SESD SANTA CRUZ", "lat_rep": -22.964358, "lon_rep": -43.68668, "capacidade_mmgd_bdgd_kw": 453.12, "capacidade_homologada_localizada_kw": 452.08, "capacidade_lag_kw": 79.588, "pot_sem_homologacao_kw": 0.0, "n_unidades": 62.327, "n_sem_homologacao": 0.0, "capacidade_mmgd_kw": 531.668, "fonte": "Solar FV", "fator_correcao": null, "capacidade_mmgd_corrigida_kw": 531.668 }, "geometry": { "type": "MultiPolygon", "coordinates": [ [ [ [ -43.691867053290935, -22.981006279795427 ], [ -43.691867067231776, -22.981006297722846 ], [ -43.687810968970595, -22.975210045132812 ], [ -43.691867053290935, -22.981006279795427 ] ] ], [ [ [ -43.687148980553417, -22.974263994336425 ], [ -43.687148980553424, -22.974263994336429 ], [ -43.687810968970595, -22.975210045132812 ], [ -43.687148980553417, -22.974263994336425 ] ] ], [ [ [ -43.68939738616551, -22.952992649635739 ], [ -43.688409865598928, -22.95268554302174 ], [ -43.675950087600619, -22.958257278584711 ], [ -43.687148980553417, -22.974263994336425 ], [ -43.690212288714832, -22.968719816308919 ], [ -43.696679786537537, -22.959330502857362 ], [ -43.697496749766472, -22.960114023594933 ], [ -43.69170242681556, -22.954547059147899 ], [ -43.68939738616551, -22.952992649635739 ] ] ], [ [ [ -43.697540929546747, -22.960156468921767 ], [ -43.697540931232233, -22.960156467417246 ], [ -43.697540913853949, -22.960156452283723 ], [ -43.697540929546747, -22.960156468921767 ] ] ], [ [ [ -43.697540913853949, -22.960156452283723 ], [ -43.697496749766472, -22.960114023594933 ], [ -43.697540913853942, -22.960156452283709 ], [ -43.697540913853949, -22.960156452283723 ] ] ] ] } },
{ "type": "Feature", "properties": { "area_id": "LIGHT:574520576", "potencia_nominal_mva": 0.0, "n_trafos": 0, "origem": "semente", "profundidade": 1, "recorte_ignorado": false, "geometria_vazia": false, "area_km2": 0.0, "lat_sub": -22.924038, "lon_sub": -43.421464, "classificacao": "Transporte/manobra", "area_mae": "LIGHT:10386042", "distribuidora": "LIGHT", "cod_sub": "574520576", "nome": "SETD JACAREPAGUA", "lat_rep": -22.924038, "lon_rep": -43.421464, "capacidade_mmgd_bdgd_kw": 0.0, "capacidade_homologada_localizada_kw": 0.0, "capacidade_lag_kw": 0.0, "pot_sem_homologacao_kw": 0.0, "n_unidades": 0.0, "n_sem_homologacao": 0.0, "capacidade_mmgd_kw": 0.0, "fonte": null, "fator_correcao": null, "capacidade_mmgd_corrigida_kw": 0.0 }, "geometry": { "type": "Polygon", "coordinates": [ [ [ -43.421366593001927, -22.924046385728776 ], [ -43.421401074888841, -22.924107679386477 ], [ -43.421472247489262, -22.924128435440625 ], [ -43.421538418808176, -22.924096495256396 ], [ -43.421560826544372, -22.924030568982523 ], [ -43.421526344600558, -22.923969275356026 ], [ -43.421455172071923, -22.923948519329929 ], [ -43.421389000809917, -22.923980459482948 ], [ -43.421366593001927, -22.924046385728776 ] ] ] } },
{ "type": "Feature", "properties": { "area_id": "LIGHT:612564864", "potencia_nominal_mva": 0.0, "n_trafos": 0, "origem": "semente", "profundidade": 1, "recorte_ignorado": false, "geometria_vazia": false, "area_km2": 0.0, "lat_sub": -22.87395, "lon_sub": -43.713137, "classificacao": "Transporte/manobra", "area_mae": "LIGHT:18520911", "distribuidora": "LIGHT", "cod_sub": "612564864", "nome": "SETD ZONA OESTE", "lat_rep": -22.87395, "lon_rep": -43.713137, "capacidade_mmgd_bdgd_kw": 0.0, "capacidade_homologada_localizada_kw": 0.0, "capacidade_lag_kw": 0.0, "pot_sem_homologacao_kw": 0.0, "n_unidades": 0.0, "n_sem_homologacao": 0.0, "capacidade_mmgd_kw": 0.0, "fonte": null, "fator_correcao": null, "capacidade_mmgd_corrigida_kw": 0.0 }, "geometry": { "type": "Polygon", "coordinates": [ [ [ -43.713040416236062, -22.87395786287874 ], [ -43.713075021577374, -22.874019099495246 ], [ -43.713146220474023, -22.874039725887741 ], [ -43.713212305526596, -22.874007659376115 ], [ -43.713234564968431, -22.873941684110378 ], [ -43.71319995957149, -22.873880447525636 ], [ -43.713128760747225, -22.873859821160234 ], [ -43.713062675750287, -22.873891887640088 ], [ -43.713040416236062, -22.87395786287874 ] ] ] } },
{ "type": "Feature", "properties": { "area_id": "ENEL_RJ:ABD", "potencia_nominal_mva": 7.5, "n_trafos": 108, "origem": "fecho_trafos", "profundidade": 0, "recorte_ignorado": false, "geometria_vazia": false, "area_km2": 133.404, "lat_sub": -21.714505, "lon_sub": -41.185908, "classificacao": "Distribuição plena", "area_mae": null, "distribuidora": "ENEL RJ", "cod_sub": "ABD", "nome": "Abadia", "lat_rep": -21.650804, "lon_rep": -41.152776, "capacidade_mmgd_bdgd_kw": 15.2, "capacidade_homologada_localizada_kw": 166.0, "capacidade_lag_kw": 21.486, "pot_sem_homologacao_kw": 0.0, "n_unidades": 7.504, "n_sem_homologacao": 0.0, "capacidade_mmgd_kw": 187.486, "fonte": "Solar FV", "fator_correcao": null, "capacidade_mmgd_corrigida_kw": 187.486 }, "geometry": { "type": "Polygon", "coordinates": [ [ [ -41.235393569671736, -21.745744718969664 ], [ -41.234663243801037, -21.722434938353192 ], [ -41.208271367558794, -21.669006806100661 ], [ -41.186187076451247, -21.605209302319839 ], [ -41.184589800345591, -21.598409881013861 ], [ -41.184621622159675, -21.595389481007686 ], [ -41.185122022377527, -21.593804603395213 ], [ -41.166094682727739, -21.602639672162123 ], [ -41.162927757582572, -21.594839359446439 ], [ -41.159799811853333, -21.588581129502874 ], [ -41.146780800293293, -21.56567089649824 ], [ -41.142118701521092, -21.561885563920288 ], [ -41.106739032171966, -21.59751111600713 ], [ -41.104322343550805, -21.598956425237557 ], [ -41.101100702645859, -21.611028128657882 ], [ -41.101666862890305, -21.646633209360825 ], [ -41.104714475994626, -21.652659295299841 ], [ -41.12807839648292, -21.674273724509469 ], [ -41.126842500646006, -21.680083552001122 ], [ -41.148608414983919, -21.6932592080238 ], [ -41.14953214218658, -21.694113245810659 ], [ -41.168244796189754, -21.705141601120793 ], [ -41.235393569671736, -21.745744718969664 ] ] ] } },
{ "type": "Feature", "properties": { "area_id": "ENEL_RJ:ACU", "potencia_nominal_mva": 160.0, "n_trafos": 537, "origem": "fecho_trafos", "profundidade": 0, "recorte_ignorado": false, "geometria_vazia": false, "area_km2": 161.256, "lat_sub": -21.846974, "lon_sub": -41.033574, "classificacao": "Distribuição plena", "area_mae": null, "distribuidora": "ENEL RJ", "cod_sub": "ACU", "nome": "Acu", "lat_rep": -21.879123, "lon_rep": -41.053772, "capacidade_mmgd_bdgd_kw": 317.5, "capacidade_homologada_localizada_kw": 629.44, "capacidade_lag_kw": 70.412, "pot_sem_homologacao_kw": 0.0, "n_unidades": 64.99, "n_sem_homologacao": 0.0, "capacidade_mmgd_kw": 699.852, "fonte": "Solar FV", "fator_correcao": null, "capacidade_mmgd_corrigida_kw": 699.852 }, "geometry": { "type": "MultiPolygon", "coordinates": [ [ [ [ -41.009770242044979, -22.021207877147887 ], [ -41.000051673636598, -22.01496632513739 ], [ -40.991794362152746, -22.008546796650656 ], [ -40.989335674620655, -22.004786366760801 ], [ -40.986671618023195, -21.998931116966876 ], [ -40.98672110837564, -21.984133374095748 ], [ -40.98351605719116, -21.996503058943361 ], [ -40.990800000936012, -22.010299999330918 ], [ -41.004000020692217, -22.021100011114598 ], [ -41.025599986232386, -22.032699992607686 ], [ -41.040809652376403, -22.039668295937492 ], [ -41.022574862925467, -22.028937662700926 ], [ -41.009770242044979, -22.021207877147887 ] ] ], [ [ [ -41.12489009394497, -21.820860248986765 ], [ -41.108283419875107, -21.822374320633436 ], [ -41.099775359417123, -21.818471460240378 ], [ -41.09239686590378, -21.810757377050127 ], [ -41.087002033474633, -21.812610842148001 ], [ -41.076617738957275, -21.807845405602219 ], [ -41.05642735529532, -21.823111497494999 ], [ -41.025643551569367, -21.833676174474679 ], [ -41.021566892970014, -21.849455003315772 ], [ -40.993068006573253, -21.870977250546972 ], [ -40.986970153907691, -21.893785528268932 ], [ -40.984832462370512, -21.904124182485369 ], [ -40.984375925759274, -21.907117576861008 ], [ -40.980385892356686, -21.94568858801782 ], [ -41.0192910167696, -21.943681162489586 ], [ -41.02961247241759, -21.939878195740459 ], [ -41.110770189303793, -21.901546240159522 ], [ -41.117463166198299, -21.876001902866605 ], [ -41.158755087053208, -21.862615253817943 ], [ -41.157229703384701, -21.844815327679761 ], [ -41.121821610777666, -21.828583361914429 ], [ -41.12489009394497, -21.820860248986765 ] ], [ [ -40.995891685859306, -21.871523200624932 ], [ -40.995868355765573, -21.871588675038694 ], [ -40.995802258462398, -21.871619574113886 ], [ -40.995732112898004, -21.871597797574367 ], [ -40.995699009435484, -21.87153610184583 ], [ -40.99572233958984, -21.871470627466266 ], [ -40.995788436830246, -21.871439728415048 ], [ -40.995858582334009, -21.871461504920369 ], [ -40.995891685859306, -21.871523200624932 ] ], [ [ -41.012048828552899, -21.882843884012338 ], [ -41.012018738695687, -21.882906912292576 ], [ -41.011949710767887, -21.882931621709293 ], [ -41.011882180445262, -21.882903537809447 ], [ -41.011855706108371, -21.88283911178759 ], [ -41.011885796012884, -21.882776083545551 ], [ -41.011954823867292, -21.882751374145737 ], [ -41.012022354142616, -21.882779458007388 ], [ -41.012048828552899, -21.882843884012338 ] ], [ [ -41.019825346741243, -21.870537074656511 ], [ -41.019809015504897, -21.870604372367268 ], [ -41.019746486249254, -21.870641180014129 ], [ -41.019674387799384, -21.870625936155434 ], [ -41.019634954500056, -21.870567570457187 ], [ -41.019651285808152, -21.870500272775207 ], [ -41.019713815014164, -21.870463465158565 ], [ -41.019785913392276, -21.870478708988482 ], [ -41.019825346741243, -21.870537074656511 ] ], [ [ -41.019954690796673, -21.870247022552469 ], [ -41.019945505187373, -21.870315490382488 ], [ -41.019887142336408, -21.870357841701349 ], [ -41.019813790434746, -21.870349267655946 ], [ -41.019768418088262, -21.870294790821507 ], [ -41.019777603777619, -21.870226323013817 ], [ -41.019835966593902, -21.87018397173021 ], [ -41.019909318415507, -21.870192545753284 ], [ -41.019954690796673, -21.870247022552469 ] ], [ [ -41.021244984559175, -21.868279572504598 ], [ -41.021243033734663, -21.868348551167621 ], [ -41.02118940039793, -21.868396038823267 ], [ -41.021115502243234, -21.868394217819382 ], [ -41.021064627867673, -21.868344154886003 ], [ -41.021066578777457, -21.868275176238001 ], [ -41.021120212095802, -21.868227688621285 ], [ -41.021194110165219, -21.868229509610142 ], [ -41.021244984559175, -21.868279572504598 ] ], [ [ -41.033567315574288, -21.850579981406337 ], [ -41.033572624235845, -21.850648806908378 ], [ -41.033524246693425, -21.850700978213702 ], [ -41.033450521856182, -21.850705934050101 ], [ -41.033394636795613, -21.850660771360932 ], [ -41.03338932822119, -21.850591945865983 ], [ -41.03343770576226, -21.850539774601742 ], [ -41.033511430512362, -21.850534818758241 ], [ -41.033567315574288, -21.850579981406337 ] ], [ [ -41.041720291804104, -21.839643813505731 ], [ -41.04173280511592, -21.839711821717447 ], [ -41.041690145070426, -21.839768171664652 ], [ -41.041617301332657, -21.839779854283069 ], [ -41.041556944836749, -21.83974002605251 ], [ -41.041544431610589, -21.83967201783971 ], [ -41.041587091671786, -21.839615667934144 ], [ -41.041659935323885, -21.839603985316813 ], [ -41.041720291804104, -21.839643813505731 ] ] ], [ [ [ -41.158755087053208, -21.862615253817943 ], [ -41.158755208235739, -21.862616667914669 ], [ -41.167640098968427, -21.859734774202568 ], [ -41.158755087053208, -21.862615253817943 ] ] ] ] } },
{ "type": "Feature", "properties": { "area_id": "ENEL_RJ:ADR", "potencia_nominal_mva": 0.0, "n_trafos": 0, "origem": "semente", "profundidade": 1, "recorte_ignorado": false, "geometria_vazia": false, "area_km2": 0.0, "lat_sub": -22.66352, "lon_sub": -43.47658, "classificacao": "Transporte/manobra", "area_mae": "ENEL_RJ:SCS", "distribuidora": "ENEL RJ", "cod_sub": "ADR", "nome": "Adrianopolis", "lat_rep": -22.66352, "lon_rep": -43.47658, "capacidade_mmgd_bdgd_kw": 0.0, "capacidade_homologada_localizada_kw": 0.0, "capacidade_lag_kw": 0.0, "pot_sem_homologacao_kw": 0.0, "n_unidades": 0.0, "n_sem_homologacao": 0.0, "capacidade_mmgd_kw": 0.0, "fonte": null, "fator_correcao": null, "capacidade_mmgd_corrigida_kw": 0.0 }, "geometry": { "type": "Polygon", "coordinates": [ [ [ -43.476482799644828, -22.663528114903112 ], [ -43.476517248928658, -22.663589396308744 ], [ -43.476588298803556, -22.663610121406766 ], [ -43.476654329166109, -22.663578149696395 ], [ -43.476676660286124, -22.663512209793726 ], [ -43.476642210946373, -22.66345092841901 ], [ -43.476571161142338, -22.663430203348554 ], [ -43.476505130835704, -22.663462175028023 ], [ -43.476482799644828, -22.663528114903112 ] ] ] } },
{ "type": "Feature", "properties": { "area_id": "ENEL_RJ:ALC", "potencia_nominal_mva": 451.9, "n_trafos": 2539, "origem": "fecho_trafos", "profundidade": 1, "recorte_ignorado": false, "geometria_vazia": false, "area_km2": 23.756, "lat_sub": -22.814675, "lon_sub": -42.998656, "classificacao": "Distribuição plena", "area_mae": null, "distribuidora": "ENEL RJ", "cod_sub": "ALC", "nome": "Alcantara", "lat_rep": -22.818674, "lon_rep": -42.992123, "capacidade_mmgd_bdgd_kw": 2850.33, "capacidade_homologada_localizada_kw": 11149.46, "capacidade_lag_kw": 2106.11, "pot_sem_homologacao_kw": 0.0, "n_unidades": 1785.484, "n_sem_homologacao": 0.0, "capacidade_mmgd_kw": 13255.57, "fonte": "Solar FV", "fator_correcao": null, "capacidade_mmgd_corrigida_kw": 13255.57 }, "geometry": { "type": "Polygon", "coordinates": [ [ [ -43.024662746987602, -22.805569018049002 ], [ -43.021952773182882, -22.800796910127687 ], [ -43.008268996630839, -22.791146295835301 ], [ -43.00731630206328, -22.790712688456683 ], [ -43.003350686252119, -22.789868277889838 ], [ -42.979446686136953, -22.790107886431791 ], [ -42.998171432893166, -22.789921419205271 ], [ -42.966981910852006, -22.817746633196965 ], [ -42.969950033049876, -22.80940035200339 ], [ -42.961348184890227, -22.833576806857913 ], [ -42.959985146084605, -22.843660583701297 ], [ -42.960292842943225, -22.845819891293932 ], [ -42.961158719414598, -22.846351360626183 ], [ -42.966655456493562, -22.846568339576567 ], [ -42.967704868906139, -22.846469680797341 ], [ -42.970890983504496, -22.845630105715021 ], [ -42.976677167596449, -22.838928481444338 ], [ -42.997694564229974, -22.837930647572417 ], [ -43.006667477842072, -22.834037099270429 ], [ -43.006992930688348, -22.833752109044376 ], [ -43.017105319026314, -22.819594525765762 ], [ -43.021598928547895, -22.812375883701577 ], [ -43.02338410618772, -22.808409906140923 ], [ -43.023796890158678, -22.808336357163085 ], [ -43.023541651212007, -22.808059887028772 ], [ -43.024662746987602, -22.805569018049002 ] ] ] } },
{ "type": "Feature", "properties": { "area_id": "ENEL_RJ:ALP", "potencia_nominal_mva": 0.0, "n_trafos": 0, "origem": "semente", "profundidade": 1, "recorte_ignorado": false, "geometria_vazia": false, "area_km2": 0.0, "lat_sub": -22.351712, "lon_sub": -41.875043, "classificacao": "Transporte/manobra", "area_mae": null, "distribuidora": "ENEL RJ", "cod_sub": "ALP", "nome": "Almeida Pereira", "lat_rep": -22.351712, "lon_rep": -41.875043, "capacidade_mmgd_bdgd_kw": 0.0, "capacidade_homologada_localizada_kw": 0.0, "capacidade_lag_kw": 0.0, "pot_sem_homologacao_kw": 0.0, "n_unidades": 0.0, "n_sem_homologacao": 0.0, "capacidade_mmgd_kw": 0.0, "fonte": null, "fator_correcao": null, "capacidade_mmgd_corrigida_kw": 0.0 }, "geometry": { "type": "Polygon", "coordinates": [ [ [ -41.874946572780836, -22.351718975098674 ], [ -41.874980217567192, -22.351780531400827 ], [ -41.875050801172641, -22.351801928417597 ], [ -41.875116976632135, -22.351770632044083 ], [ -41.875139979216108, -22.351704975290321 ], [ -41.87510633436878, -22.35164341901497 ], [ -41.875035750828445, -22.351622022030305 ], [ -41.874969575429922, -22.351653318377011 ], [ -41.874946572780836, -22.351718975098674 ] ] ] } },
{ "type": "Feature", "properties": { "area_id": "ENEL_RJ:AMBEV", "potencia_nominal_mva": 0.0, "n_trafos": 0, "origem": "semente", "profundidade": 0, "recorte_ignorado": false, "geometria_vazia": false, "area_km2": 184.183, "lat_sub": -22.520541, "lon_sub": -42.698655, "classificacao": "Transporte/manobra", "area_mae": null, "distribuidora": "ENEL RJ", "cod_sub": "AMBEV", "nome": "AMBEV SA", "lat_rep": -22.51129, "lon_rep": -42.727995, "capacidade_mmgd_bdgd_kw": 0.0, "capacidade_homologada_localizada_kw": 0.0, "capacidade_lag_kw": 0.0, "pot_sem_homologacao_kw": 0.0, "n_unidades": 0.0, "n_sem_homologacao": 0.0, "capacidade_mmgd_kw": 0.0, "fonte": null, "fator_correcao": null, "capacidade_mmgd_corrigida_kw": 0.0 }, "geometry": { "type": "Polygon", "coordinates": [ [ [ -42.84112503671453, -22.487632983906753 ], [ -42.79494766113568, -22.402182651971621 ], [ -42.572312334986414, -22.58720549377929 ], [ -42.575880948861851, -22.588382004503554 ], [ -42.677738598095139, -22.560558535432058 ], [ -42.684757420015202, -22.552225775949363 ], [ -42.692340189183639, -22.554535726568979 ], [ -42.694627591978922, -22.555937610373 ], [ -42.787324584266372, -22.530537129465419 ], [ -42.794919880049896, -22.493800299167923 ], [ -42.796239984298069, -22.491381042408793 ], [ -42.84112503671453, -22.487632983906753 ] ] ] } },
{ "type": "Feature", "properties": { "area_id": "ENEL_RJ:ANG", "potencia_nominal_mva": 83.3, "n_trafos": 1454, "origem": "fecho_trafos", "profundidade": 0, "recorte_ignorado": false, "geometria_vazia": false, "area_km2": 142.055, "lat_sub": -23.000567, "lon_sub": -44.301182, "classificacao": "Distribuição plena", "area_mae": null, "distribuidora": "ENEL RJ", "cod_sub": "ANG", "nome": "Angra dos Reis", "lat_rep": -22.938892, "lon_rep": -44.285787, "capacidade_mmgd_bdgd_kw": 1481.8, "capacidade_homologada_localizada_kw": 6629.41, "capacidade_lag_kw": 1247.416, "pot_sem_homologacao_kw": 0.0, "n_unidades": 815.595, "n_sem_homologacao": 0.0, "capacidade_mmgd_kw": 7876.826, "fonte": "Solar FV", "fator_correcao": null, "capacidade_mmgd_corrigida_kw": 7876.826 }, "geometry": { "type": "MultiPolygon", "coordinates": [ [ [ [ -44.390699980199315, -23.041999987204008 ], [ -44.374300000537836, -23.031400001651193 ], [ -44.372, -23.0368 ], [ -44.364, -23.041 ], [ -44.3521, -23.037 ], [ -44.3478, -23.0428 ], [ -44.3515, -23.0539 ], [ -44.357999999401272, -23.058799998228171 ], [ -44.3619, -23.0463 ], [ -44.3748, -23.0439 ], [ -44.381399999936789, -23.046199998754158 ], [ -44.390699980199315, -23.041999987204008 ] ] ], [ [ [ -44.338099783186216, -22.923300158276302 ], [ -44.343287259959986, -22.922741393101013 ], [ -44.333070987397143, -22.913598044764527 ], [ -44.3329206336008, -22.913240612076262 ], [ -44.324821725443329, -22.89868494416611 ], [ -44.328714311162024, -22.879836079893764 ], [ -44.331590254458888, -22.877223604087902 ], [ -44.389831639542798, -22.891899866635789 ], [ -44.391228026533788, -22.852806933258478 ], [ -44.391199979026283, -22.852800011746435 ], [ -44.3812, -22.8584 ], [ -44.373496031960819, -22.855887269306852 ], [ -44.313807996659321, -22.88415682539323 ], [ -44.284391799282595, -22.871225482463277 ], [ -44.260801717269651, -22.869410096834283 ], [ -44.250177180078282, -22.872642347298964 ], [ -44.248287568043395, -22.873530596699997 ], [ -44.246283144912212, -22.877522382246791 ], [ -44.242905853340069, -22.884418689017441 ], [ -44.253503726920236, -22.966991232860696 ], [ -44.26390825024643, -22.99019357119116 ], [ -44.266347324233251, -22.991518922311847 ], [ -44.268645933075128, -22.996159587580784 ], [ -44.267934740735335, -22.999170497785901 ], [ -44.26801736844601, -22.999354693809856 ], [ -44.27009614381258, -23.002705121895801 ], [ -44.2729, -23.0037 ], [ -44.2799, -23.0142 ], [ -44.2884, -23.0173 ], [ -44.289700001022297, -23.023699999147265 ], [ -44.2984, -23.0261 ], [ -44.3039, -23.0217 ], [ -44.2971, -23.0098 ], [ -44.3032, -23.0024 ], [ -44.3288, -23.0158 ], [ -44.335, -23.0239 ], [ -44.346, -23.0268 ], [ -44.363, -23.0156 ], [ -44.3563, -23.0071 ], [ -44.3549, -22.9985 ], [ -44.3454, -22.9915 ], [ -44.3372, -22.9909 ], [ -44.333, -22.9957 ], [ -44.3118, -22.9789 ], [ -44.311, -22.9695 ], [ -44.3016, -22.9573 ], [ -44.3189, -22.9565 ], [ -44.3354, -22.9646 ], [ -44.3333, -22.9468 ], [ -44.3227, -22.9421 ], [ -44.3207, -22.936 ], [ -44.338099783186216, -22.923300158276302 ] ] ] ] } },
{ "type": "Feature", "properties": { "area_id": "ENEL_RJ:ANG-FURNAS", "potencia_nominal_mva": 0.0, "n_trafos": 37, "origem": "fecho_trafos", "profundidade": 1, "recorte_ignorado": false, "geometria_vazia": false, "area_km2": 0.022, "lat_sub": -23.004605, "lon_sub": -44.455429, "classificacao": "Distribuição plena", "area_mae": null, "distribuidora": "ENEL RJ", "cod_sub": "ANG-FURNAS", "nome": "AngraFurnas", "lat_rep": -23.003247, "lon_rep": -44.462472, "capacidade_mmgd_bdgd_kw": 7.6, "capacidade_homologada_localizada_kw": 14.4, "capacidade_lag_kw": 2.714, "pot_sem_homologacao_kw": 0.0, "n_unidades": 6.268, "n_sem_homologacao": 0.0, "capacidade_mmgd_kw": 17.114, "fonte": "Solar FV", "fator_correcao": null, "capacidade_mmgd_corrigida_kw": 17.114 }, "geometry": { "type": "Polygon", "coordinates": [ [ [ -44.463195819114951, -23.002734982281975 ], [ -44.460394136101051, -23.003755301391852 ], [ -44.460394117241833, -23.003755309288813 ], [ -44.463066903077411, -23.004172548415834 ], [ -44.463195819114951, -23.002734982281975 ] ] ] } },
{ "type": "Feature", "properties": { "area_id": "ENEL_RJ:ARA", "potencia_nominal_mva": 60.0, "n_trafos": 1125, "origem": "fecho_trafos", "profundidade": 1, "recorte_ignorado": false, "geometria_vazia": false, "area_km2": 121.257, "lat_sub": -22.86779, "lon_sub": -42.338227, "classificacao": "Distribuição plena", "area_mae": null, "distribuidora": "ENEL RJ", "cod_sub": "ARA", "nome": "Araruama", "lat_rep": -22.86447, "lon_rep": -42.360087, "capacidade_mmgd_bdgd_kw": 2288.5, "capacidade_homologada_localizada_kw": 11130.11, "capacidade_lag_kw": 1929.998, "pot_sem_homologacao_kw": 0.0, "n_unidades": 1965.588, "n_sem_homologacao": 0.0, "capacidade_mmgd_kw": 13060.108, "fonte": "Solar FV", "fator_correcao": null, "capacidade_mmgd_corrigida_kw": 13060.108 }, "geometry": { "type": "Polygon", "coordinates": [ [ [ -42.423746048729534, -22.782869154493259 ], [ -42.388845835710434, -22.80983336988298 ], [ -42.381021420493774, -22.851438249190583 ], [ -42.372902862526672, -22.860646345227554 ], [ -42.370764699265138, -22.861637156845752 ], [ -42.366297447738241, -22.860645758382159 ], [ -42.324596298271658, -22.86122934181704 ], [ -42.301156288727341, -22.883530939784379 ], [ -42.29463538263451, -22.882524061988043 ], [ -42.264557768262243, -22.905701382771657 ], [ -42.250351614109412, -22.941032066467585 ], [ -42.2812, -22.9395 ], [ -42.3548, -22.9356 ], [ -42.3816, -22.9357 ], [ -42.392329021685811, -22.935980650762961 ], [ -42.398909070951426, -22.903949558460088 ], [ -42.398366798069475, -22.90187284010619 ], [ -42.398357701960002, -22.895542217285726 ], [ -42.401381475233258, -22.891909053694651 ], [ -42.405227470983696, -22.873173738685836 ], [ -42.40210078565147, -22.869410125202517 ], [ -42.398597237233759, -22.867810999797257 ], [ -42.3983173443767, -22.867748308696157 ], [ -42.398303950196137, -22.858610031110246 ], [ -42.400689092870159, -22.835330010999428 ], [ -42.403414508470746, -22.833586593407095 ], [ -42.407736230367064, -22.831284000915709 ], [ -42.414265893758525, -22.829117846533315 ], [ -42.423746048729534, -22.782869154493259 ] ] ] } },
{ "type": "Feature", "properties": { "area_id": "ENEL_RJ:ARAPEI", "potencia_nominal_mva": 0.0, "n_trafos": 0, "origem": "semente", "profundidade": 1, "recorte_ignorado": false, "geometria_vazia": false, "area_km2": 0.0, "lat_sub": -22.488304, "lon_sub": -44.447976, "classificacao": "Transporte/manobra", "area_mae": "ENEL_RJ:RSD", "distribuidora": "ENEL RJ", "cod_sub": "ARAPEI", "nome": "ELEKTRO", "lat_rep": -22.488304, "lon_rep": -44.447976, "capacidade_mmgd_bdgd_kw": 0.0, "capacidade_homologada_localizada_kw": 0.0, "capacidade_lag_kw": 0.0, "pot_sem_homologacao_kw": 0.0, "n_unidades": 0.0, "n_sem_homologacao": 0.0, "capacidade_mmgd_kw": 0.0, "fonte": null, "fator_correcao": null, "capacidade_mmgd_corrigida_kw": 0.0 }, "geometry": { "type": "Polygon", "coordinates": [ [ [ -44.447879488057424, -22.488312113024172 ], [ -44.447914334974371, -22.488373200705684 ], [ -44.447985458602894, -22.488393498444665 ], [ -44.448051195634363, -22.488361116083716 ], [ -44.448073038170961, -22.488295022793753 ], [ -44.448038191202329, -22.488233935144958 ], [ -44.447967067646573, -22.488213637430331 ], [ -44.447901330666781, -22.488246019758567 ], [ -44.447879488057424, -22.488312113024172 ] ] ] } },
{ "type": "Feature", "properties": { "area_id": "ENEL_RJ:ARC", "potencia_nominal_mva": 12.5, "n_trafos": 338, "origem": "fecho_trafos", "profundidade": 0, "recorte_ignorado": false, "geometria_vazia": false, "area_km2": 13.502, "lat_sub": -22.961864, "lon_sub": -42.027608, "classificacao": "Distribuição plena", "area_mae": null, "distribuidora": "ENEL RJ", "cod_sub": "ARC", "nome": "Arraial do Cabo", "lat_rep": -22.969258, "lon_rep": -42.02666, "capacidade_mmgd_bdgd_kw": 1407.8, "capacidade_homologada_localizada_kw": 2903.5, "capacidade_lag_kw": 639.309, "pot_sem_homologacao_kw": 0.0, "n_unidades": 487.595, "n_sem_homologacao": 0.0, "capacidade_mmgd_kw": 3542.809, "fonte": "Solar FV", "fator_correcao": null, "capacidade_mmgd_corrigida_kw": 3542.809 }, "geometry": { "type": "Polygon", "coordinates": [ [ [ -42.167182782189798, -22.946144561914565 ], [ -42.166702172609931, -22.945482489703586 ], [ -42.113783027202111, -22.94971583295246 ], [ -42.042081803530564, -22.952604690933278 ], [ -42.033576291530686, -22.950695152478431 ], [ -42.027768845213046, -22.949195638608408 ], [ -42.02704890639825, -22.947032524521337 ], [ -42.023900001449441, -22.947900000709321 ], [ -42.0268, -22.9563 ], [ -42.018, -22.9601 ], [ -42.010700000437879, -22.952300002057044 ], [ -42.007100001251082, -22.962199999650572 ], [ -42.0199, -22.9714 ], [ -42.008000001438106, -22.984099999991884 ], [ -42.015299999784254, -22.991699998306654 ], [ -42.0197, -22.9841 ], [ -42.029299999290423, -22.982799999083682 ], [ -42.0379, -22.9672 ], [ -42.0479, -22.962 ], [ -42.0739, -22.9555 ], [ -42.135, -22.9487 ], [ -42.167182782189798, -22.946144561914565 ] ] ] } },
{ "type": "Feature", "properties": { "area_id": "ENEL_RJ:ARL", "potencia_nominal_mva": 75.0, "n_trafos": 1895, "origem": "fecho_trafos", "profundidade": 0, "recorte_ignorado": false, "geometria_vazia": false, "area_km2": 482.25, "lat_sub": -22.2266, "lon_sub": -43.089074, "classificacao": "Distribuição plena", "area_mae": null, "distribuidora": "ENEL RJ", "cod_sub": "ARL", "nome": "Areal", "lat_rep": -22.207957, "lon_rep": -43.015347, "capacidade_mmgd_bdgd_kw": 1769.73, "capacidade_homologada_localizada_kw": 7678.91, "capacidade_lag_kw": 1115.656, "pot_sem_homologacao_kw": 0.0, "n_unidades": 507.3, "n_sem_homologacao": 0.0, "capacidade_mmgd_kw": 8794.566, "fonte": "Solar FV", "fator_correcao": null, "capacidade_mmgd_corrigida_kw": 8794.566 }, "geometry": { "type": "MultiPolygon", "coordinates": [ [ [ [ -43.108573870814126, -22.310072635120143 ], [ -43.122253266830938, -22.300462688627981 ], [ -43.108573715687577, -22.31007247488888 ], [ -43.108573870814126, -22.310072635120143 ] ] ], [ [ [ -43.119543805102467, -22.135478155592352 ], [ -43.099614146875354, -22.09581069061084 ], [ -43.076849429863714, -22.087813890919513 ], [ -43.0755, -22.0929 ], [ -43.0662, -22.0898 ], [ -43.0531, -22.0817 ], [ -43.048051188595132, -22.077691934656205 ], [ -43.026812569631097, -22.070222945622884 ], [ -43.017162131627003, -22.086353262592922 ], [ -42.964113063603683, -22.101596532017091 ], [ -43.025775632239572, -22.069858197098089 ], [ -42.951519474244321, -22.108073786675849 ], [ -42.921637491976639, -22.129829263809427 ], [ -42.902262656995958, -22.15747515105733 ], [ -42.909659033137814, -22.223948201048586 ], [ -42.917819593799152, -22.230932322568606 ], [ -43.033944196816364, -22.308017434407109 ], [ -43.018333225954265, -22.297664037628735 ], [ -43.026216286510461, -22.314701790823811 ], [ -43.039618274368728, -22.311779832657024 ], [ -43.055398550402742, -22.322241476462914 ], [ -43.065625279013645, -22.324901385941793 ], [ -43.096404266843429, -22.309044501002859 ], [ -43.10572319895401, -22.312074942386214 ], [ -43.108573715687577, -22.31007247488888 ], [ -43.10721781764812, -22.308671958643913 ], [ -43.106463601349866, -22.307437421158888 ], [ -43.148694758654607, -22.275033218678871 ], [ -43.15497181059029, -22.277467028042906 ], [ -43.168512632452007, -22.267945776676182 ], [ -43.174118676036016, -22.261987769020262 ], [ -43.176709172190883, -22.255231493679176 ], [ -43.135887360013612, -22.242105111161884 ], [ -43.133553790531764, -22.241057368743938 ], [ -43.117194177886823, -22.191851820602981 ], [ -43.126510416822214, -22.173985591361884 ], [ -43.135667359074965, -22.16917143462403 ], [ -43.176787635440974, -22.255026853606356 ], [ -43.119543805102467, -22.135478155592352 ] ], [ [ -43.089482089415654, -22.226344201999726 ], [ -43.089428941840019, -22.226392451459617 ], [ -43.089354716396819, -22.226391579425577 ], [ -43.089302893406042, -22.226342096728441 ], [ -43.089303830066548, -22.22627298968942 ], [ -43.089356977633287, -22.226224740269625 ], [ -43.08943120298877, -22.226225612296435 ], [ -43.089483025988443, -22.226275094953486 ], [ -43.089482089415654, -22.226344201999726 ] ] ], [ [ [ -43.176709176170043, -22.255231494958686 ], [ -43.176787635440974, -22.255026853606356 ], [ -43.176709172190883, -22.255231493679176 ], [ -43.176709176170043, -22.255231494958686 ] ] ] ] } },
{ "type": "Feature", "properties": { "area_id": "ENEL_RJ:ARLANXEO", "potencia_nominal_mva": 0.0, "n_trafos": 0, "origem": "semente", "profundidade": 1, "recorte_ignorado": false, "geometria_vazia": false, "area_km2": 0.0, "lat_sub": -22.716907, "lon_sub": -43.249622, "classificacao": "Transporte/manobra", "area_mae": null, "distribuidora": "ENEL RJ", "cod_sub": "ARLANXEO", "nome": "ARLANXEO BRASIL SA", "lat_rep": -22.716907, "lon_rep": -43.249622, "capacidade_mmgd_bdgd_kw": 0.0, "capacidade_homologada_localizada_kw": 0.0, "capacidade_lag_kw": 0.0, "pot_sem_homologacao_kw": 0.0, "n_unidades": 0.0, "n_sem_homologacao": 0.0, "capacidade_mmgd_kw": 0.0, "fonte": null, "fator_correcao": null, "capacidade_mmgd_corrigida_kw": 0.0 }, "geometry": { "type": "Polygon", "coordinates": [ [ [ -43.249525233690541, -22.716914777679559 ], [ -43.249559590331373, -22.716976102349658 ], [ -43.249630626075401, -22.716996927719791 ], [ -43.24969672909716, -22.716965054550577 ], [ -43.249719177102975, -22.716899153733745 ], [ -43.2496848204052, -22.716837829094136 ], [ -43.249613784731629, -22.71681700375234 ], [ -43.249547681766806, -22.716848876891071 ], [ -43.249525233690541, -22.716914777679559 ] ] ] } },
{ "type": "Feature", "properties": { "area_id": "ENEL_RJ:ARO", "potencia_nominal_mva": 0.0, "n_trafos": 0, "origem": "semente", "profundidade": 2, "recorte_ignorado": false, "geometria_vazia": false, "area_km2": 0.0, "lat_sub": -22.373572, "lon_sub": -41.805848, "classificacao": "Transporte/manobra", "area_mae": "ENEL_RJ:MAC", "distribuidora": "ENEL RJ", "cod_sub": "ARO", "nome": "Aroeira", "lat_rep": -22.373572, "lon_rep": -41.805848, "capacidade_mmgd_bdgd_kw": 0.0, "capacidade_homologada_localizada_kw": 0.0, "capacidade_lag_kw": 0.0, "pot_sem_homologacao_kw": 0.0, "n_unidades": 0.0, "n_sem_homologacao": 0.0, "capacidade_mmgd_kw": 0.0, "fonte": null, "fator_correcao": null, "capacidade_mmgd_corrigida_kw": 0.0 }, "geometry": { "type": "Polygon", "coordinates": [ [ [ -41.805752887074235, -22.373588004777559 ], [ -41.805792830101936, -22.373646211468699 ], [ -41.80586532799434, -22.373661101456886 ], [ -41.80592791241606, -22.373623952370341 ], [ -41.805943922227968, -22.373556525662973 ], [ -41.805903979152831, -22.373498319004312 ], [ -41.805831481336135, -22.373483429042647 ], [ -41.805768896961858, -22.373520578096706 ], [ -41.805752887074235, -22.373588004777559 ] ] ] } },
{ "type": "Feature", "properties": { "area_id": "ENEL_RJ:ARS", "potencia_nominal_mva": 100.0, "n_trafos": 1386, "origem": "fecho_trafos", "profundidade": 0, "recorte_ignorado": false, "geometria_vazia": false, "area_km2": 40.445, "lat_sub": -22.860973, "lon_sub": -43.001219, "classificacao": "Distribuição plena", "area_mae": null, "distribuidora": "ENEL RJ", "cod_sub": "ARS", "nome": "Arsenal", "lat_rep": -22.860214, "lon_rep": -42.990637, "capacidade_mmgd_bdgd_kw": 2404.8, "capacidade_homologada_localizada_kw": 7023.69, "capacidade_lag_kw": 1321.862, "pot_sem_homologacao_kw": 0.0, "n_unidades": 1098.482, "n_sem_homologacao": 0.0, "capacidade_mmgd_kw": 8345.552, "fonte": "Solar FV", "fator_correcao": null, "capacidade_mmgd_corrigida_kw": 8345.552 }, "geometry": { "type": "MultiPolygon", "coordinates": [ [ [ [ -43.066385759284671, -22.877316374387078 ], [ -43.041061355006072, -22.849198814977356 ], [ -43.04044660255262, -22.837885608474281 ], [ -43.040705326740159, -22.837846978731825 ], [ -43.025712456168691, -22.834367206398717 ], [ -43.010993202090525, -22.828153072758273 ], [ -43.006992976854136, -22.833752044804676 ], [ -43.006667513563258, -22.834037062634245 ], [ -42.997694650116586, -22.837930606801432 ], [ -42.976678264831179, -22.838926909569267 ], [ -42.956420652677522, -22.862386514416862 ], [ -42.955196345281344, -22.864888336522981 ], [ -42.950374062471091, -22.865969197725054 ], [ -42.953222606986003, -22.868921154968799 ], [ -42.951937815061179, -22.871546863446373 ], [ -42.952693667259624, -22.873770187297772 ], [ -42.965361545483226, -22.886650320289345 ], [ -42.970048116533825, -22.886353127973582 ], [ -42.97366984579147, -22.890104451097674 ], [ -42.979128266895742, -22.890986327548216 ], [ -42.971884994526434, -22.88623683635095 ], [ -43.001699962689962, -22.884341722130902 ], [ -43.024900940171953, -22.858034927114922 ], [ -43.052787033187279, -22.87488334614417 ], [ -43.060181872020188, -22.880222653730836 ], [ -43.063670948445036, -22.879541706288453 ], [ -43.066385759284671, -22.877316374387078 ] ] ], [ [ [ -43.062554620895639, -22.880456703785093 ], [ -43.062554314418215, -22.880456723347308 ], [ -43.060672951647945, -22.880577185748628 ], [ -43.062554620895639, -22.880456703785093 ] ] ] ] } },
{ "type": "Feature", "properties": { "area_id": "ENEL_RJ:AVI", "potencia_nominal_mva": 58.3, "n_trafos": 2269, "origem": "fecho_trafos", "profundidade": 0, "recorte_ignorado": false, "geometria_vazia": false, "area_km2": 268.906, "lat_sub": -22.599465, "lon_sub": -43.037957, "classificacao": "Distribuição plena", "area_mae": null, "distribuidora": "ENEL RJ", "cod_sub": "AVI", "nome": "Augusto Vieira", "lat_rep": -22.615554, "lon_rep": -43.040414, "capacidade_mmgd_bdgd_kw": 2761.8, "capacidade_homologada_localizada_kw": 10010.61, "capacidade_lag_kw": 1578.01, "pot_sem_homologacao_kw": 0.0, "n_unidades": 1375.228, "n_sem_homologacao": 0.0, "capacidade_mmgd_kw": 11588.62, "fonte": "Solar FV", "fator_correcao": null, "capacidade_mmgd_corrigida_kw": 11588.62 }, "geometry": { "type": "Polygon", "coordinates": [ [ [ -43.14998598910951, -22.578483808759685 ], [ -43.089531589405496, -22.540517500457067 ], [ -43.086387360255884, -22.536052659108233 ], [ -43.068676511835847, -22.521077536166118 ], [ -43.060797336123066, -22.528526998678888 ], [ -43.029522917777655, -22.522119993284413 ], [ -43.0173696802064, -22.531636398923521 ], [ -43.02036942395268, -22.544347983063172 ], [ -42.975322428291669, -22.581033436777997 ], [ -42.950321489455227, -22.629806999415369 ], [ -42.954027165579454, -22.693240652538485 ], [ -43.047137534636917, -22.688449138472649 ], [ -43.051144513964402, -22.691948410732468 ], [ -43.051908092122808, -22.691927050746518 ], [ -43.0572, -22.6852 ], [ -43.0664, -22.6868 ], [ -43.0809, -22.6797 ], [ -43.0929, -22.6859 ], [ -43.1004, -22.686 ], [ -43.107600000733655, -22.693699999006061 ], [ -43.111828972296301, -22.695109719310821 ], [ -43.113950229151946, -22.679754266934133 ], [ -43.120486395476178, -22.677674374273696 ], [ -43.11561897332728, -22.66767078480655 ], [ -43.126601276004159, -22.588080285761915 ], [ -43.14998598910951, -22.578483808759685 ] ], [ [ -43.028477891195585, -22.59992185795581 ], [ -43.028520085179856, -22.599864930717434 ], [ -43.028593273559792, -22.599852379875173 ], [ -43.028654583636161, -22.599891557536061 ], [ -43.0286681008158, -22.599959513986402 ], [ -43.028625906857158, -22.600016441265371 ], [ -43.028552718390898, -22.600028992116311 ], [ -43.028491408288893, -22.59998981441484 ], [ -43.028477891195585, -22.59992185795581 ] ] ] } },
{ "type": "Feature", "properties": { "area_id": "ENEL_RJ:BAR", "potencia_nominal_mva": 0.0, "n_trafos": 0, "origem": "semente", "profundidade": 1, "recorte_ignorado": false, "geometria_vazia": false, "area_km2": 0.0, "lat_sub": -22.456349, "lon_sub": -44.394512, "classificacao": "Transporte/manobra", "area_mae": null, "distribuidora": "ENEL RJ", "cod_sub": "BAR", "nome": "Barra", "lat_rep": -22.456349, "lon_rep": -44.394512, "capacidade_mmgd_bdgd_kw": 0.0, "capacidade_homologada_localizada_kw": 0.0, "capacidade_lag_kw": 0.0, "pot_sem_homologacao_kw": 0.0, "n_unidades": 0.0, "n_sem_homologacao": 0.0, "capacidade_mmgd_kw": 0.0, "fonte": null, "fator_correcao": null, "capacidade_mmgd_corrigida_kw": 0.0 }, "geometry": { "type": "Polygon", "coordinates": [ [ [ -44.394415419359923, -22.456357237249861 ], [ -44.394450234898599, -22.45641833605605 ], [ -44.394521333957329, -22.456438656941216 ], [ -44.394587067620321, -22.456406296189169 ], [ -44.394608929962878, -22.45634021031249 ], [ -44.394574114372411, -22.456279111538855 ], [ -44.394503015386171, -22.45625879067817 ], [ -44.39443728177497, -22.456291151397672 ], [ -44.394415419359923, -22.456357237249861 ] ] ] } },
{ "type": "Feature", "properties": { "area_id": "ENEL_RJ:BAX", "potencia_nominal_mva": 50.0, "n_trafos": 2594, "origem": "fecho_trafos", "profundidade": 0, "recorte_ignorado": false, "geometria_vazia": false, "area_km2": 378.356, "lat_sub": -22.890959, "lon_sub": -42.469691, "classificacao": "Distribuição plena", "area_mae": null, "distribuidora": "ENEL RJ", "cod_sub": "BAX", "nome": "Bacaxa", "lat_rep": -22.843858, "lon_rep": -42.513351, "capacidade_mmgd_bdgd_kw": 4226.22, "capacidade_homologada_localizada_kw": 16895.79, "capacidade_lag_kw": 3134.484, "pot_sem_homologacao_kw": 0.0, "n_unidades": 3116.488, "n_sem_homologacao": 0.0, "capacidade_mmgd_kw": 20030.274, "fonte": "Solar FV", "fator_correcao": null, "capacidade_mmgd_corrigida_kw": 20030.274 }, "geometry": { "type": "Polygon", "coordinates": [ [ [ -42.670463581936204, -22.941580872587206 ], [ -42.654837403890383, -22.922962386351927 ], [ -42.654691264626223, -22.921295279046763 ], [ -42.658327499736401, -22.909443103361792 ], [ -42.634039142529694, -22.852427877987786 ], [ -42.598286084979534, -22.819045515313185 ], [ -42.577878691305465, -22.811804901711351 ], [ -42.562709251484236, -22.813372588152571 ], [ -42.551815367119019, -22.805194268878999 ], [ -42.544525509927539, -22.805229966383902 ], [ -42.54180195330791, -22.804514153321335 ], [ -42.514460695865999, -22.795468395672067 ], [ -42.483705337215916, -22.776960042052252 ], [ -42.48439825037584, -22.774445464589355 ], [ -42.489692911167097, -22.759412025461657 ], [ -42.489958056578288, -22.758724860679155 ], [ -42.484617941202266, -22.754710705648822 ], [ -42.427970928157286, -22.770763240544635 ], [ -42.423746061386709, -22.782869168087331 ], [ -42.414265947526644, -22.829117503574409 ], [ -42.407736229148654, -22.831283998470667 ], [ -42.403414491077484, -22.833586602673748 ], [ -42.400689123369695, -22.83532967940069 ], [ -42.398303947982029, -22.858610052715303 ], [ -42.398317341934913, -22.86774893310389 ], [ -42.398597310641861, -22.867811033304072 ], [ -42.402100803634013, -22.86941016997724 ], [ -42.405227403230874, -22.87317405277328 ], [ -42.401381498455073, -22.891908924625973 ], [ -42.398357685642921, -22.895542078124762 ], [ -42.398366792980738, -22.901872840671512 ], [ -42.398909036471714, -22.903949726355517 ], [ -42.392329023945528, -22.935980650933729 ], [ -42.396900018244743, -22.936099999208619 ], [ -42.4291, -22.9347 ], [ -42.4558, -22.9349 ], [ -42.474600000074467, -22.937799999070112 ], [ -42.5185, -22.9334 ], [ -42.5788, -22.9328 ], [ -42.6123, -22.9344 ], [ -42.6412, -22.9375 ], [ -42.664386094793237, -22.941446954826034 ], [ -42.667871456731035, -22.94153557799844 ], [ -42.670463581936204, -22.941580872587206 ] ] ] } },
{ "type": "Feature", "properties": { "area_id": "ENEL_RJ:BCL", "potencia_nominal_mva": 0.0, "n_trafos": 0, "origem": "semente", "profundidade": 1, "recorte_ignorado": false, "geometria_vazia": false, "area_km2": 0.0, "lat_sub": -21.734811, "lon_sub": -41.186, "classificacao": "Transporte/manobra", "area_mae": null, "distribuidora": "ENEL RJ", "cod_sub": "BCL", "nome": "Barcelos", "lat_rep": -21.734811, "lon_rep": -41.186, "capacidade_mmgd_bdgd_kw": 0.0, "capacidade_homologada_localizada_kw": 0.0, "capacidade_lag_kw": 0.0, "pot_sem_homologacao_kw": 0.0, "n_unidades": 0.0, "n_sem_homologacao": 0.0, "capacidade_mmgd_kw": 0.0, "fonte": null, "fator_correcao": null, "capacidade_mmgd_corrigida_kw": 0.0 }, "geometry": { "type": "Polygon", "coordinates": [ [ [ -41.185903356268888, -21.734817551591902 ], [ -41.185936575390748, -21.734879195147087 ], [ -41.186006718144498, -21.734900837275976 ], [ -41.186072695813152, -21.734869800289371 ], [ -41.186095859529892, -21.734804265250165 ], [ -41.186062640346449, -21.734742621719228 ], [ -41.185992497653444, -21.734720979623773 ], [ -41.185926520046372, -21.734752016586132 ], [ -41.185903356268888, -21.734817551591902 ] ] ] } },
{ "type": "Feature", "properties": { "area_id": "ENEL_RJ:BGN", "potencia_nominal_mva": 37.5, "n_trafos": 812, "origem": "fecho_trafos", "profundidade": 0, "recorte_ignorado": false, "geometria_vazia": false, "area_km2": 94.108, "lat_sub": -22.516485, "lon_sub": -43.225315, "classificacao": "Distribuição plena", "area_mae": null, "distribuidora": "ENEL RJ", "cod_sub": "BGN", "nome": "Bingen", "lat_rep": -22.51663, "lon_rep": -43.251781, "capacidade_mmgd_bdgd_kw": 960.8, "capacidade_homologada_localizada_kw": 4028.45, "capacidade_lag_kw": 423.002, "pot_sem_homologacao_kw": 0.0, "n_unidades": 561.241, "n_sem_homologacao": 0.0, "capacidade_mmgd_kw": 4451.452, "fonte": "Solar FV", "fator_correcao": null, "capacidade_mmgd_corrigida_kw": 4451.452 }, "geometry": { "type": "Polygon", "coordinates": [ [ [ -43.340449327102625, -22.494066628849112 ], [ -43.334474375651077, -22.48308964627806 ], [ -43.31175180969705, -22.485605765865291 ], [ -43.307749989615786, -22.483487109421535 ], [ -43.309987019532883, -22.4635209627812 ], [ -43.301139930051015, -22.471274029161783 ], [ -43.274717375158097, -22.486989594853078 ], [ -43.213486924347201, -22.484364032453662 ], [ -43.212622807805474, -22.484199597613809 ], [ -43.207998295998806, -22.480826485775982 ], [ -43.204196995577625, -22.478214623346037 ], [ -43.198986662845833, -22.481604927288171 ], [ -43.196953758214164, -22.481218185231249 ], [ -43.195767974420221, -22.483699150371748 ], [ -43.187656249693447, -22.488976372739067 ], [ -43.189736242389593, -22.48762438105549 ], [ -43.18477795456289, -22.504121936649181 ], [ -43.185057260968414, -22.504898465691863 ], [ -43.188942096628111, -22.504727715392747 ], [ -43.193133075411595, -22.507285741822159 ], [ -43.196208472410262, -22.510336543179282 ], [ -43.198684643120572, -22.542775401458261 ], [ -43.20097595968884, -22.549142254443261 ], [ -43.199258742103417, -22.550295279917762 ], [ -43.20042764470513, -22.565604956103829 ], [ -43.230966945290767, -22.569614692693207 ], [ -43.234468543970742, -22.567201341843287 ], [ -43.24135850492361, -22.57074604421226 ], [ -43.251600473287567, -22.575520382999301 ], [ -43.251991873769349, -22.575553874730151 ], [ -43.254263026915758, -22.566350505680926 ], [ -43.253904197962719, -22.56253924630748 ], [ -43.251912347323383, -22.555174257059942 ], [ -43.258067854761734, -22.550928982600141 ], [ -43.265090470780734, -22.522455255308738 ], [ -43.284374210330114, -22.532781534720307 ], [ -43.340449327102625, -22.494066628849112 ] ] ] } },
{ "type": "Feature", "properties": { "area_id": "ENEL_RJ:BJD", "potencia_nominal_mva": 12.5, "n_trafos": 2975, "origem": "fecho_trafos", "profundidade": 0, "recorte_ignorado": false, "geometria_vazia": false, "area_km2": 836.284, "lat_sub": -22.16082, "lon_sub": -42.427445, "classificacao": "Distribuição plena", "area_mae": null, "distribuidora": "ENEL RJ", "cod_sub": "BJD", "nome": "Bom Jardim", "lat_rep": -22.139993, "lon_rep": -42.493874, "capacidade_mmgd_bdgd_kw": 844.79, "capacidade_homologada_localizada_kw": 5976.28, "capacidade_lag_kw": 637.347, "pot_sem_homologacao_kw": 0.1, "n_unidades": 635.548, "n_sem_homologacao": 1.0, "capacidade_mmgd_kw": 6613.627, "fonte": "Solar FV", "fator_correcao": null, "capacidade_mmgd_corrigida_kw": 6613.627 }, "geometry": { "type": "Polygon", "coordinates": [ [ [ -42.547523721542461, -21.970541192821766 ], [ -42.512501682106915, -21.957990003435846 ], [ -42.520733809511434, -21.960941074203806 ], [ -42.34617334140551, -22.084079501691029 ], [ -42.298349501128541, -22.158875081619659 ], [ -42.297561287623303, -22.166344979137413 ], [ -42.297841625190813, -22.174335133559513 ], [ -42.297575115851743, -22.16673909638962 ], [ -42.324692577400469, -22.175367342129107 ], [ -42.349042775803412, -22.232569176826011 ], [ -42.348993271183282, -22.241525426154897 ], [ -42.377895823933102, -22.26030125240084 ], [ -42.380058430851875, -22.261627182248613 ], [ -42.383548800436756, -22.263006986882885 ], [ -42.404165516425394, -22.269882481091599 ], [ -42.432522083027663, -22.278621305828548 ], [ -42.567706164807589, -22.204930084855501 ], [ -42.711897536042386, -22.121633980323903 ], [ -42.712776999259063, -22.119368499956241 ], [ -42.713750241080739, -22.098455302670065 ], [ -42.703675936595175, -22.081103057360167 ], [ -42.547523721542461, -21.970541192821766 ] ], [ [ -42.605520741783415, -22.011640971855549 ], [ -42.596777988313477, -22.013951616373955 ], [ -42.555621871951814, -21.995601461738026 ], [ -42.552080128595044, -21.993815116774158 ], [ -42.521415554930996, -21.961185444542785 ], [ -42.547523721542461, -21.970541192821766 ], [ -42.605520741783415, -22.011640971855549 ] ], [ [ -42.427616661217712, -22.160592499402792 ], [ -42.427658905644108, -22.160535714986057 ], [ -42.427731883047898, -22.160523386968951 ], [ -42.427792844315903, -22.16056273693226 ], [ -42.427806079179909, -22.160630714229818 ], [ -42.427763834775867, -22.160687498687082 ], [ -42.427690857286919, -22.160699826710456 ], [ -42.427629895996567, -22.160660476706614 ], [ -42.427616661217712, -22.160592499402792 ] ] ] } },
{ "type": "Feature", "properties": { "area_id": "ENEL_RJ:BOJ", "potencia_nominal_mva": 0.0, "n_trafos": 0, "origem": "semente", "profundidade": 1, "recorte_ignorado": false, "geometria_vazia": false, "area_km2": 0.0, "lat_sub": -21.14374, "lon_sub": -41.685866, "classificacao": "Transporte/manobra", "area_mae": null, "distribuidora": "ENEL RJ", "cod_sub": "BOJ", "nome": "Bom Jesus do Itabapoana", "lat_rep": -21.14374, "lon_rep": -41.685866, "capacidade_mmgd_bdgd_kw": 0.0, "capacidade_homologada_localizada_kw": 0.0, "capacidade_lag_kw": 0.0, "pot_sem_homologacao_kw": 0.0, "n_unidades": 0.0, "n_sem_homologacao": 0.0, "capacidade_mmgd_kw": 0.0, "fonte": null, "fator_correcao": null, "capacidade_mmgd_corrigida_kw": 0.0 }, "geometry": { "type": "Polygon", "coordinates": [ [ [ -41.685769876215879, -21.143747273276066 ], [ -41.685803226442147, -21.143808831141051 ], [ -41.68587320651438, -21.143830235584261 ], [ -41.685938823012819, -21.14379894815109 ], [ -41.685961638641764, -21.143733296612769 ], [ -41.685928288357481, -21.143671738772234 ], [ -41.685858308345146, -21.143650334360284 ], [ -41.68579269190473, -21.143681621769009 ], [ -41.685769876215879, -21.143747273276066 ] ] ] } },
{ "type": "Feature", "properties": { "area_id": "ENEL_RJ:BRASFELS", "potencia_nominal_mva": 0.0, "n_trafos": 0, "origem": "semente", "profundidade": 1, "recorte_ignorado": false, "geometria_vazia": false, "area_km2": 0.0, "lat_sub": -22.995351, "lon_sub": -44.248145, "classificacao": "Transporte/manobra", "area_mae": "ENEL_RJ:JAC", "distribuidora": "ENEL RJ", "cod_sub": "BRASFELS", "nome": "BRASFELS SA VEROLME", "lat_rep": -22.995351, "lon_rep": -44.248162, "capacidade_mmgd_bdgd_kw": 0.0, "capacidade_homologada_localizada_kw": 0.0, "capacidade_lag_kw": 0.0, "pot_sem_homologacao_kw": 0.0, "n_unidades": 0.0, "n_sem_homologacao": 0.0, "capacidade_mmgd_kw": 0.0, "fonte": null, "fator_correcao": null, "capacidade_mmgd_corrigida_kw": 0.0 }, "geometry": { "type": "MultiPolygon", "coordinates": [ [ [ [ -44.248103970930103, -22.995269094465062 ], [ -44.248075683458751, -22.995414438711638 ], [ -44.248125508582788, -22.995439384871975 ], [ -44.248181906636347, -22.995434499567512 ], [ -44.248234966578757, -22.995385854234261 ], [ -44.248235331046537, -22.995316721907841 ], [ -44.248182786604282, -22.995267599369502 ], [ -44.248103970930103, -22.995269094465062 ] ] ], [ [ [ -44.248099480030369, -22.995270992020441 ], [ -44.2480994589259, -22.9952710023355 ], [ -44.248102311787711, -22.995269768492001 ], [ -44.248099480030369, -22.995270992020441 ] ] ], [ [ [ -44.248102311787711, -22.995269768492001 ], [ -44.248103696770066, -22.995269170077254 ], [ -44.248103696770087, -22.995269170077243 ], [ -44.248102311787711, -22.995269768492001 ] ] ] ] } },
{ "type": "Feature", "properties": { "area_id": "ENEL_RJ:BRASILPORT", "potencia_nominal_mva": 0.0, "n_trafos": 0, "origem": "semente", "profundidade": 1, "recorte_ignorado": false, "geometria_vazia": false, "area_km2": 0.0, "lat_sub": -21.868312, "lon_sub": -41.021155, "classificacao": "Transporte/manobra", "area_mae": null, "distribuidora": "ENEL RJ", "cod_sub": "BRASILPORT", "nome": "BRASIL PORT LOG OFFSHORE E ESTAL", "lat_rep": -21.868312, "lon_rep": -41.021155, "capacidade_mmgd_bdgd_kw": 0.0, "capacidade_homologada_localizada_kw": 0.0, "capacidade_lag_kw": 0.0, "pot_sem_homologacao_kw": 0.0, "n_unidades": 0.0, "n_sem_homologacao": 0.0, "capacidade_mmgd_kw": 0.0, "fonte": null, "fator_correcao": null, "capacidade_mmgd_corrigida_kw": 0.0 }, "geometry": { "type": "Polygon", "coordinates": [ [ [ -41.021058472752713, -21.868318395945103 ], [ -41.021091636562922, -21.868380066087063 ], [ -41.021161804351166, -21.868401784204352 ], [ -41.021227872735537, -21.868370828094339 ], [ -41.021251139708475, -21.868305331443384 ], [ -41.021217975835675, -21.868243661325504 ], [ -41.021147808108218, -21.868221943242304 ], [ -41.021081739786432, -21.86825289932824 ], [ -41.021058472752713, -21.868318395945103 ] ] ] } },
{ "type": "Feature", "properties": { "area_id": "ENEL_RJ:BRASKEM", "potencia_nominal_mva": 0.0, "n_trafos": 0, "origem": "semente", "profundidade": 1, "recorte_ignorado": false, "geometria_vazia": false, "area_km2": 0.0, "lat_sub": -22.715477, "lon_sub": -43.24422, "classificacao": "Transporte/manobra", "area_mae": "ENEL_RJ:SCS", "distribuidora": "ENEL RJ", "cod_sub": "BRASKEM", "nome": "BRASKEM PETROQUIMICA SA", "lat_rep": -22.715477, "lon_rep": -43.24422, "capacidade_mmgd_bdgd_kw": 0.0, "capacidade_homologada_localizada_kw": 0.0, "capacidade_lag_kw": 0.0, "pot_sem_homologacao_kw": 0.0, "n_unidades": 0.0, "n_sem_homologacao": 0.0, "capacidade_mmgd_kw": 0.0, "fonte": null, "fator_correcao": null, "capacidade_mmgd_corrigida_kw": 0.0 }, "geometry": { "type": "Polygon", "coordinates": [ [ [ -43.244122854752277, -22.715484756392556 ], [ -43.244157208588781, -22.715546082060651 ], [ -43.244228242616558, -22.715566909737952 ], [ -43.244294346015522, -22.715535038833561 ], [ -43.244316796271022, -22.715469138912486 ], [ -43.244282442377568, -22.715407813274869 ], [ -43.244211408420227, -22.715386985625919 ], [ -43.24414530507822, -22.715418856499841 ], [ -43.244122854752277, -22.715484756392556 ] ] ] } },
{ "type": "Feature", "properties": { "area_id": "ENEL_RJ:BRASKEM_SA", "potencia_nominal_mva": 0.0, "n_trafos": 0, "origem": "semente", "profundidade": 1, "recorte_ignorado": false, "geometria_vazia": false, "area_km2": 0.0, "lat_sub": -22.715861, "lon_sub": -43.241699, "classificacao": "Transporte/manobra", "area_mae": null, "distribuidora": "ENEL RJ", "cod_sub": "BRASKEM_SA", "nome": "BRASKEM SA", "lat_rep": -22.715861, "lon_rep": -43.241699, "capacidade_mmgd_bdgd_kw": 0.0, "capacidade_homologada_localizada_kw": 0.0, "capacidade_lag_kw": 0.0, "pot_sem_homologacao_kw": 0.0, "n_unidades": 0.0, "n_sem_homologacao": 0.0, "capacidade_mmgd_kw": 0.0, "fonte": null, "fator_correcao": null, "capacidade_mmgd_corrigida_kw": 0.0 }, "geometry": { "type": "Polygon", "coordinates": [ [ [ -43.241601618420695, -22.715869121927504 ], [ -43.241635971176784, -22.715930448070008 ], [ -43.241707004934959, -22.715951276855524 ], [ -43.241773109033062, -22.71591940704397 ], [ -43.241795560546883, -22.715853507560183 ], [ -43.241761207733823, -22.715792181448151 ], [ -43.241690174046077, -22.715771352690997 ], [ -43.241624070004939, -22.71580322247209 ], [ -43.241601618420695, -22.715869121927504 ] ] ] } },
{ "type": "Feature", "properties": { "area_id": "ENEL_RJ:BRL", "potencia_nominal_mva": 15.0, "n_trafos": 839, "origem": "fecho_trafos", "profundidade": 0, "recorte_ignorado": false, "geometria_vazia": false, "area_km2": 265.533, "lat_sub": -22.265215, "lon_sub": -42.320044, "classificacao": "Distribuição plena", "area_mae": null, "distribuidora": "ENEL RJ", "cod_sub": "BRL", "nome": "Barra Alegre", "lat_rep": -22.286848, "lon_rep": -42.288537, "capacidade_mmgd_bdgd_kw": 66.0, "capacidade_homologada_localizada_kw": 498.51, "capacidade_lag_kw": 49.973, "pot_sem_homologacao_kw": 0.0, "n_unidades": 63.03, "n_sem_homologacao": 0.0, "capacidade_mmgd_kw": 548.483, "fonte": "Solar FV", "fator_correcao": null, "capacidade_mmgd_corrigida_kw": 548.483 }, "geometry": { "type": "MultiPolygon", "coordinates": [ [ [ [ -42.349042774702745, -22.232569177019023 ], [ -42.324692576569255, -22.175367342941563 ], [ -42.297575490434966, -22.166739172384865 ], [ -42.297561293824131, -22.166344920377021 ], [ -42.298349496167425, -22.158875184287332 ], [ -42.299471640641109, -22.157121259274113 ], [ -42.289001665559411, -22.162617804593982 ], [ -42.278117900843576, -22.153621385686979 ], [ -42.277875411344858, -22.160467610050247 ], [ -42.230464360453496, -22.145362565974473 ], [ -42.206429931505632, -22.264698278922459 ], [ -42.258718361953839, -22.315113384983999 ], [ -42.272476917266829, -22.313063279218433 ], [ -42.270851782189936, -22.358822989835637 ], [ -42.265559513440543, -22.399415914535378 ], [ -42.235773218786704, -22.411193369677171 ], [ -42.280330311694208, -22.4113536265404 ], [ -42.290002699736064, -22.418244113654186 ], [ -42.339256051877399, -22.303091182740875 ], [ -42.346293818083886, -22.302038104085266 ], [ -42.348696902555233, -22.294877998649575 ], [ -42.348775341391011, -22.280808245137703 ], [ -42.361953528990206, -22.249945928681612 ], [ -42.34899338252098, -22.241525372439799 ], [ -42.349042774702745, -22.232569177019023 ] ] ], [ [ [ -42.206429931505632, -22.264698278922459 ], [ -42.174402321786786, -22.233818114285036 ], [ -42.206427606200947, -22.264709824522015 ], [ -42.206429931505632, -22.264698278922459 ] ] ], [ [ [ -42.216971190085857, -22.141060650408807 ], [ -42.22749964196688, -22.14441746378639 ], [ -42.216971190085836, -22.141060650408797 ], [ -42.216971190085857, -22.141060650408807 ] ] ] ] } },
{ "type": "Feature", "properties": { "area_id": "ENEL_RJ:BUE", "potencia_nominal_mva": 0.0, "n_trafos": 0, "origem": "semente", "profundidade": 1, "recorte_ignorado": false, "geometria_vazia": false, "area_km2": 0.0, "lat_sub": -21.410979, "lon_sub": -41.013284, "classificacao": "Transporte/manobra", "area_mae": null, "distribuidora": "ENEL RJ", "cod_sub": "BUE", "nome": "Buena", "lat_rep": -21.410979, "lon_rep": -41.013284, "capacidade_mmgd_bdgd_kw": 0.0, "capacidade_homologada_localizada_kw": 0.0, "capacidade_lag_kw": 0.0, "pot_sem_homologacao_kw": 0.0, "n_unidades": 0.0, "n_sem_homologacao": 0.0, "capacidade_mmgd_kw": 0.0, "fonte": null, "fator_correcao": null, "capacidade_mmgd_corrigida_kw": 0.0 }, "geometry": { "type": "Polygon", "coordinates": [ [ [ -41.013188152870399, -21.410985918550836 ], [ -41.013221242360942, -21.411047576331914 ], [ -41.013291198849309, -21.411069264688575 ], [ -41.013357042731464, -21.411038278851912 ], [ -41.013380203511161, -21.410972769921237 ], [ -41.013347113959419, -21.410911112163493 ], [ -41.013277157530077, -21.410889423840409 ], [ -41.013211313709121, -21.41092040965373 ], [ -41.013188152870399, -21.410985918550836 ] ] ] } },
{ "type": "Feature", "properties": { "area_id": "ENEL_RJ:BUZ", "potencia_nominal_mva": 80.0, "n_trafos": 1671, "origem": "fecho_trafos", "profundidade": 0, "recorte_ignorado": false, "geometria_vazia": false, "area_km2": 88.405, "lat_sub": -22.778784, "lon_sub": -41.923019, "classificacao": "Distribuição plena", "area_mae": null, "distribuidora": "ENEL RJ", "cod_sub": "BUZ", "nome": "Buzios", "lat_rep": -22.768528, "lon_rep": -41.972976, "capacidade_mmgd_bdgd_kw": 4392.56, "capacidade_homologada_localizada_kw": 16504.29, "capacidade_lag_kw": 2651.898, "pot_sem_homologacao_kw": 0.0, "n_unidades": 2077.161, "n_sem_homologacao": 0.0, "capacidade_mmgd_kw": 19156.188, "fonte": "Solar FV", "fator_correcao": null, "capacidade_mmgd_corrigida_kw": 19156.188 }, "geometry": { "type": "Polygon", "coordinates": [ [ [ -42.017722667649103, -22.725529911939741 ], [ -42.005349461917973, -22.719944064737213 ], [ -42.004971095405239, -22.718049174546291 ], [ -42.000582052302967, -22.717791472508718 ], [ -41.987286531642198, -22.711787194721946 ], [ -41.9813, -22.723 ], [ -41.9735, -22.7296 ], [ -41.9594, -22.7325 ], [ -41.9456, -22.7543 ], [ -41.9332, -22.7667 ], [ -41.9224, -22.7712 ], [ -41.9106, -22.7684 ], [ -41.9053, -22.757 ], [ -41.8957, -22.7537 ], [ -41.8859, -22.7544 ], [ -41.8806, -22.74 ], [ -41.868300001801892, -22.74270000068633 ], [ -41.8739, -22.751 ], [ -41.866200001547895, -22.761899999759034 ], [ -41.8768, -22.7695 ], [ -41.88370000076381, -22.781799999174794 ], [ -41.896399999830102, -22.785799998912392 ], [ -41.908, -22.7782 ], [ -41.9218, -22.7871 ], [ -41.9282, -22.7959 ], [ -41.933200000839641, -22.809799998847687 ], [ -41.9403, -22.8094 ], [ -41.9694, -22.8228 ], [ -41.973557609648196, -22.827073224301621 ], [ -41.97283771399767, -22.823613427377719 ], [ -41.973072700213272, -22.821468777726619 ], [ -41.979017050691745, -22.816390444192098 ], [ -41.980891138317055, -22.816572988953869 ], [ -41.981997798693008, -22.813843696012675 ], [ -41.994707245903356, -22.802982995486644 ], [ -42.015942677555991, -22.773028938858538 ], [ -42.010185408524478, -22.744182427785283 ], [ -42.017722667649103, -22.725529911939741 ] ] ] } },
{ "type": "Feature", "properties": { "area_id": "ENEL_RJ:BXG", "potencia_nominal_mva": 0.0, "n_trafos": 0, "origem": "semente", "profundidade": 1, "recorte_ignorado": false, "geometria_vazia": false, "area_km2": 0.0, "lat_sub": -21.942545, "lon_sub": -41.137934, "classificacao": "Transporte/manobra", "area_mae": null, "distribuidora": "ENEL RJ", "cod_sub": "BXG", "nome": "Baixa Grande", "lat_rep": -21.942545, "lon_rep": -41.137934, "capacidade_mmgd_bdgd_kw": 0.0, "capacidade_homologada_localizada_kw": 0.0, "capacidade_lag_kw": 0.0, "pot_sem_homologacao_kw": 0.0, "n_unidades": 0.0, "n_sem_homologacao": 0.0, "capacidade_mmgd_kw": 0.0, "fonte": null, "fator_correcao": null, "capacidade_mmgd_corrigida_kw": 0.0 }, "geometry": { "type": "Polygon", "coordinates": [ [ [ -41.137837814429197, -21.942551364531479 ], [ -41.137871044529625, -21.942613020598905 ], [ -41.137941273150417, -21.942634696565278 ], [ -41.138007361274362, -21.942603694919612 ], [ -41.138030595330846, -21.942538176022701 ], [ -41.137997365168019, -21.942476519979746 ], [ -41.137927136608631, -21.942454844047191 ], [ -41.137861048547087, -21.942485845668401 ], [ -41.137837814429197, -21.942551364531479 ] ] ] } },
{ "type": "Feature", "properties": { "area_id": "ENEL_RJ:CAB", "potencia_nominal_mva": 15.0, "n_trafos": 673, "origem": "fecho_trafos", "profundidade": 1, "recorte_ignorado": false, "geometria_vazia": false, "area_km2": 48.52, "lat_sub": -22.297365, "lon_sub": -41.716632, "classificacao": "Distribuição plena", "area_mae": null, "distribuidora": "ENEL RJ", "cod_sub": "CAB", "nome": "Cabiunas", "lat_rep": -22.263904, "lon_rep": -41.724225, "capacidade_mmgd_bdgd_kw": 2216.4, "capacidade_homologada_localizada_kw": 3607.14, "capacidade_lag_kw": 816.137, "pot_sem_homologacao_kw": 0.0, "n_unidades": 456.031, "n_sem_homologacao": 0.0, "capacidade_mmgd_kw": 4423.277, "fonte": "Solar FV", "fator_correcao": null, "capacidade_mmgd_corrigida_kw": 4423.277 }, "geometry": { "type": "MultiPolygon", "coordinates": [ [ [ [ -41.747526779464849, -22.328105274897169 ], [ -41.745235023950329, -22.333071507649784 ], [ -41.747526779464849, -22.32810527489718 ], [ -41.747526779464849, -22.328105274897169 ] ] ], [ [ [ -41.747059125755563, -22.296806594634248 ], [ -41.747526860523507, -22.328105074821533 ], [ -41.747059613288187, -22.296806026367435 ], [ -41.747059125755563, -22.296806594634248 ] ] ], [ [ [ -41.745119580799056, -22.209725034441682 ], [ -41.744473287638158, -22.209694950440237 ], [ -41.733161315922558, -22.209827773940539 ], [ -41.705633018189459, -22.247385139229717 ], [ -41.698119190021906, -22.279516417340311 ], [ -41.695513797175884, -22.303545830645831 ], [ -41.706515433725414, -22.312302622754409 ], [ -41.7126, -22.3166 ], [ -41.723439771297464, -22.325770274432017 ], [ -41.730358447372865, -22.331274691838328 ], [ -41.73383780479498, -22.333693620838535 ], [ -41.742502835553147, -22.338991567507602 ], [ -41.742502845320523, -22.338991548891428 ], [ -41.745235023950329, -22.333071507649784 ], [ -41.742825740562104, -22.338289660736923 ], [ -41.729835337767177, -22.31991716514786 ], [ -41.731189384388095, -22.31530432555914 ], [ -41.747059125755563, -22.296806594634248 ], [ -41.745810950194212, -22.213284905091029 ], [ -41.745810949094782, -22.213284886562199 ], [ -41.745119580799056, -22.209725034441682 ] ], [ [ -41.72718961793089, -22.289741819485034 ], [ -41.727202475310946, -22.289809821211701 ], [ -41.727159897315452, -22.289866366421592 ], [ -41.727086825543068, -22.289878331668174 ], [ -41.727026064508316, -22.289838707869595 ], [ -41.727013207215094, -22.289770706139102 ], [ -41.727055785229965, -22.28971416097087 ], [ -41.727128856915527, -22.289702195728108 ], [ -41.72718961793089, -22.289741819485034 ] ] ] ] } },
{ "type": "Feature", "properties": { "area_id": "ENEL_RJ:CAE", "potencia_nominal_mva": 0.0, "n_trafos": 0, "origem": "semente", "profundidade": 1, "recorte_ignorado": false, "geometria_vazia": false, "area_km2": 0.0, "lat_sub": -21.71295, "lon_sub": -41.159836, "classificacao": "Transporte/manobra", "area_mae": null, "distribuidora": "ENEL RJ", "cod_sub": "CAE", "nome": "Caeta", "lat_rep": -21.71295, "lon_rep": -41.159836, "capacidade_mmgd_bdgd_kw": 0.0, "capacidade_homologada_localizada_kw": 0.0, "capacidade_lag_kw": 0.0, "pot_sem_homologacao_kw": 0.0, "n_unidades": 0.0, "n_sem_homologacao": 0.0, "capacidade_mmgd_kw": 0.0, "fonte": null, "fator_correcao": null, "capacidade_mmgd_corrigida_kw": 0.0 }, "geometry": { "type": "Polygon", "coordinates": [ [ [ -41.159739278898847, -21.712956249413864 ], [ -41.159772482469741, -21.71301789599174 ], [ -41.159842609340757, -21.713039547158278 ], [ -41.159908580098914, -21.713008519930117 ], [ -41.159931749925448, -21.712942989653722 ], [ -41.159898546292951, -21.712881343100005 ], [ -41.159828419482515, -21.712859691966955 ], [ -41.159762448785969, -21.712890719170961 ], [ -41.159739278898847, -21.712956249413864 ] ] ] } },
{ "type": "Feature", "properties": { "area_id": "ENEL_RJ:CAF", "potencia_nominal_mva": 66.0, "n_trafos": 1844, "origem": "fecho_trafos", "profundidade": 1, "recorte_ignorado": false, "geometria_vazia": false, "area_km2": 122.392, "lat_sub": -22.87722, "lon_sub": -42.029538, "classificacao": "Distribuição plena", "area_mae": null, "distribuidora": "ENEL RJ", "cod_sub": "CAF", "nome": "Cabo Frio", "lat_rep": -22.911748, "lon_rep": -42.121372, "capacidade_mmgd_bdgd_kw": 3498.1, "capacidade_homologada_localizada_kw": 13102.76, "capacidade_lag_kw": 2641.949, "pot_sem_homologacao_kw": 0.0, "n_unidades": 1942.376, "n_sem_homologacao": 0.0, "capacidade_mmgd_kw": 15744.709, "fonte": "Solar FV", "fator_correcao": null, "capacidade_mmgd_corrigida_kw": 15744.709 }, "geometry": { "type": "Polygon", "coordinates": [ [ [ -42.228736076824447, -22.924900289841002 ], [ -42.226680268081658, -22.9209501267101 ], [ -42.223629066031535, -22.917192999379623 ], [ -42.064122017186016, -22.875743605700549 ], [ -42.067971533878151, -22.876746731449895 ], [ -42.064452002690686, -22.883102008979346 ], [ -42.046308876323891, -22.871103492536431 ], [ -42.035319621503525, -22.868239799495562 ], [ -42.01008071769391, -22.875770624629478 ], [ -42.008039492530656, -22.877535497890332 ], [ -42.007943162204199, -22.877765552217078 ], [ -42.006930652605696, -22.882089486791635 ], [ -42.002590780720979, -22.880644936188947 ], [ -41.984485276727341, -22.872270244382165 ], [ -41.989800000769975, -22.882699999042288 ], [ -41.9969, -22.8837 ], [ -42.004199999832686, -22.889599998531679 ], [ -42.0097, -22.8828 ], [ -42.0204, -22.8888 ], [ -42.0331, -22.9065 ], [ -42.0373, -22.9217 ], [ -42.0373, -22.9331 ], [ -42.0337, -22.9452 ], [ -42.027048929181177, -22.947032518244715 ], [ -42.027768425816184, -22.949195533848634 ], [ -42.033576283477217, -22.950695150670104 ], [ -42.042081643655258, -22.952604691470363 ], [ -42.113783037476864, -22.949715832536153 ], [ -42.164505524026929, -22.945660862781299 ], [ -42.180485935401393, -22.94436250146067 ], [ -42.223398718757274, -22.928355347541462 ], [ -42.226833165386608, -22.92634483307716 ], [ -42.228736076824447, -22.924900289841002 ] ] ] } },
{ "type": "Feature", "properties": { "area_id": "ENEL_RJ:CALHEIROS", "potencia_nominal_mva": 0.0, "n_trafos": 0, "origem": "semente", "profundidade": 1, "recorte_ignorado": false, "geometria_vazia": false, "area_km2": 0.0, "lat_sub": -20.98789, "lon_sub": -41.710906, "classificacao": "Transporte/manobra", "area_mae": null, "distribuidora": "ENEL RJ", "cod_sub": "CALHEIROS", "nome": "CALHEIROS ENERGIA SA", "lat_rep": -20.987892, "lon_rep": -41.710994, "capacidade_mmgd_bdgd_kw": 0.0, "capacidade_homologada_localizada_kw": 0.0, "capacidade_lag_kw": 0.0, "pot_sem_homologacao_kw": 0.0, "n_unidades": 0.0, "n_sem_homologacao": 0.0, "capacidade_mmgd_kw": 0.0, "fonte": null, "fator_correcao": null, "capacidade_mmgd_corrigida_kw": 0.0 }, "geometry": { "type": "Polygon", "coordinates": [ [ [ -41.71097100306617, -20.987956030241772 ], [ -41.710997282355763, -20.987917686899859 ], [ -41.710998580983059, -20.987865981444848 ], [ -41.71097100306617, -20.987956030241772 ] ] ] } },
{ "type": "Feature", "properties": { "area_id": "ENEL_RJ:CAM", "potencia_nominal_mva": 19.0, "n_trafos": 2355, "origem": "fecho_trafos", "profundidade": 0, "recorte_ignorado": false, "geometria_vazia": false, "area_km2": 711.679, "lat_sub": -21.571718, "lon_sub": -41.916688, "classificacao": "Distribuição plena", "area_mae": null, "distribuidora": "ENEL RJ", "cod_sub": "CAM", "nome": "Cambuci", "lat_rep": -21.576514, "lon_rep": -41.875601, "capacidade_mmgd_bdgd_kw": 820.15, "capacidade_homologada_localizada_kw": 5037.8, "capacidade_lag_kw": 413.46, "pot_sem_homologacao_kw": 0.0, "n_unidades": 813.698, "n_sem_homologacao": 0.0, "capacidade_mmgd_kw": 5451.26, "fonte": "Solar FV", "fator_correcao": null, "capacidade_mmgd_corrigida_kw": 5451.26 }, "geometry": { "type": "MultiPolygon", "coordinates": [ [ [ [ -41.782402624964341, -21.684261868006367 ], [ -41.641439190190731, -21.550156873368824 ], [ -41.641425064507942, -21.550152338210218 ], [ -41.782402624964341, -21.684261868006367 ] ] ], [ [ [ -42.026539888233529, -21.546555643279923 ], [ -41.984123096471507, -21.517869444290351 ], [ -41.97154221370014, -21.510429125425613 ], [ -41.956408432951463, -21.503805907851316 ], [ -41.956922425339386, -21.5028453221401 ], [ -41.955813846468551, -21.503545657017277 ], [ -41.814782437797611, -21.441732987196183 ], [ -41.830442041465588, -21.448605482951628 ], [ -41.785225117778509, -21.487061088867911 ], [ -41.711697948183883, -21.475286004130243 ], [ -41.704710147738453, -21.473738163904731 ], [ -41.695716605911024, -21.468206737026581 ], [ -41.672190232730266, -21.477398919684894 ], [ -41.660722024294806, -21.519652044316775 ], [ -41.659179001703158, -21.520728709085429 ], [ -41.648546908187313, -21.524326744672315 ], [ -41.642970344398549, -21.525993162067323 ], [ -41.625542875664117, -21.529286456511546 ], [ -41.634928720675425, -21.513867150580076 ], [ -41.625387892644916, -21.529539141016699 ], [ -41.633267216995222, -21.542382499657499 ], [ -41.641439190190731, -21.550156873368824 ], [ -41.786120833837373, -21.596608022739542 ], [ -41.814893409551793, -21.610877604838546 ], [ -41.8236385052071, -21.622293905992187 ], [ -41.862883497484688, -21.715308590835633 ], [ -42.029214961243468, -21.696188684402042 ], [ -42.038199942405107, -21.684930289930172 ], [ -42.046741191467916, -21.615887225947077 ], [ -42.030976462808056, -21.554008255258871 ], [ -42.026539888233529, -21.546555643279923 ] ] ] ] } },
{ "type": "Feature", "properties": { "area_id": "ENEL_RJ:CAMPOS", "potencia_nominal_mva": 0.0, "n_trafos": 0, "origem": "semente", "profundidade": 1, "recorte_ignorado": false, "geometria_vazia": false, "area_km2": 0.0, "lat_sub": -21.718852, "lon_sub": -41.337653, "classificacao": "Transporte/manobra", "area_mae": "ENEL_RJ:MOB", "distribuidora": "ENEL RJ", "cod_sub": "CAMPOS", "nome": "Usina de Campos", "lat_rep": -21.718852, "lon_rep": -41.337653, "capacidade_mmgd_bdgd_kw": 0.0, "capacidade_homologada_localizada_kw": 0.0, "capacidade_lag_kw": 0.0, "pot_sem_homologacao_kw": 0.0, "n_unidades": 0.0, "n_sem_homologacao": 0.0, "capacidade_mmgd_kw": 0.0, "fonte": null, "fator_correcao": null, "capacidade_mmgd_corrigida_kw": 0.0 }, "geometry": { "type": "Polygon", "coordinates": [ [ [ -41.337556503785251, -21.718858859940166 ], [ -41.337589790200163, -21.718920481752701 ], [ -41.337659958845883, -21.718942061580247 ], [ -41.337725905837999, -21.71891095822923 ], [ -41.337749000280006, -21.718845391638133 ], [ -41.337715713804108, -21.71878376985017 ], [ -41.337645545219502, -21.718762190055585 ], [ -41.337579598288372, -21.718793293382038 ], [ -41.337556503785251, -21.718858859940166 ] ] ] } },
{ "type": "Feature", "properties": { "area_id": "ENEL_RJ:CANABRAVA", "potencia_nominal_mva": 0.0, "n_trafos": 0, "origem": "semente", "profundidade": 1, "recorte_ignorado": false, "geometria_vazia": false, "area_km2": 0.0, "lat_sub": -21.527034, "lon_sub": -41.25966, "classificacao": "Transporte/manobra", "area_mae": null, "distribuidora": "ENEL RJ", "cod_sub": "CANABRAVA", "nome": "CANABRAVA ENERGETICA SA", "lat_rep": -21.527034, "lon_rep": -41.25966, "capacidade_mmgd_bdgd_kw": 0.0, "capacidade_homologada_localizada_kw": 0.0, "capacidade_lag_kw": 0.0, "pot_sem_homologacao_kw": 0.0, "n_unidades": 0.0, "n_sem_homologacao": 0.0, "capacidade_mmgd_kw": 0.0, "fonte": null, "fator_correcao": null, "capacidade_mmgd_corrigida_kw": 0.0 }, "geometry": { "type": "Polygon", "coordinates": [ [ [ -41.25956385040547, -21.527041199337063 ], [ -41.259597070322904, -21.52710282695389 ], [ -41.259667133776325, -21.527124425337551 ], [ -41.259732998502216, -21.527093342424532 ], [ -41.259756081794713, -21.527027786180696 ], [ -41.259722861816591, -21.526966158587953 ], [ -41.259652798423325, -21.526944560237268 ], [ -41.259586933758129, -21.526975643126196 ], [ -41.25956385040547, -21.527041199337063 ] ] ] } },
{ "type": "Feature", "properties": { "area_id": "ENEL_RJ:CAR", "potencia_nominal_mva": 0.0, "n_trafos": 0, "origem": "semente", "profundidade": 1, "recorte_ignorado": false, "geometria_vazia": false, "area_km2": 0.0, "lat_sub": -22.189331, "lon_sub": -41.659525, "classificacao": "Transporte/manobra", "area_mae": null, "distribuidora": "ENEL RJ", "cod_sub": "CAR", "nome": "Carabebus", "lat_rep": -22.189331, "lon_rep": -41.659525, "capacidade_mmgd_bdgd_kw": 0.0, "capacidade_homologada_localizada_kw": 0.0, "capacidade_lag_kw": 0.0, "pot_sem_homologacao_kw": 0.0, "n_unidades": 0.0, "n_sem_homologacao": 0.0, "capacidade_mmgd_kw": 0.0, "fonte": null, "fator_correcao": null, "capacidade_mmgd_corrigida_kw": 0.0 }, "geometry": { "type": "Polygon", "coordinates": [ [ [ -41.65942797429819, -22.18933738870712 ], [ -41.659461489313792, -22.189398974829892 ], [ -41.65953194889812, -22.189420452395442 ], [ -41.65959807873692, -22.189389240114149 ], [ -41.659621140824378, -22.189323621735443 ], [ -41.659587625747498, -22.18926203563872 ], [ -41.659517166227033, -22.189240558105745 ], [ -41.659451036449504, -22.189271770360975 ], [ -41.65942797429819, -22.18933738870712 ] ] ] } },
{ "type": "Feature", "properties": { "area_id": "ENEL_RJ:CARGO", "potencia_nominal_mva": 0.0, "n_trafos": 0, "origem": "semente", "profundidade": 1, "recorte_ignorado": false, "geometria_vazia": false, "area_km2": 0.0, "lat_sub": -22.774828, "lon_sub": -42.979785, "classificacao": "Transporte/manobra", "area_mae": "ENEL_RJ:GXD", "distribuidora": "ENEL RJ", "cod_sub": "CARGO", "nome": "CARGO SPACE ARMAZENS GERAL", "lat_rep": -22.774828, "lon_rep": -42.979785, "capacidade_mmgd_bdgd_kw": 0.0, "capacidade_homologada_localizada_kw": 0.0, "capacidade_lag_kw": 0.0, "pot_sem_homologacao_kw": 0.0, "n_unidades": 0.0, "n_sem_homologacao": 0.0, "capacidade_mmgd_kw": 0.0, "fonte": null, "fator_correcao": null, "capacidade_mmgd_corrigida_kw": 0.0 }, "geometry": { "type": "Polygon", "coordinates": [ [ [ -42.979687997244795, -22.774835816997541 ], [ -42.979722241219399, -22.774897192074771 ], [ -42.979793255774254, -22.774918136623803 ], [ -42.979859441496593, -22.77488638159123 ], [ -42.979882027647001, -22.774820528665593 ], [ -42.979847783614254, -22.774759153618366 ], [ -42.979776769129337, -22.774738209098565 ], [ -42.979710583465142, -22.774769964101147 ], [ -42.979687997244795, -22.774835816997541 ] ] ] } },
{ "type": "Feature", "properties": { "area_id": "ENEL_RJ:CAS", "potencia_nominal_mva": 16.0, "n_trafos": 450, "origem": "fecho_trafos", "profundidade": 1, "recorte_ignorado": false, "geometria_vazia": false, "area_km2": 159.929, "lat_sub": -22.476385, "lon_sub": -42.185453, "classificacao": "Distribuição plena", "area_mae": null, "distribuidora": "ENEL RJ", "cod_sub": "CAS", "nome": "CASEMIRO DE ABREU", "lat_rep": -22.509455, "lon_rep": -42.168524, "capacidade_mmgd_bdgd_kw": 937.2, "capacidade_homologada_localizada_kw": 3339.26, "capacidade_lag_kw": 300.645, "pot_sem_homologacao_kw": 0.0, "n_unidades": 506.793, "n_sem_homologacao": 0.0, "capacidade_mmgd_kw": 3639.905, "fonte": "Solar FV", "fator_correcao": null, "capacidade_mmgd_corrigida_kw": 3639.905 }, "geometry": { "type": "Polygon", "coordinates": [ [ [ -42.246544563125802, -22.526630874232001 ], [ -42.239443668634394, -22.501606963101313 ], [ -42.210376141614532, -22.478132023808453 ], [ -42.177221701942422, -22.453027423089445 ], [ -42.161278047604256, -22.451903677147378 ], [ -42.139179806035145, -22.423093878449539 ], [ -42.100275994183271, -22.447590024609859 ], [ -42.09829659061689, -22.447449865294058 ], [ -42.097678418736706, -22.449224926106488 ], [ -42.085511639629182, -22.456881531715144 ], [ -42.080853801447738, -22.470131079716023 ], [ -42.079960489144973, -22.474344737638123 ], [ -42.090035819137029, -22.499261901596679 ], [ -42.100007087475184, -22.517028775378346 ], [ -42.101785503008166, -22.557163256359189 ], [ -42.123749376837544, -22.580455969290664 ], [ -42.141344742533306, -22.555947672610216 ], [ -42.195519318135361, -22.539572342675239 ], [ -42.229864735547338, -22.541234440406061 ], [ -42.222093175601515, -22.531117711426237 ], [ -42.246544563125802, -22.526630874232001 ] ] ] } },
{ "type": "Feature", "properties": { "area_id": "ENEL_RJ:CDM", "potencia_nominal_mva": 15.6, "n_trafos": 225, "origem": "fecho_trafos", "profundidade": 0, "recorte_ignorado": false, "geometria_vazia": false, "area_km2": 452.389, "lat_sub": -22.478063, "lon_sub": -42.657774, "classificacao": "Distribuição plena", "area_mae": null, "distribuidora": "ENEL RJ", "cod_sub": "CDM", "nome": "Cachoeira de Macacu", "lat_rep": -22.526557, "lon_rep": -42.569803, "capacidade_mmgd_bdgd_kw": 490.7, "capacidade_homologada_localizada_kw": 2876.4, "capacidade_lag_kw": 552.989, "pot_sem_homologacao_kw": 0.0, "n_unidades": 443.653, "n_sem_homologacao": 0.0, "capacidade_mmgd_kw": 3429.389, "fonte": "Solar FV", "fator_correcao": null, "capacidade_mmgd_corrigida_kw": 3429.389 }, "geometry": { "type": "Polygon", "coordinates": [ [ [ -42.794947654862455, -22.402182628375897 ], [ -42.789705371575891, -22.384714703156213 ], [ -42.66433676006482, -22.370414361265166 ], [ -42.653260123602919, -22.37830398252002 ], [ -42.631034747519301, -22.377868579314431 ], [ -42.617469990231768, -22.365365061534593 ], [ -42.582747408107345, -22.383733618858628 ], [ -42.452724087767741, -22.467695789273399 ], [ -42.538388657434382, -22.583132732078607 ], [ -42.572312332532363, -22.587205493109145 ], [ -42.794947654862455, -22.402182628375897 ] ] ] } },
{ "type": "Feature", "properties": { "area_id": "ENEL_RJ:CED", "potencia_nominal_mva": 16.0, "n_trafos": 673, "origem": "fecho_trafos", "profundidade": 0, "recorte_ignorado": false, "geometria_vazia": false, "area_km2": 411.708, "lat_sub": -22.618694, "lon_sub": -42.270907, "classificacao": "Distribuição plena", "area_mae": null, "distribuidora": "ENEL RJ", "cod_sub": "CED", "nome": "Juturnaiba Cedaema", "lat_rep": -22.672224, "lon_rep": -42.207992, "capacidade_mmgd_bdgd_kw": 150.0, "capacidade_homologada_localizada_kw": 931.29, "capacidade_lag_kw": 160.848, "pot_sem_homologacao_kw": 0.0, "n_unidades": 141.665, "n_sem_homologacao": 0.0, "capacidade_mmgd_kw": 1092.138, "fonte": "Solar FV", "fator_correcao": null, "capacidade_mmgd_corrigida_kw": 1092.138 }, "geometry": { "type": "MultiPolygon", "coordinates": [ [ [ [ -42.244307846474285, -22.776319651019808 ], [ -42.242271789678384, -22.77678008259247 ], [ -42.242271789678426, -22.77678008259246 ], [ -42.244307846474285, -22.776319651019808 ] ] ], [ [ [ -42.245016496085888, -22.776159390796337 ], [ -42.245016496085817, -22.776159390796352 ], [ -42.244307846474285, -22.776319651019808 ], [ -42.245016496085888, -22.776159390796337 ] ] ], [ [ [ -42.286231271174785, -22.614550159635183 ], [ -42.247037432844017, -22.542062744477128 ], [ -42.195519316098697, -22.539572328351024 ], [ -42.141344530501947, -22.5559477323336 ], [ -42.096763140592806, -22.618022259178289 ], [ -42.09676313472027, -22.618022278310153 ], [ -42.080702616857153, -22.680754987984447 ], [ -42.093064048351096, -22.632481515703518 ], [ -42.102354901366425, -22.659543084131901 ], [ -42.087262898433011, -22.692520256673113 ], [ -42.100308479772366, -22.705335895259854 ], [ -42.11941672205036, -22.693874757418559 ], [ -42.142146724365382, -22.701344686375435 ], [ -42.154135305682189, -22.709448317023266 ], [ -42.174382109352067, -22.728339413765969 ], [ -42.184528431346131, -22.784219560919468 ], [ -42.1913896311423, -22.788276816316031 ], [ -42.222596720055357, -22.781227842013749 ], [ -42.226637958847455, -22.779034157340185 ], [ -42.227872704676592, -22.780035421981847 ], [ -42.242271789678384, -22.77678008259247 ], [ -42.251895705223511, -22.73973242665263 ], [ -42.260801995003199, -22.73813654112806 ], [ -42.266812001221169, -22.723653435638251 ], [ -42.304672987590251, -22.720379101925509 ], [ -42.322333851938758, -22.661461683259255 ], [ -42.286231271174785, -22.614550159635183 ] ] ] ] } },
{ "type": "Feature", "properties": { "area_id": "ENEL_RJ:CEDAE_IMU", "potencia_nominal_mva": 0.0, "n_trafos": 0, "origem": "semente", "profundidade": 0, "recorte_ignorado": false, "geometria_vazia": false, "area_km2": 54.247, "lat_sub": -22.685292, "lon_sub": -42.950865, "classificacao": "Transporte/manobra", "area_mae": null, "distribuidora": "ENEL RJ", "cod_sub": "CEDAE_IMU", "nome": "CEDAE IMUNANA", "lat_rep": -22.658309, "lon_rep": -42.933667, "capacidade_mmgd_bdgd_kw": 0.0, "capacidade_homologada_localizada_kw": 0.0, "capacidade_lag_kw": 0.0, "pot_sem_homologacao_kw": 0.0, "n_unidades": 0.0, "n_sem_homologacao": 0.0, "capacidade_mmgd_kw": 0.0, "fonte": null, "fator_correcao": null, "capacidade_mmgd_corrigida_kw": 0.0 }, "geometry": { "type": "Polygon", "coordinates": [ [ [ -43.05114449609362, -22.691948396590018 ], [ -43.047137927029617, -22.688449118164453 ], [ -42.954027508165197, -22.693240430559815 ], [ -42.950321501230924, -22.629807138693575 ], [ -42.957472428680447, -22.615860746454995 ], [ -42.937795203738837, -22.611569134568231 ], [ -42.927204559819103, -22.620182439297764 ], [ -42.904285104142133, -22.693320233539776 ], [ -42.942809041375774, -22.70572340092021 ], [ -42.948953281236406, -22.712722454295712 ], [ -43.035197407890813, -22.704772974265346 ], [ -43.03641818330464, -22.703791382326671 ], [ -43.0389, -22.6926 ], [ -43.05022084346701, -22.692691334125819 ], [ -43.05114449609362, -22.691948396590018 ] ] ] } },
{ "type": "Feature", "properties": { "area_id": "ENEL_RJ:CEL", "potencia_nominal_mva": 149.9, "n_trafos": 2108, "origem": "fecho_trafos", "profundidade": 0, "recorte_ignorado": false, "geometria_vazia": false, "area_km2": 88.239, "lat_sub": -22.702241, "lon_sub": -43.281871, "classificacao": "Distribuição plena", "area_mae": null, "distribuidora": "ENEL RJ", "cod_sub": "CEL", "nome": "Campos Eliseos", "lat_rep": -22.708686, "lon_rep": -43.207172, "capacidade_mmgd_bdgd_kw": 5949.3, "capacidade_homologada_localizada_kw": 10437.41, "capacidade_lag_kw": 1415.36, "pot_sem_homologacao_kw": 0.0, "n_unidades": 1127.627, "n_sem_homologacao": 0.0, "capacidade_mmgd_kw": 11852.77, "fonte": "Solar FV", "fator_correcao": null, "capacidade_mmgd_corrigida_kw": 11852.77 }, "geometry": { "type": "MultiPolygon", "coordinates": [ [ [ [ -43.287947520935532, -22.745611535197007 ], [ -43.287947497885192, -22.745611531623663 ], [ -43.287947520503913, -22.745611537075742 ], [ -43.287947520935532, -22.745611535197007 ] ] ], [ [ [ -43.29228474841117, -22.682516726626318 ], [ -43.291934423461463, -22.68098723975552 ], [ -43.292428889794635, -22.678148363147756 ], [ -43.292846418498712, -22.676297918601399 ], [ -43.293623666018583, -22.673972901348414 ], [ -43.293625555647985, -22.673973022573715 ], [ -43.293210958097958, -22.671630172843187 ], [ -43.292992722854656, -22.673201489832465 ], [ -43.255167402999632, -22.667614822369934 ], [ -43.241872189880262, -22.66965948858271 ], [ -43.240086992003206, -22.665387417130788 ], [ -43.239889052036013, -22.66535812973796 ], [ -43.23227119811844, -22.671135335725939 ], [ -43.219369584578786, -22.673117576664318 ], [ -43.185675307218979, -22.699595054571564 ], [ -43.164873455605296, -22.706551649116889 ], [ -43.134958526380778, -22.707407808357036 ], [ -43.125476945610046, -22.687929254346056 ], [ -43.11984695370564, -22.689158720095993 ], [ -43.116267258705363, -22.692254379799554 ], [ -43.11435592606739, -22.694245916098993 ], [ -43.114979150996696, -22.69615973746803 ], [ -43.1157, -22.6964 ], [ -43.117400001257721, -22.706899999412784 ], [ -43.124700000540699, -22.713699998925357 ], [ -43.1347, -22.7145 ], [ -43.1425, -22.7084 ], [ -43.161, -22.7099 ], [ -43.1803, -22.72 ], [ -43.1949, -22.7221 ], [ -43.1995, -22.7251 ], [ -43.2146, -22.7277 ], [ -43.213200001359674, -22.734299999442406 ], [ -43.225500000399464, -22.741199998981561 ], [ -43.2387, -22.7431 ], [ -43.24460000070485, -22.751099999205252 ], [ -43.250008448782175, -22.753255424262033 ], [ -43.276995144876821, -22.74344680036997 ], [ -43.279319871952481, -22.743906229659466 ], [ -43.28489629487796, -22.740573884510628 ], [ -43.289472975701663, -22.738909521632387 ], [ -43.289754772771055, -22.737671902732878 ], [ -43.291606805993737, -22.736565540419733 ], [ -43.297532806112905, -22.722550466346192 ], [ -43.295662038139845, -22.711710249223579 ], [ -43.298273097069909, -22.70023138065152 ], [ -43.295410266109009, -22.684057509472147 ], [ -43.295180507505073, -22.684343621577355 ], [ -43.29228474841117, -22.682516726626318 ] ], [ [ -43.241727991766794, -22.715775234043033 ], [ -43.241784990563353, -22.715819734325464 ], [ -43.241791376816508, -22.715888591875892 ], [ -43.241743409481984, -22.715941470876157 ], [ -43.241669187167155, -22.71594739549559 ], [ -43.241612188361209, -22.715902895171546 ], [ -43.241605802198158, -22.715834037619693 ], [ -43.241653769542062, -22.715781158661041 ], [ -43.241727991766794, -22.715775234043033 ] ], [ [ -43.242263675893625, -22.715991279467371 ], [ -43.242315698889833, -22.716040748359607 ], [ -43.242314779592235, -22.716109855078262 ], [ -43.242261456449121, -22.716158117840013 ], [ -43.242186965440439, -22.716157264944567 ], [ -43.242134942452594, -22.716107796011251 ], [ -43.242135861840396, -22.716038689299303 ], [ -43.242189184975146, -22.715990426578632 ], [ -43.242263675893625, -22.715991279467371 ] ], [ [ -43.244239989802509, -22.715388607401792 ], [ -43.244301416371123, -22.715427709424333 ], [ -43.244315048162839, -22.715495654552736 ], [ -43.244272899797778, -22.715552641459009 ], [ -43.244199661197662, -22.715565287957684 ], [ -43.244138234602261, -22.715526185894628 ], [ -43.244124602897067, -22.715458240756696 ], [ -43.244166751288923, -22.715401253890938 ], [ -43.244239989802509, -22.715388607401792 ] ], [ [ -43.249669140634253, -22.716827857940128 ], [ -43.249715689870207, -22.716881817243269 ], [ -43.249707477193041, -22.716950508202714 ], [ -43.24964931341632, -22.716993692575755 ], [ -43.249575270109716, -22.716986073514807 ], [ -43.249528720899534, -22.716932114172675 ], [ -43.249536933663542, -22.7168634232278 ], [ -43.249595097414492, -22.716820238893749 ], [ -43.249669140634253, -22.716827857940128 ] ], [ [ -43.253540008594889, -22.712410375836786 ], [ -43.253605271806236, -22.712443700145116 ], [ -43.253626020824306, -22.712510077591006 ], [ -43.253590101099498, -22.712570625179104 ], [ -43.253518553888924, -22.712589874926714 ], [ -43.25345329063439, -22.712556550580523 ], [ -43.253432541695922, -22.712490173117359 ], [ -43.253468461463918, -22.712429625567122 ], [ -43.253540008594889, -22.712410375836786 ] ] ] ] } },
{ "type": "Feature", "properties": { "area_id": "ENEL_RJ:CEN", "potencia_nominal_mva": 0.0, "n_trafos": 0, "origem": "semente", "profundidade": 0, "recorte_ignorado": false, "geometria_vazia": false, "area_km2": 288.649, "lat_sub": -22.287829, "lon_sub": -42.381171, "classificacao": "Transporte/manobra", "area_mae": "ENEL_RJ:BRL", "distribuidora": "ENEL RJ", "cod_sub": "CEN", "nome": "ENERGISA SE CENTENARIO", "lat_rep": -22.361772, "lon_rep": -42.381833, "capacidade_mmgd_bdgd_kw": 0.0, "capacidade_homologada_localizada_kw": 0.0, "capacidade_lag_kw": 0.0, "pot_sem_homologacao_kw": 0.0, "n_unidades": 0.0, "n_sem_homologacao": 0.0, "capacidade_mmgd_kw": 0.0, "fonte": null, "fator_correcao": null, "capacidade_mmgd_corrigida_kw": 0.0 }, "geometry": { "type": "Polygon", "coordinates": [ [ [ -42.451135942705243, -22.467229751479422 ], [ -42.447165331959489, -22.270648636691103 ], [ -42.43252175499169, -22.278621200542943 ], [ -42.404165505407335, -22.269882477418026 ], [ -42.383548826689392, -22.263006995639941 ], [ -42.380058511767928, -22.261627214237301 ], [ -42.377895813302096, -22.260301245496446 ], [ -42.361953548546197, -22.249945942684025 ], [ -42.348775304260286, -22.280808324082859 ], [ -42.348696899229544, -22.294877952896552 ], [ -42.346293964232657, -22.302037657023039 ], [ -42.339256246993514, -22.303090726099011 ], [ -42.2900027016167, -22.418244114893074 ], [ -42.33714335105671, -22.451810305193138 ], [ -42.358359290257397, -22.469235376942944 ], [ -42.451135942705243, -22.467229751479422 ] ] ] } },
{ "type": "Feature", "properties": { "area_id": "ENEL_RJ:CESP", "potencia_nominal_mva": 15.0, "n_trafos": 51, "origem": "fecho_trafos", "profundidade": 0, "recorte_ignorado": false, "geometria_vazia": false, "area_km2": 56.164, "lat_sub": -22.425754, "lon_sub": -44.740312, "classificacao": "Distribuição plena", "area_mae": null, "distribuidora": "ENEL RJ", "cod_sub": "CESP", "nome": "Palmital", "lat_rep": -22.398675, "lon_rep": -44.75026, "capacidade_mmgd_bdgd_kw": 3.3, "capacidade_homologada_localizada_kw": 16.76, "capacidade_lag_kw": 2.55, "pot_sem_homologacao_kw": 0.0, "n_unidades": 3.297, "n_sem_homologacao": 0.0, "capacidade_mmgd_kw": 19.31, "fonte": "Solar FV", "fator_correcao": null, "capacidade_mmgd_corrigida_kw": 19.31 }, "geometry": { "type": "Polygon", "coordinates": [ [ [ -44.8094, -22.405599978254727 ], [ -44.809399989332427, -22.404299980836171 ], [ -44.803499999110379, -22.393700000728906 ], [ -44.792899999543394, -22.386900000747112 ], [ -44.756099999884263, -22.374700001101179 ], [ -44.7467, -22.376 ], [ -44.7411, -22.3731 ], [ -44.729599999452297, -22.360800001013324 ], [ -44.721200000323321, -22.360200001098576 ], [ -44.708, -22.3688 ], [ -44.6704, -22.3748 ], [ -44.665900000529923, -22.372700001437231 ], [ -44.665555178165363, -22.373372443965504 ], [ -44.716255588162547, -22.417966401421115 ], [ -44.729898861843495, -22.436820285607851 ], [ -44.729065419972052, -22.443950253374911 ], [ -44.7286093569844, -22.446570975827829 ], [ -44.731499998991524, -22.441399999669624 ], [ -44.7331, -22.434 ], [ -44.7414, -22.4248 ], [ -44.7553, -22.4153 ], [ -44.770099999551014, -22.415499998833095 ], [ -44.7785, -22.4089 ], [ -44.794699999739713, -22.408899998997409 ], [ -44.8054, -22.4038 ], [ -44.8094, -22.405599978254727 ] ] ] } },
{ "type": "Feature", "properties": { "area_id": "ENEL_RJ:CHV", "potencia_nominal_mva": 15.0, "n_trafos": 0, "origem": "semente", "profundidade": 1, "recorte_ignorado": false, "geometria_vazia": false, "area_km2": 0.0, "lat_sub": -21.932104, "lon_sub": -42.320466, "classificacao": "Transformadora pura", "area_mae": null, "distribuidora": "ENEL RJ", "cod_sub": "CHV", "nome": "Chave do Vaz", "lat_rep": -21.932104, "lon_rep": -42.320466, "capacidade_mmgd_bdgd_kw": 0.0, "capacidade_homologada_localizada_kw": 0.0, "capacidade_lag_kw": 0.0, "pot_sem_homologacao_kw": 0.0, "n_unidades": 0.0, "n_sem_homologacao": 0.0, "capacidade_mmgd_kw": 0.0, "fonte": null, "fator_correcao": null, "capacidade_mmgd_corrigida_kw": 0.0 }, "geometry": { "type": "Polygon", "coordinates": [ [ [ -42.320369201761906, -21.932110855479703 ], [ -42.320402974524207, -21.932172332430245 ], [ -42.320473447645689, -21.932193522099801 ], [ -42.320539338881602, -21.932162011845957 ], [ -42.320562049998735, -21.932096259967178 ], [ -42.320528277178362, -21.932034783043775 ], [ -42.320457804121602, -21.932013593404491 ], [ -42.320391912943755, -21.932045103631189 ], [ -42.320369201761906, -21.932110855479703 ] ] ] } },
{ "type": "Feature", "properties": { "area_id": "ENEL_RJ:CLARIANT", "potencia_nominal_mva": 0.0, "n_trafos": 0, "origem": "semente", "profundidade": 1, "recorte_ignorado": false, "geometria_vazia": false, "area_km2": 0.0, "lat_sub": -22.463724, "lon_sub": -44.47158, "classificacao": "Transporte/manobra", "area_mae": null, "distribuidora": "ENEL RJ", "cod_sub": "CLARIANT", "nome": "ATANOR DO BRASIL LTDA", "lat_rep": -22.463724, "lon_rep": -44.47158, "capacidade_mmgd_bdgd_kw": 0.0, "capacidade_homologada_localizada_kw": 0.0, "capacidade_lag_kw": 0.0, "pot_sem_homologacao_kw": 0.0, "n_unidades": 0.0, "n_sem_homologacao": 0.0, "capacidade_mmgd_kw": 0.0, "fonte": null, "fator_correcao": null, "capacidade_mmgd_corrigida_kw": 0.0 }, "geometry": { "type": "Polygon", "coordinates": [ [ [ -44.471483140370701, -22.463732831900838 ], [ -44.471517991851883, -22.4637939147492 ], [ -44.471589106687112, -22.463814201960112 ], [ -44.47165482671879, -22.463781809543441 ], [ -44.471676654007439, -22.463715712560628 ], [ -44.471641802474743, -22.463654629744983 ], [ -44.47157068771223, -22.463634342558326 ], [ -44.471504967732074, -22.463666734942272 ], [ -44.471483140370701, -22.463732831900838 ] ] ] } },
{ "type": "Feature", "properties": { "area_id": "ENEL_RJ:CMB", "potencia_nominal_mva": 12.5, "n_trafos": 1659, "origem": "fecho_trafos", "profundidade": 0, "recorte_ignorado": false, "geometria_vazia": false, "area_km2": 745.576, "lat_sub": -22.081416, "lon_sub": -41.869534, "classificacao": "Distribuição plena", "area_mae": null, "distribuidora": "ENEL RJ", "cod_sub": "CMB", "nome": "Conceicao de Macabu", "lat_rep": -22.028277, "lon_rep": -41.873751, "capacidade_mmgd_bdgd_kw": 496.4, "capacidade_homologada_localizada_kw": 3795.3, "capacidade_lag_kw": 584.933, "pot_sem_homologacao_kw": 0.0, "n_unidades": 433.275, "n_sem_homologacao": 0.0, "capacidade_mmgd_kw": 4380.233, "fonte": "Solar FV", "fator_correcao": null, "capacidade_mmgd_corrigida_kw": 4380.233 }, "geometry": { "type": "MultiPolygon", "coordinates": [ [ [ [ -41.739287288514852, -22.211549257468324 ], [ -41.733658922725162, -22.205018805662938 ], [ -41.733656193159852, -22.205018138576211 ], [ -41.739287288514852, -22.211549257468324 ] ] ], [ [ [ -41.893172741490595, -21.947092263205992 ], [ -41.92710769263833, -21.842822144805623 ], [ -41.867878963315029, -21.92881392490186 ], [ -41.797461198434078, -21.877886110396258 ], [ -41.793983525747834, -21.879507142504767 ], [ -41.784200687596559, -21.884821347083861 ], [ -41.786956268685898, -22.021148068184466 ], [ -41.781029094135675, -22.031927338927133 ], [ -41.692774062748327, -22.04350428236118 ], [ -41.683297112318868, -22.043873606064903 ], [ -41.667512333152317, -22.104267741384469 ], [ -41.668823584309706, -22.113793518089494 ], [ -41.671867852801711, -22.131830767267196 ], [ -41.673030664177304, -22.134673354381547 ], [ -41.67303067879979, -22.134673373295144 ], [ -41.733658922725162, -22.205018805662938 ], [ -41.808823279600418, -22.22338845032867 ], [ -41.876068769781412, -22.199170666240484 ], [ -41.90916723264224, -22.179241766025044 ], [ -41.937865316842753, -22.195723996457215 ], [ -41.938227664341362, -22.196272560332904 ], [ -41.931288780501419, -22.165914927536623 ], [ -41.939210814756251, -22.16114073064071 ], [ -41.942449173158749, -22.15850797319715 ], [ -41.959553937121328, -22.133549651258793 ], [ -41.988169636571563, -22.078936143982581 ], [ -41.974236848117876, -22.042667231643811 ], [ -41.894336793153101, -21.947933529038487 ], [ -41.893172741490595, -21.947092263205992 ] ] ], [ [ [ -41.940735550160284, -21.83012735205951 ], [ -41.976923920245113, -21.827612610156063 ], [ -41.964565692598661, -21.826304151601374 ], [ -41.961182684747278, -21.82471842484037 ], [ -41.940735550160284, -21.83012735205951 ] ] ] ] } },
{ "type": "Feature", "properties": { "area_id": "ENEL_RJ:COL", "potencia_nominal_mva": 0.0, "n_trafos": 0, "origem": "semente", "profundidade": 2, "recorte_ignorado": false, "geometria_vazia": false, "area_km2": 0.0, "lat_sub": -22.031962, "lon_sub": -42.260175, "classificacao": "Transporte/manobra", "area_mae": "ENEL_RJ:VPA", "distribuidora": "ENEL RJ", "cod_sub": "COL", "nome": "Coletora", "lat_rep": -22.031962, "lon_rep": -42.260175, "capacidade_mmgd_bdgd_kw": 0.0, "capacidade_homologada_localizada_kw": 0.0, "capacidade_lag_kw": 0.0, "pot_sem_homologacao_kw": 0.0, "n_unidades": 0.0, "n_sem_homologacao": 0.0, "capacidade_mmgd_kw": 0.0, "fonte": null, "fator_correcao": null, "capacidade_mmgd_corrigida_kw": 0.0 }, "geometry": { "type": "Polygon", "coordinates": [ [ [ -42.260079911424249, -22.031978167678972 ], [ -42.260119977043672, -22.032036274537269 ], [ -42.260192377110982, -22.03205094837476 ], [ -42.260254700595802, -22.032013593439114 ], [ -42.260270439214189, -22.031946091767942 ], [ -42.260230373549959, -22.031887984942248 ], [ -42.260157973557774, -22.031873311129445 ], [ -42.260095650117748, -22.031910666032474 ], [ -42.260079911424249, -22.031978167678972 ] ] ] } },
{ "type": "Feature", "properties": { "area_id": "ENEL_RJ:COMPERJ", "potencia_nominal_mva": 0.0, "n_trafos": 0, "origem": "semente", "profundidade": 0, "recorte_ignorado": false, "geometria_vazia": false, "area_km2": 105.693, "lat_sub": -22.663359, "lon_sub": -42.86962, "classificacao": "Transporte/manobra", "area_mae": null, "distribuidora": "ENEL RJ", "cod_sub": "COMPERJ", "nome": "PETROBRAS COMPERJ", "lat_rep": -22.653563, "lon_rep": -42.846377, "capacidade_mmgd_bdgd_kw": 0.0, "capacidade_homologada_localizada_kw": 0.0, "capacidade_lag_kw": 0.0, "pot_sem_homologacao_kw": 0.0, "n_unidades": 0.0, "n_sem_homologacao": 0.0, "capacidade_mmgd_kw": 0.0, "fonte": null, "fator_correcao": null, "capacidade_mmgd_corrigida_kw": 0.0 }, "geometry": { "type": "Polygon", "coordinates": [ [ [ -42.927204540768692, -22.620182453459929 ], [ -42.923099717995335, -22.623520198649281 ], [ -42.830323905982681, -22.637950628699649 ], [ -42.82521069692536, -22.635124003710686 ], [ -42.79817273788364, -22.616918000803587 ], [ -42.76694051438551, -22.667870415515573 ], [ -42.787129594951736, -22.697049670035373 ], [ -42.798653118956111, -22.699919479184722 ], [ -42.83611229732557, -22.700993936291983 ], [ -42.872872413009837, -22.702602655160153 ], [ -42.871841597251723, -22.697311875108745 ], [ -42.882659813571486, -22.686352901217305 ], [ -42.904285101977671, -22.693320232977655 ], [ -42.927204540768692, -22.620182453459929 ] ] ] } },
{ "type": "Feature", "properties": { "area_id": "ENEL_RJ:COTEBIG", "potencia_nominal_mva": 0.0, "n_trafos": 0, "origem": "semente", "profundidade": 1, "recorte_ignorado": false, "geometria_vazia": false, "area_km2": 0.0, "lat_sub": -22.994087, "lon_sub": -44.224767, "classificacao": "Transporte/manobra", "area_mae": "ENEL_RJ:JAC", "distribuidora": "ENEL RJ", "cod_sub": "COTEBIG", "nome": "PETROBRAS TEBIG", "lat_rep": -22.994087, "lon_rep": -44.224767, "capacidade_mmgd_bdgd_kw": 0.0, "capacidade_homologada_localizada_kw": 0.0, "capacidade_lag_kw": 0.0, "pot_sem_homologacao_kw": 0.0, "n_unidades": 0.0, "n_sem_homologacao": 0.0, "capacidade_mmgd_kw": 0.0, "fonte": null, "fator_correcao": null, "capacidade_mmgd_corrigida_kw": 0.0 }, "geometry": { "type": "Polygon", "coordinates": [ [ [ -44.224669419783872, -22.99409526980552 ], [ -44.224704288168653, -22.994156403033845 ], [ -44.224775636046992, -22.994176804456089 ], [ -44.224841668746691, -22.994144523177685 ], [ -44.224863705169838, -22.994078469157042 ], [ -44.224828836731056, -22.994017335961786 ], [ -44.22475748892699, -22.993996934565182 ], [ -44.224691456281306, -22.994029215810496 ], [ -44.224669419783872, -22.99409526980552 ] ] ] } },
{ "type": "Feature", "properties": { "area_id": "ENEL_RJ:C.PARAISO", "potencia_nominal_mva": 0.0, "n_trafos": 0, "origem": "semente", "profundidade": 1, "recorte_ignorado": false, "geometria_vazia": false, "area_km2": 0.0, "lat_sub": -21.378712, "lon_sub": -41.688115, "classificacao": "Transporte/manobra", "area_mae": "ENEL_RJ:ITL", "distribuidora": "ENEL RJ", "cod_sub": "C.PARAISO", "nome": "CALPAR MINERACAO ITALVA", "lat_rep": -21.378712, "lon_rep": -41.688115, "capacidade_mmgd_bdgd_kw": 0.0, "capacidade_homologada_localizada_kw": 0.0, "capacidade_lag_kw": 0.0, "pot_sem_homologacao_kw": 0.0, "n_unidades": 0.0, "n_sem_homologacao": 0.0, "capacidade_mmgd_kw": 0.0, "fonte": null, "fator_correcao": null, "capacidade_mmgd_corrigida_kw": 0.0 }, "geometry": { "type": "Polygon", "coordinates": [ [ [ -41.688018791059783, -21.378719084872095 ], [ -41.68805218086294, -21.378780647904584 ], [ -41.688122267782703, -21.378802065475092 ], [ -41.688187995808846, -21.378770791439038 ], [ -41.688210862313753, -21.378705145720069 ], [ -41.688177472451891, -21.378643582712403 ], [ -41.688107385592922, -21.378622165173422 ], [ -41.688041657625497, -21.378653439184653 ], [ -41.688018791059783, -21.378719084872095 ] ] ] } },
{ "type": "Feature", "properties": { "area_id": "ENEL_RJ:CQT", "potencia_nominal_mva": 15.0, "n_trafos": 1324, "origem": "fecho_trafos", "profundidade": 0, "recorte_ignorado": false, "geometria_vazia": false, "area_km2": 380.417, "lat_sub": -22.264495, "lon_sub": -42.686022, "classificacao": "Distribuição plena", "area_mae": null, "distribuidora": "ENEL RJ", "cod_sub": "CQT", "nome": "Conquista", "lat_rep": -22.252783, "lon_rep": -42.704342, "capacidade_mmgd_bdgd_kw": 670.5, "capacidade_homologada_localizada_kw": 4321.31, "capacidade_lag_kw": 610.105, "pot_sem_homologacao_kw": 0.0, "n_unidades": 412.885, "n_sem_homologacao": 0.0, "capacidade_mmgd_kw": 4931.415, "fonte": "Solar FV", "fator_correcao": null, "capacidade_mmgd_corrigida_kw": 4931.415 }, "geometry": { "type": "Polygon", "coordinates": [ [ [ -42.802213721831585, -22.244544592193922 ], [ -42.800680649902056, -22.239877552960902 ], [ -42.774307194862367, -22.213580991660255 ], [ -42.691285270558765, -22.174423512226102 ], [ -42.681447824835139, -22.147611093152722 ], [ -42.692430294916242, -22.132893601095709 ], [ -42.602807814932348, -22.184674488281356 ], [ -42.61449013935696, -22.323706287359688 ], [ -42.60487334671086, -22.353750811345808 ], [ -42.631034452430157, -22.37786857658169 ], [ -42.6532601860429, -22.378304020174838 ], [ -42.664337059667716, -22.370414398784519 ], [ -42.789705371823032, -22.384714701037893 ], [ -42.796537681483606, -22.373097029615693 ], [ -42.749967689909276, -22.334170989260844 ], [ -42.742088698536278, -22.312741913851841 ], [ -42.794449379630407, -22.270966398216277 ], [ -42.797561286561702, -22.26532152690859 ], [ -42.798343821169198, -22.263675667452102 ], [ -42.802213721831585, -22.244544592193922 ] ] ] } },
{ "type": "Feature", "properties": { "area_id": "ENEL_RJ:CRH", "potencia_nominal_mva": 0.0, "n_trafos": 0, "origem": "semente", "profundidade": 1, "recorte_ignorado": false, "geometria_vazia": false, "area_km2": 0.0, "lat_sub": -21.977509, "lon_sub": -42.287727, "classificacao": "Transporte/manobra", "area_mae": null, "distribuidora": "ENEL RJ", "cod_sub": "CRH", "nome": "CRH CANTAGALO IND CIMENTOS", "lat_rep": -21.977509, "lon_rep": -42.287727, "capacidade_mmgd_bdgd_kw": 0.0, "capacidade_homologada_localizada_kw": 0.0, "capacidade_lag_kw": 0.0, "pot_sem_homologacao_kw": 0.0, "n_unidades": 0.0, "n_sem_homologacao": 0.0, "capacidade_mmgd_kw": 0.0, "fonte": null, "fator_correcao": null, "capacidade_mmgd_corrigida_kw": 0.0 }, "geometry": { "type": "Polygon", "coordinates": [ [ [ -42.287630369053886, -21.977515865634572 ], [ -42.287664135389555, -21.977577348685493 ], [ -42.287734623649598, -21.977598554105771 ], [ -42.287800542721243, -21.977567060026335 ], [ -42.287823278065311, -21.977501315270892 ], [ -42.28778951167132, -21.977439832247114 ], [ -42.287719023476086, -21.977418626857247 ], [ -42.287653104462763, -21.977450120909552 ], [ -42.287630369053886, -21.977515865634572 ] ] ] } },
{ "type": "Feature", "properties": { "area_id": "ENEL_RJ:CRM", "potencia_nominal_mva": 0.0, "n_trafos": 0, "origem": "semente", "profundidade": 1, "recorte_ignorado": false, "geometria_vazia": false, "area_km2": 0.0, "lat_sub": -21.492733, "lon_sub": -41.619868, "classificacao": "Transporte/manobra", "area_mae": null, "distribuidora": "ENEL RJ", "cod_sub": "CRM", "nome": "Cardoso Moreira", "lat_rep": -21.492733, "lon_rep": -41.619868, "capacidade_mmgd_bdgd_kw": 0.0, "capacidade_homologada_localizada_kw": 0.0, "capacidade_lag_kw": 0.0, "pot_sem_homologacao_kw": 0.0, "n_unidades": 0.0, "n_sem_homologacao": 0.0, "capacidade_mmgd_kw": 0.0, "fonte": null, "fator_correcao": null, "capacidade_mmgd_corrigida_kw": 0.0 }, "geometry": { "type": "Polygon", "coordinates": [ [ [ -41.619771937058772, -21.492740212757514 ], [ -41.619805315015654, -21.492801788391791 ], [ -41.619875439829777, -21.492823240184585 ], [ -41.619941233292721, -21.492792001944117 ], [ -41.619964154444489, -21.492726372625505 ], [ -41.619930776428319, -21.492664797016076 ], [ -41.619860651675239, -21.492643345255139 ], [ -41.61979485827159, -21.492674583470755 ], [ -41.619771937058772, -21.492740212757514 ] ] ] } },
{ "type": "Feature", "properties": { "area_id": "ENEL_RJ:CRZ", "potencia_nominal_mva": 20.0, "n_trafos": 1994, "origem": "fecho_trafos", "profundidade": 0, "recorte_ignorado": false, "geometria_vazia": false, "area_km2": 619.666, "lat_sub": -21.251699, "lon_sub": -41.762755, "classificacao": "Distribuição plena", "area_mae": null, "distribuidora": "ENEL RJ", "cod_sub": "CRZ", "nome": "Cruzamento", "lat_rep": -21.136112, "lon_rep": -41.723415, "capacidade_mmgd_bdgd_kw": 5122.7, "capacidade_homologada_localizada_kw": 12883.01, "capacidade_lag_kw": 2337.927, "pot_sem_homologacao_kw": 0.0, "n_unidades": 1536.885, "n_sem_homologacao": 0.0, "capacidade_mmgd_kw": 15220.937, "fonte": "Solar FV", "fator_correcao": null, "capacidade_mmgd_corrigida_kw": 15220.937 }, "geometry": { "type": "MultiPolygon", "coordinates": [ [ [ [ -41.828093486248811, -21.324705659784332 ], [ -41.828550498496398, -21.227529486321217 ], [ -41.78049947427327, -21.120829502756965 ], [ -41.784436610151602, -21.066169960485801 ], [ -41.80291978724668, -21.039220975752954 ], [ -41.808776714298041, -21.03113441274942 ], [ -41.809663288894747, -21.029967430071622 ], [ -41.811145616261612, -21.029905514460165 ], [ -41.742711745607586, -20.949031643435262 ], [ -41.725097564549351, -20.951870094523354 ], [ -41.717655962249182, -20.959200447851551 ], [ -41.718, -20.965 ], [ -41.710998580980899, -20.987865981451897 ], [ -41.710997288550352, -20.987917665527785 ], [ -41.710971003079216, -20.987956030199182 ], [ -41.7101, -20.9908 ], [ -41.7156, -20.9913 ], [ -41.7208, -21.0001 ], [ -41.7224, -21.0092 ], [ -41.7145, -21.0154 ], [ -41.7154, -21.0223 ], [ -41.7232, -21.0259 ], [ -41.7252, -21.0329 ], [ -41.7218, -21.043 ], [ -41.7162, -21.0468 ], [ -41.7238, -21.0557 ], [ -41.7285, -21.049 ], [ -41.7326, -21.0664 ], [ -41.7235, -21.067 ], [ -41.7216, -21.0733 ], [ -41.725715674452495, -21.079240491327411 ], [ -41.725770061188996, -21.079246845273008 ], [ -41.725812397302597, -21.079280846601801 ], [ -41.725827522538921, -21.079331267769309 ], [ -41.725811641075197, -21.079379001819902 ], [ -41.7313, -21.0873 ], [ -41.7359, -21.1026 ], [ -41.7263, -21.1068 ], [ -41.7169, -21.1051 ], [ -41.7106, -21.1111 ], [ -41.718, -21.1161 ], [ -41.7171, -21.1253 ], [ -41.7049, -21.1278 ], [ -41.7054, -21.1205 ], [ -41.6956, -21.1155 ], [ -41.6887, -21.1218 ], [ -41.6777, -21.1241 ], [ -41.6791, -21.1304 ], [ -41.6639, -21.1248 ], [ -41.6654, -21.132 ], [ -41.6524, -21.1377 ], [ -41.6455, -21.1434 ], [ -41.622, -21.147 ], [ -41.6126, -21.157 ], [ -41.5891, -21.1496 ], [ -41.5861, -21.1597 ], [ -41.5786, -21.1696 ], [ -41.5698, -21.1724 ], [ -41.5701, -21.1793 ], [ -41.5646, -21.1837 ], [ -41.5577, -21.1733 ], [ -41.5487, -21.183 ], [ -41.5304, -21.18 ], [ -41.5201, -21.1873 ], [ -41.5148, -21.1845 ], [ -41.5116, -21.1758 ], [ -41.5024, -21.1826 ], [ -41.486500000292892, -21.179900001068752 ], [ -41.481700001164441, -21.184400000715669 ], [ -41.480825417863628, -21.187494850661462 ], [ -41.489668241772087, -21.201275944342949 ], [ -41.48960553116035, -21.202605920988677 ], [ -41.493089383538809, -21.206606917675433 ], [ -41.532149445476527, -21.267444193209922 ], [ -41.549387001199008, -21.261226346921937 ], [ -41.551990966342878, -21.26043909336973 ], [ -41.565106924510189, -21.257367222625593 ], [ -41.637348771168661, -21.258994788688117 ], [ -41.766278773927624, -21.318375369179261 ], [ -41.79139728825772, -21.320950480979562 ], [ -41.799086941019105, -21.325868093197343 ], [ -41.798315439498879, -21.321659085124619 ], [ -41.828093486248811, -21.324705659784332 ] ], [ [ -41.685799224740535, -21.143675140408316 ], [ -41.685867812920534, -21.143650084949812 ], [ -41.685935197055493, -21.143677867540589 ], [ -41.685961904411812, -21.14374221331418 ], [ -41.685932290167216, -21.143805429537689 ], [ -41.68586370192056, -21.143830484923811 ], [ -41.685796317736269, -21.143802702387781 ], [ -41.68576961044861, -21.143738356596359 ], [ -41.685799224740535, -21.143675140408316 ] ], [ [ -41.728703532935427, -21.107525665567955 ], [ -41.728769149480385, -21.107494403846314 ], [ -41.728839104460775, -21.107515837174166 ], [ -41.728872419145667, -21.107577410298738 ], [ -41.728849578329125, -21.107643054543551 ], [ -41.728783961724346, -21.107674316379825 ], [ -41.72871400668614, -21.107652882930644 ], [ -41.7286806920591, -21.107591309781625 ], [ -41.728703532935427, -21.107525665567955 ] ] ], [ [ [ -41.497930957200865, -21.267121005170399 ], [ -41.49793095729494, -21.267121005262588 ], [ -41.497930957393294, -21.267121005174396 ], [ -41.497930957200865, -21.267121005170399 ] ] ] ] } },
{ "type": "Feature", "properties": { "area_id": "ENEL_RJ:DELPORTON", "potencia_nominal_mva": 0.0, "n_trafos": 0, "origem": "semente", "profundidade": 1, "recorte_ignorado": false, "geometria_vazia": false, "area_km2": 0.0, "lat_sub": -22.995336, "lon_sub": -44.248041, "classificacao": "Transporte/manobra", "area_mae": "ENEL_RJ:JAC", "distribuidora": "ENEL RJ", "cod_sub": "DELPORTON", "nome": "DELPORTON NAVEGACAO E PARTICIPACOES LTDA", "lat_rep": -22.99532, "lon_rep": -44.248027, "capacidade_mmgd_bdgd_kw": 0.0, "capacidade_homologada_localizada_kw": 0.0, "capacidade_lag_kw": 0.0, "pot_sem_homologacao_kw": 0.0, "n_unidades": 0.0, "n_sem_homologacao": 0.0, "capacidade_mmgd_kw": 0.0, "fonte": null, "fator_correcao": null, "capacidade_mmgd_corrigida_kw": 0.0 }, "geometry": { "type": "MultiPolygon", "coordinates": [ [ [ [ -44.248082482109005, -22.995417969300259 ], [ -44.248082394751187, -22.995418007045231 ], [ -44.248082394751258, -22.995418007045206 ], [ -44.248082482109005, -22.995417969300259 ] ] ], [ [ [ -44.2480866114958, -22.995416185102627 ], [ -44.248086632600291, -22.995416174787582 ], [ -44.248082482109005, -22.995417969300259 ], [ -44.2480866114958, -22.995416185102627 ] ] ], [ [ [ -44.248110408056263, -22.995272738409511 ], [ -44.248022561740605, -22.995247611764967 ], [ -44.247960250229895, -22.995285710690681 ], [ -44.247945288658656, -22.995353442016679 ], [ -44.24798644137126, -22.995411129664014 ], [ -44.248031044551333, -22.995426143931756 ], [ -44.248059601694194, -22.995424980964813 ], [ -44.24806894773662, -22.995422860711837 ], [ -44.248077934143126, -22.995419931956032 ], [ -44.248082394751187, -22.995418007045231 ], [ -44.248110408056263, -22.995272738409511 ] ] ] ] } },
{ "type": "Feature", "properties": { "area_id": "ENEL_RJ:DIC", "potencia_nominal_mva": 99.9, "n_trafos": 2752, "origem": "fecho_trafos", "profundidade": 0, "recorte_ignorado": false, "geometria_vazia": false, "area_km2": 84.106, "lat_sub": -21.768505, "lon_sub": -41.329956, "classificacao": "Distribuição plena", "area_mae": null, "distribuidora": "ENEL RJ", "cod_sub": "DIC", "nome": "Distribuidora de Campos", "lat_rep": -21.811806, "lon_rep": -41.340412, "capacidade_mmgd_bdgd_kw": 11152.02, "capacidade_homologada_localizada_kw": 44592.33, "capacidade_lag_kw": 6414.526, "pot_sem_homologacao_kw": 1.2, "n_unidades": 6835.871, "n_sem_homologacao": 1.0, "capacidade_mmgd_kw": 51006.856, "fonte": "Solar FV", "fator_correcao": null, "capacidade_mmgd_corrigida_kw": 51006.856 }, "geometry": { "type": "Polygon", "coordinates": [ [ [ -41.385635174473585, -21.873101298986185 ], [ -41.361108519197352, -21.828162506524869 ], [ -41.359913166009939, -21.821392669144576 ], [ -41.356342448817379, -21.800006247054135 ], [ -41.372249131195325, -21.777532683859935 ], [ -41.374836438779909, -21.780057805533261 ], [ -41.333888694937656, -21.740059380732333 ], [ -41.333888679669464, -21.740059369078516 ], [ -41.315298088650898, -21.72701564292321 ], [ -41.319233401545418, -21.729777254893222 ], [ -41.317880430239995, -21.731839653243647 ], [ -41.287350043550482, -21.754000439731225 ], [ -41.282840187402577, -21.754647174275487 ], [ -41.274913537154674, -21.763023709759491 ], [ -41.269951780650636, -21.766623073935705 ], [ -41.270016596992917, -21.766663311282301 ], [ -41.266969678789387, -21.770933117248052 ], [ -41.268125990915074, -21.771778018813105 ], [ -41.25739264086468, -21.787954806554662 ], [ -41.290539646648504, -21.78813356608979 ], [ -41.325358131071425, -21.81353004890255 ], [ -41.374433669253307, -21.898036949210741 ], [ -41.384024114434887, -21.898125108701798 ], [ -41.384534475402525, -21.898089961456982 ], [ -41.38521759556631, -21.89086935651887 ], [ -41.385635174473585, -21.873101298986185 ] ], [ [ -41.3238896170093, -21.809273869744164 ], [ -41.32393216710507, -21.809217429144539 ], [ -41.324004992503419, -21.809205615839279 ], [ -41.324065433133946, -21.809245349900916 ], [ -41.324078083706887, -21.809313355684214 ], [ -41.324035533627992, -21.809369796325093 ], [ -41.323962708144521, -21.809381609632414 ], [ -41.323902267497104, -21.809341875529533 ], [ -41.3238896170093, -21.809273869744164 ] ] ] } },
{ "type": "Feature", "properties": { "area_id": "ENEL_RJ:EAR", "potencia_nominal_mva": 167.3, "n_trafos": 2011, "origem": "fecho_trafos", "profundidade": 0, "recorte_ignorado": false, "geometria_vazia": false, "area_km2": 231.51, "lat_sub": -22.845482, "lon_sub": -42.318192, "classificacao": "Distribuição plena", "area_mae": null, "distribuidora": "ENEL RJ", "cod_sub": "EAR", "nome": "Entroncamento de Araruama", "lat_rep": -22.812595, "lon_rep": -42.325901, "capacidade_mmgd_bdgd_kw": 2993.94, "capacidade_homologada_localizada_kw": 18419.71, "capacidade_lag_kw": 3163.716, "pot_sem_homologacao_kw": 0.0, "n_unidades": 2555.647, "n_sem_homologacao": 0.0, "capacidade_mmgd_kw": 21583.426, "fonte": "Solar FV", "fator_correcao": null, "capacidade_mmgd_corrigida_kw": 21583.426 }, "geometry": { "type": "MultiPolygon", "coordinates": [ [ [ [ -42.370764851983033, -22.861637209169231 ], [ -42.370764048094607, -22.861637030761454 ], [ -42.31855056575597, -22.885820767014764 ], [ -42.370764851983033, -22.861637209169231 ] ] ], [ [ [ -42.25743442672254, -22.866226918770248 ], [ -42.237523447149329, -22.79504130481234 ], [ -42.25743352269523, -22.866226771450421 ], [ -42.25743442672254, -22.866226918770248 ] ] ], [ [ [ -42.366297468053688, -22.860645758095185 ], [ -42.370764048094607, -22.861637030761454 ], [ -42.372902799624455, -22.86064642449287 ], [ -42.381021398818461, -22.851438391968141 ], [ -42.388845834595884, -22.809833369285336 ], [ -42.423746067077616, -22.782869140312265 ], [ -42.427970927288762, -22.770763239725717 ], [ -42.397965762948111, -22.761297616900517 ], [ -42.39295206263359, -22.787985869948042 ], [ -42.398258291686773, -22.759740043867904 ], [ -42.395869407247289, -22.755443609235158 ], [ -42.354904516430224, -22.71602097478813 ], [ -42.259036621742666, -22.724324470098171 ], [ -42.266812007667461, -22.723653217996269 ], [ -42.260801995894383, -22.73813654211531 ], [ -42.251895791567442, -22.739732024416892 ], [ -42.239064289232878, -22.789114375246832 ], [ -42.244815030689097, -22.793778823034184 ], [ -42.2677892870459, -22.81541486480409 ], [ -42.274182450960446, -22.853584337414624 ], [ -42.271946167765797, -22.865698418045248 ], [ -42.268401462757254, -22.866691025170613 ], [ -42.260846969611919, -22.866552749909431 ], [ -42.258912465837575, -22.86646777926455 ], [ -42.25743442672254, -22.866226918770248 ], [ -42.259441356233538, -22.873402081041149 ], [ -42.26053734562197, -22.876118042613541 ], [ -42.269611854392018, -22.878340466598992 ], [ -42.264557767161648, -22.905701382048655 ], [ -42.294635382322205, -22.882524060919046 ], [ -42.276642108046815, -22.879743424719209 ], [ -42.30115600193929, -22.883531218574269 ], [ -42.324596297780886, -22.861229340761444 ], [ -42.366297468053688, -22.860645758095185 ] ] ] ] } },
{ "type": "Feature", "properties": { "area_id": "ENEL_RJ:ECJ", "potencia_nominal_mva": 0.0, "n_trafos": 0, "origem": "semente", "profundidade": 1, "recorte_ignorado": false, "geometria_vazia": false, "area_km2": 0.0, "lat_sub": -21.526967, "lon_sub": -41.355806, "classificacao": "Transporte/manobra", "area_mae": null, "distribuidora": "ENEL RJ", "cod_sub": "ECJ", "nome": "Entroncamento Conselheiro Josino", "lat_rep": -21.526967, "lon_rep": -41.355806, "capacidade_mmgd_bdgd_kw": 0.0, "capacidade_homologada_localizada_kw": 0.0, "capacidade_lag_kw": 0.0, "pot_sem_homologacao_kw": 0.0, "n_unidades": 0.0, "n_sem_homologacao": 0.0, "capacidade_mmgd_kw": 0.0, "fonte": null, "fator_correcao": null, "capacidade_mmgd_corrigida_kw": 0.0 }, "geometry": { "type": "Polygon", "coordinates": [ [ [ -41.355710131655748, -21.526973341588675 ], [ -41.355743395394391, -21.527034955786508 ], [ -41.355813479670971, -21.527056515678073 ], [ -41.355879330023825, -21.527025391748197 ], [ -41.355902372166888, -21.526959815990022 ], [ -41.355869108367898, -21.526898201816493 ], [ -41.355799024151757, -21.526876641957621 ], [ -41.355733173859242, -21.526907765863186 ], [ -41.355710131655748, -21.526973341588675 ] ] ] } },
{ "type": "Feature", "properties": { "area_id": "ENEL_RJ:ECL", "potencia_nominal_mva": 0.0, "n_trafos": 0, "origem": "semente", "profundidade": 1, "recorte_ignorado": false, "geometria_vazia": false, "area_km2": 0.0, "lat_sub": -21.91734, "lon_sub": -42.254466, "classificacao": "Transporte/manobra", "area_mae": null, "distribuidora": "ENEL RJ", "cod_sub": "ECL", "nome": "Euclidelandia", "lat_rep": -21.91734, "lon_rep": -42.254466, "capacidade_mmgd_bdgd_kw": 0.0, "capacidade_homologada_localizada_kw": 0.0, "capacidade_lag_kw": 0.0, "pot_sem_homologacao_kw": 0.0, "n_unidades": 0.0, "n_sem_homologacao": 0.0, "capacidade_mmgd_kw": 0.0, "fonte": null, "fator_correcao": null, "capacidade_mmgd_corrigida_kw": 0.0 }, "geometry": { "type": "Polygon", "coordinates": [ [ [ -42.25436928196325, -21.917347044687048 ], [ -42.254403021992488, -21.917408532048981 ], [ -42.254473474970204, -21.917429748340371 ], [ -42.254539370451781, -21.917398265323968 ], [ -42.254562107716815, -21.917332525342786 ], [ -42.254528367629312, -21.917271038007822 ], [ -42.25445791471607, -21.917249821746882 ], [ -42.254392019292752, -21.917281304736324 ], [ -42.25436928196325, -21.917347044687048 ] ] ] } },
{ "type": "Feature", "properties": { "area_id": "ENEL_RJ:ELG", "potencia_nominal_mva": 0.0, "n_trafos": 0, "origem": "semente", "profundidade": 1, "recorte_ignorado": false, "geometria_vazia": false, "area_km2": 0.0, "lat_sub": -22.428313, "lon_sub": -42.014347, "classificacao": "Transporte/manobra", "area_mae": "ENEL_RJ:ROL", "distribuidora": "ENEL RJ", "cod_sub": "ELG", "nome": "ENTRONCAMENTO LAGOS", "lat_rep": -22.428313, "lon_rep": -42.014347, "capacidade_mmgd_bdgd_kw": 0.0, "capacidade_homologada_localizada_kw": 0.0, "capacidade_lag_kw": 0.0, "pot_sem_homologacao_kw": 0.0, "n_unidades": 0.0, "n_sem_homologacao": 0.0, "capacidade_mmgd_kw": 0.0, "fonte": null, "fator_correcao": null, "capacidade_mmgd_corrigida_kw": 0.0 }, "geometry": { "type": "Polygon", "coordinates": [ [ [ -42.01424992443286, -22.428320304283641 ], [ -42.01428364854754, -22.428381839935927 ], [ -42.014354298615608, -22.428403182526509 ], [ -42.014420488738651, -22.428371829832837 ], [ -42.014443445597571, -22.428306147856837 ], [ -42.014409721422197, -22.428244612231808 ], [ -42.01433907141994, -22.428223269672994 ], [ -42.014272881357599, -22.428254622339416 ], [ -42.01424992443286, -22.428320304283641 ] ] ] } },
{ "type": "Feature", "properties": { "area_id": "ENEL_RJ:ENERGISA", "potencia_nominal_mva": 0.0, "n_trafos": 0, "origem": "semente", "profundidade": 0, "recorte_ignorado": false, "geometria_vazia": false, "area_km2": 143.385, "lat_sub": -22.275567, "lon_sub": -42.533937, "classificacao": "Transporte/manobra", "area_mae": null, "distribuidora": "ENEL RJ", "cod_sub": "ENERGISA", "nome": "ENERGISA 1 NOVA FRIBURGO", "lat_rep": -22.282561, "lon_rep": -42.56787, "capacidade_mmgd_bdgd_kw": 0.0, "capacidade_homologada_localizada_kw": 0.0, "capacidade_lag_kw": 0.0, "pot_sem_homologacao_kw": 0.0, "n_unidades": 0.0, "n_sem_homologacao": 0.0, "capacidade_mmgd_kw": 0.0, "fonte": null, "fator_correcao": null, "capacidade_mmgd_corrigida_kw": 0.0 }, "geometry": { "type": "Polygon", "coordinates": [ [ [ -42.617469973701489, -22.365365044767035 ], [ -42.604873476094227, -22.35375064397185 ], [ -42.614490149525153, -22.323706371632309 ], [ -42.602807812788591, -22.184674489412728 ], [ -42.567706154595861, -22.20493009042962 ], [ -42.50139941340413, -22.241099948818079 ], [ -42.58274742660462, -22.383733605717705 ], [ -42.617469973701489, -22.365365044767035 ] ] ] } },
{ "type": "Feature", "properties": { "area_id": "ENEL_RJ:ERC", "potencia_nominal_mva": 67.0, "n_trafos": 0, "origem": "semente", "profundidade": 1, "recorte_ignorado": false, "geometria_vazia": false, "area_km2": 0.0, "lat_sub": -22.438216, "lon_sub": -43.169317, "classificacao": "Transformadora pura", "area_mae": "ENEL_RJ:RDC", "distribuidora": "ENEL RJ", "cod_sub": "ERC", "nome": "Entroncamento Rio da Cidade", "lat_rep": -22.438182, "lon_rep": -43.169317, "capacidade_mmgd_bdgd_kw": 0.0, "capacidade_homologada_localizada_kw": 0.0, "capacidade_lag_kw": 0.0, "pot_sem_homologacao_kw": 0.0, "n_unidades": 0.0, "n_sem_homologacao": 0.0, "capacidade_mmgd_kw": 0.0, "fonte": null, "fator_correcao": null, "capacidade_mmgd_corrigida_kw": 0.0 }, "geometry": { "type": "MultiPolygon", "coordinates": [ [ [ [ -43.169241409877621, -22.438271979438532 ], [ -43.169241424725605, -22.438271996682133 ], [ -43.169239375621821, -22.438269363521385 ], [ -43.169241409877621, -22.438271979438532 ] ] ], [ [ [ -43.169239375621821, -22.438269363521385 ], [ -43.169237468737606, -22.438266911395488 ], [ -43.169237468737599, -22.438266911395488 ], [ -43.169239375621821, -22.438269363521385 ] ] ], [ [ [ -43.1693779803471, -22.438286049436147 ], [ -43.169414039580694, -22.438207834706343 ], [ -43.169379811880027, -22.438146482051469 ], [ -43.169308941628607, -22.438125598256221 ], [ -43.169242943609454, -22.438157416744609 ], [ -43.169220129307455, -22.438214443014573 ], [ -43.169223974047377, -22.438240744639529 ], [ -43.169231028428513, -22.438257139585069 ], [ -43.169235827035259, -22.438264796566926 ], [ -43.169237468737599, -22.438266911395488 ], [ -43.169238389121261, -22.438265487872883 ], [ -43.16937871975415, -22.43828354544938 ], [ -43.1693779803471, -22.438286049436147 ] ] ] ] } },
{ "type": "Feature", "properties": { "area_id": "ENEL_RJ:ERS", "potencia_nominal_mva": 0.0, "n_trafos": 0, "origem": "semente", "profundidade": 1, "recorte_ignorado": false, "geometria_vazia": false, "area_km2": 0.0, "lat_sub": -22.537293, "lon_sub": -44.447244, "classificacao": "Transporte/manobra", "area_mae": "ENEL_RJ:RSD", "distribuidora": "ENEL RJ", "cod_sub": "ERS", "nome": "Entroncamento Retiro Saudoso", "lat_rep": -22.537293, "lon_rep": -44.447244, "capacidade_mmgd_bdgd_kw": 0.0, "capacidade_homologada_localizada_kw": 0.0, "capacidade_lag_kw": 0.0, "pot_sem_homologacao_kw": 0.0, "n_unidades": 0.0, "n_sem_homologacao": 0.0, "capacidade_mmgd_kw": 0.0, "fonte": null, "fator_correcao": null, "capacidade_mmgd_corrigida_kw": 0.0 }, "geometry": { "type": "Polygon", "coordinates": [ [ [ -44.447146842518492, -22.537301754055157 ], [ -44.44718170089083, -22.537362841765734 ], [ -44.44725284930626, -22.537383140206689 ], [ -44.447318609936183, -22.537350758809371 ], [ -44.447340461059021, -22.537284666180295 ], [ -44.447305602634863, -22.537223578502513 ], [ -44.447234454292392, -22.537203280085969 ], [ -44.447168693714296, -22.537235661450488 ], [ -44.447146842518492, -22.537301754055157 ] ] ] } },
{ "type": "Feature", "properties": { "area_id": "ENEL_RJ:FAG", "potencia_nominal_mva": 6.7, "n_trafos": 233, "origem": "fecho_trafos", "profundidade": 0, "recorte_ignorado": false, "geometria_vazia": false, "area_km2": 69.009, "lat_sub": -22.20573, "lon_sub": -43.161477, "classificacao": "Distribuição plena", "area_mae": null, "distribuidora": "ENEL RJ", "cod_sub": "FAG", "nome": "Fagundes", "lat_rep": -22.223603, "lon_rep": -43.161502, "capacidade_mmgd_bdgd_kw": 89.9, "capacidade_homologada_localizada_kw": 813.81, "capacidade_lag_kw": 141.799, "pot_sem_homologacao_kw": 0.0, "n_unidades": 67.12, "n_sem_homologacao": 0.0, "capacidade_mmgd_kw": 955.609, "fonte": "Solar FV", "fator_correcao": null, "capacidade_mmgd_corrigida_kw": 955.609 }, "geometry": { "type": "MultiPolygon", "coordinates": [ [ [ [ -43.214328320621782, -22.177932270491262 ], [ -43.202036488203632, -22.168413296005617 ], [ -43.19830760420583, -22.177348204155066 ], [ -43.194729838640995, -22.175989387447192 ], [ -43.193339436757235, -22.175385222256445 ], [ -43.192723133896919, -22.175052610709784 ], [ -43.188241304261993, -22.171922942815041 ], [ -43.188121153482953, -22.171048783932942 ], [ -43.185422254000194, -22.169954263137207 ], [ -43.179516517101035, -22.165829689339997 ], [ -43.173986507970866, -22.165315938914233 ], [ -43.156493892225022, -22.158218871897429 ], [ -43.14765579561633, -22.16286724550838 ], [ -43.13194994215624, -22.161404606190544 ], [ -43.135666980439701, -22.169171458077329 ], [ -43.126510417772415, -22.173985592093825 ], [ -43.117193105319899, -22.191853877221526 ], [ -43.133553791481255, -22.241057367858712 ], [ -43.135887386716348, -22.242105119778206 ], [ -43.18275954587763, -22.257175950433052 ], [ -43.199703962473492, -22.255445591448787 ], [ -43.189972275203267, -22.184541390326505 ], [ -43.214328320621782, -22.177932270491262 ] ], [ [ -43.154796923017173, -22.202961077327551 ], [ -43.154850064549933, -22.202912829685246 ], [ -43.154924278263934, -22.202913704835794 ], [ -43.154976055351987, -22.20296310797049 ], [ -43.154975150875622, -22.203032298012545 ], [ -43.154922009236046, -22.20308054578409 ], [ -43.154847882941603, -22.203079705484686 ], [ -43.154795983063934, -22.203030185050494 ], [ -43.154796923017173, -22.202961077327551 ] ], [ [ -43.155509305563399, -22.165420404118024 ], [ -43.155551225572317, -22.165363476493955 ], [ -43.155624163527058, -22.165350784185417 ], [ -43.155685373784756, -22.165389848996035 ], [ -43.155698980462915, -22.16545787393229 ], [ -43.155656980635932, -22.165514849911411 ], [ -43.155584029311626, -22.165527475519887 ], [ -43.155522860188157, -22.165488354781921 ], [ -43.155509305563399, -22.165420404118024 ] ], [ [ -43.15528313797774, -22.203032537389202 ], [ -43.155341102020486, -22.20298937232112 ], [ -43.155414782926762, -22.20299697407545 ], [ -43.155461220676372, -22.203050992886915 ], [ -43.155453011387905, -22.203119682208801 ], [ -43.155395047222605, -22.203162847313685 ], [ -43.155321282901326, -22.203155202786874 ], [ -43.155274955035722, -22.203101311796814 ], [ -43.15528313797774, -22.203032537389202 ] ], [ [ -43.161208132976881, -22.205688848436683 ], [ -43.161270361248505, -22.205651179428386 ], [ -43.161342889414037, -22.205665467197417 ], [ -43.161381113748384, -22.205714572389926 ], [ -43.161368023288674, -22.205791073089184 ], [ -43.161305794878565, -22.205828742130713 ], [ -43.161233266732403, -22.205814454341041 ], [ -43.16119273531659, -22.205756458315545 ], [ -43.161208132976881, -22.205688848436683 ] ] ], [ [ [ -43.133553791669257, -22.241057368312415 ], [ -43.133553791671645, -22.241057368131823 ], [ -43.133553791575849, -22.241057368040416 ], [ -43.133553791669257, -22.241057368312415 ] ] ] ] } },
{ "type": "Feature", "properties": { "area_id": "ENEL_RJ:FAR", "potencia_nominal_mva": 0.0, "n_trafos": 0, "origem": "semente", "profundidade": 1, "recorte_ignorado": false, "geometria_vazia": false, "area_km2": 0.0, "lat_sub": -22.035676, "lon_sub": -41.057979, "classificacao": "Transporte/manobra", "area_mae": null, "distribuidora": "ENEL RJ", "cod_sub": "FAR", "nome": "Farol", "lat_rep": -22.035676, "lon_rep": -41.057979, "capacidade_mmgd_bdgd_kw": 0.0, "capacidade_homologada_localizada_kw": 0.0, "capacidade_lag_kw": 0.0, "pot_sem_homologacao_kw": 0.0, "n_unidades": 0.0, "n_sem_homologacao": 0.0, "capacidade_mmgd_kw": 0.0, "fonte": null, "fator_correcao": null, "capacidade_mmgd_corrigida_kw": 0.0 }, "geometry": { "type": "Polygon", "coordinates": [ [ [ -41.057882941998542, -22.035682312789444 ], [ -41.057916149652073, -22.035743982685108 ], [ -41.057986403925099, -22.035765697777006 ], [ -41.058052550773581, -22.03573473763468 ], [ -41.058075842226479, -22.035669238306809 ], [ -41.058042634509981, -22.035607568435577 ], [ -41.057972380298487, -22.035585853377842 ], [ -41.057906233512973, -22.035616813495739 ], [ -41.057882941998542, -22.035682312789444 ] ] ] } },
{ "type": "Feature", "properties": { "area_id": "ENEL_RJ:FERROPORT", "potencia_nominal_mva": 0.0, "n_trafos": 0, "origem": "semente", "profundidade": 0, "recorte_ignorado": false, "geometria_vazia": false, "area_km2": 46.812, "lat_sub": -21.818748, "lon_sub": -41.022465, "classificacao": "Transporte/manobra", "area_mae": null, "distribuidora": "ENEL RJ", "cod_sub": "FERROPORT", "nome": "LLX PORTO DO ACU", "lat_rep": -21.779459, "lon_rep": -41.039085, "capacidade_mmgd_bdgd_kw": 0.0, "capacidade_homologada_localizada_kw": 0.0, "capacidade_lag_kw": 0.0, "pot_sem_homologacao_kw": 0.0, "n_unidades": 0.0, "n_sem_homologacao": 0.0, "capacidade_mmgd_kw": 0.0, "fonte": null, "fator_correcao": null, "capacidade_mmgd_corrigida_kw": 0.0 }, "geometry": { "type": "Polygon", "coordinates": [ [ [ -41.092396850584365, -21.81075735940988 ], [ -41.080196682147886, -21.797999988460031 ], [ -41.041612844323424, -21.755066243748658 ], [ -41.020668212622688, -21.749963349626817 ], [ -41.0183, -21.7614 ], [ -41.003017457168177, -21.824928244207168 ], [ -41.025643550630278, -21.833676172644914 ], [ -41.056427407697157, -21.823111483822395 ], [ -41.076617494107964, -21.807845636107459 ], [ -41.087002126249324, -21.812610929371303 ], [ -41.092396850584365, -21.81075735940988 ] ] ] } },
{ "type": "Feature", "properties": { "area_id": "ENEL_RJ:FRL", "potencia_nominal_mva": 0.0, "n_trafos": 0, "origem": "semente", "profundidade": 1, "recorte_ignorado": true, "geometria_vazia": false, "area_km2": 0.0, "lat_sub": -21.079393, "lon_sub": -41.72544, "classificacao": "Transporte/manobra", "area_mae": null, "distribuidora": "ENEL RJ", "cod_sub": "FRL", "nome": "Franco Amaral", "lat_rep": -21.079393, "lon_rep": -41.72544, "capacidade_mmgd_bdgd_kw": 0.0, "capacidade_homologada_localizada_kw": 0.0, "capacidade_lag_kw": 0.0, "pot_sem_homologacao_kw": 0.0, "n_unidades": 0.0, "n_sem_homologacao": 0.0, "capacidade_mmgd_kw": 0.0, "fonte": null, "fator_correcao": null, "capacidade_mmgd_corrigida_kw": 0.0 }, "geometry": { "type": "Polygon", "coordinates": [ [ [ -41.725343985338085, -21.079399835052914 ], [ -41.725377310462157, -21.079461401098129 ], [ -41.725447258597903, -21.07948281827781 ], [ -41.725512855034118, -21.07945154067658 ], [ -41.725535674226983, -21.079385890306341 ], [ -41.725502349045172, -21.07932432428553 ], [ -41.725432400969133, -21.079302907136945 ], [ -41.725366804590656, -21.079334184713769 ], [ -41.725343985338085, -21.079399835052914 ] ] ] } },
{ "type": "Feature", "properties": { "area_id": "ENEL_RJ:GAB", "potencia_nominal_mva": 99.9, "n_trafos": 2260, "origem": "fecho_trafos", "profundidade": 0, "recorte_ignorado": false, "geometria_vazia": false, "area_km2": 18.458, "lat_sub": -22.829828, "lon_sub": -43.042655, "classificacao": "Distribuição plena", "area_mae": null, "distribuidora": "ENEL RJ", "cod_sub": "GAB", "nome": "Galo Branco", "lat_rep": -22.823918, "lon_rep": -43.047414, "capacidade_mmgd_bdgd_kw": 3855.0, "capacidade_homologada_localizada_kw": 15442.93, "capacidade_lag_kw": 2908.287, "pot_sem_homologacao_kw": 0.0, "n_unidades": 2712.066, "n_sem_homologacao": 0.0, "capacidade_mmgd_kw": 18351.217, "fonte": "Solar FV", "fator_correcao": null, "capacidade_mmgd_corrigida_kw": 18351.217 }, "geometry": { "type": "MultiPolygon", "coordinates": [ [ [ [ -43.083313829418302, -22.821600835560563 ], [ -43.080140065267834, -22.818996344059581 ], [ -43.080465688257199, -22.818266047089207 ], [ -43.072743727497212, -22.810544494719338 ], [ -43.071908580537645, -22.81258383496267 ], [ -43.069475044326914, -22.810795064990547 ], [ -43.02393780380627, -22.808311367147649 ], [ -43.023937784019459, -22.808311369882233 ], [ -43.022771183465963, -22.80851826906267 ], [ -43.023383625900635, -22.808410568335969 ], [ -43.021598912927871, -22.812375908795619 ], [ -43.017105295068269, -22.819594560853421 ], [ -43.010992444805446, -22.828152751766424 ], [ -43.025712476358372, -22.834367214968136 ], [ -43.046850207584207, -22.83927272024334 ], [ -43.051612042210607, -22.839098368610301 ], [ -43.056686900347593, -22.838841727359938 ], [ -43.059711596972562, -22.838562296720969 ], [ -43.067384426178016, -22.837264253912114 ], [ -43.069887790872791, -22.834172638231159 ], [ -43.075433926683601, -22.833942955940444 ], [ -43.074266680549741, -22.83214119518966 ], [ -43.075558983258738, -22.829248838169946 ], [ -43.077725677745768, -22.827039303283961 ], [ -43.083313829418302, -22.821600835560563 ] ] ], [ [ [ -43.069208398509339, -22.836955626459844 ], [ -43.069208398509325, -22.836955626459844 ], [ -43.068420546341599, -22.837088938715571 ], [ -43.069208398509339, -22.836955626459844 ] ] ] ] } },
{ "type": "Feature", "properties": { "area_id": "ENEL_RJ:GALVASUD", "potencia_nominal_mva": 0.0, "n_trafos": 0, "origem": "semente", "profundidade": 2, "recorte_ignorado": false, "geometria_vazia": false, "area_km2": 0.0, "lat_sub": -22.43554, "lon_sub": -44.344793, "classificacao": "Transporte/manobra", "area_mae": null, "distribuidora": "ENEL RJ", "cod_sub": "GALVASUD", "nome": "GALVASUD SA CSN", "lat_rep": -22.43554, "lon_rep": -44.344793, "capacidade_mmgd_bdgd_kw": 0.0, "capacidade_homologada_localizada_kw": 0.0, "capacidade_lag_kw": 0.0, "pot_sem_homologacao_kw": 0.0, "n_unidades": 0.0, "n_sem_homologacao": 0.0, "capacidade_mmgd_kw": 0.0, "fonte": null, "fator_correcao": null, "capacidade_mmgd_corrigida_kw": 0.0 }, "geometry": { "type": "Polygon", "coordinates": [ [ [ -44.344697652202548, -22.435557562727112 ], [ -44.344738716343009, -22.435615207607579 ], [ -44.344811599610964, -22.435628975215295 ], [ -44.344873607919496, -22.435590800659917 ], [ -44.344888417616282, -22.435523046103967 ], [ -44.344847353438993, -22.435465401260085 ], [ -44.344774470252055, -22.435451633670191 ], [ -44.34471246198035, -22.435489808188986 ], [ -44.344697652202548, -22.435557562727112 ] ] ] } },
{ "type": "Feature", "properties": { "area_id": "ENEL_RJ:GARGAU", "potencia_nominal_mva": 0.0, "n_trafos": 0, "origem": "semente", "profundidade": 1, "recorte_ignorado": false, "geometria_vazia": false, "area_km2": 0.0, "lat_sub": -21.559, "lon_sub": -41.068791, "classificacao": "Transporte/manobra", "area_mae": null, "distribuidora": "ENEL RJ", "cod_sub": "GARGAU", "nome": "GARGAU", "lat_rep": -21.559, "lon_rep": -41.068791, "capacidade_mmgd_bdgd_kw": 0.0, "capacidade_homologada_localizada_kw": 0.0, "capacidade_lag_kw": 0.0, "pot_sem_homologacao_kw": 0.0, "n_unidades": 0.0, "n_sem_homologacao": 0.0, "capacidade_mmgd_kw": 0.0, "fonte": null, "fator_correcao": null, "capacidade_mmgd_corrigida_kw": 0.0 }, "geometry": { "type": "Polygon", "coordinates": [ [ [ -41.068694986388394, -21.5590062054196 ], [ -41.068728123949008, -21.559067860080198 ], [ -41.068798159987367, -21.55908953695986 ], [ -41.068864068299618, -21.559058538012756 ], [ -41.068887240647051, -21.558993022018381 ], [ -41.068854103024975, -21.558931367381472 ], [ -41.068784067046352, -21.558909690535387 ], [ -41.068718158795569, -21.558940689458794 ], [ -41.068694986388394, -21.5590062054196 ] ] ] } },
{ "type": "Feature", "properties": { "area_id": "ENEL_RJ:GNA", "potencia_nominal_mva": 0.0, "n_trafos": 0, "origem": "semente", "profundidade": 0, "recorte_ignorado": false, "geometria_vazia": false, "area_km2": 17.135, "lat_sub": -21.842137, "lon_sub": -41.012092, "classificacao": "Transporte/manobra", "area_mae": null, "distribuidora": "ENEL RJ", "cod_sub": "GNA", "nome": "UTE GNA I", "lat_rep": -21.909113, "lon_rep": -40.983264, "capacidade_mmgd_bdgd_kw": 0.0, "capacidade_homologada_localizada_kw": 0.0, "capacidade_lag_kw": 0.0, "pot_sem_homologacao_kw": 0.0, "n_unidades": 0.0, "n_sem_homologacao": 0.0, "capacidade_mmgd_kw": 0.0, "fonte": null, "fator_correcao": null, "capacidade_mmgd_corrigida_kw": 0.0 }, "geometry": { "type": "Polygon", "coordinates": [ [ [ -41.025643528059973, -21.833676164959382 ], [ -41.003017456589966, -21.824928246235807 ], [ -40.9991, -21.8412 ], [ -40.9946999945359, -21.854300029591304 ], [ -40.9889, -21.8857 ], [ -40.981799997460101, -21.911100011509987 ], [ -40.975200001197024, -21.94100000011586 ], [ -40.975100001286506, -21.966599999879922 ], [ -40.980400000833278, -21.990599999769888 ], [ -40.983516055624698, -21.996503056291044 ], [ -40.986721107557102, -21.984133367530557 ], [ -40.986722904575387, -21.983595442210692 ], [ -40.988099836411031, -21.953861802425457 ], [ -40.988799569563191, -21.951498798683467 ], [ -40.99036727882369, -21.94917596688396 ], [ -40.996216522824554, -21.944872894597474 ], [ -40.980386012372655, -21.945687802011925 ], [ -40.984375924710704, -21.90711758700234 ], [ -40.98483246855632, -21.904124149686467 ], [ -40.986970157064746, -21.893785516462962 ], [ -40.993068027032095, -21.870977312038598 ], [ -41.021567017734725, -21.849454927995353 ], [ -41.025643528059973, -21.833676164959382 ] ] ] } },
{ "type": "Feature", "properties": { "area_id": "ENEL_RJ:GOI", "potencia_nominal_mva": 35.0, "n_trafos": 1181, "origem": "fecho_trafos", "profundidade": 1, "recorte_ignorado": false, "geometria_vazia": false, "area_km2": 280.879, "lat_sub": -21.828605, "lon_sub": -41.27969, "classificacao": "Distribuição plena", "area_mae": null, "distribuidora": "ENEL RJ", "cod_sub": "GOI", "nome": "Goitacazes", "lat_rep": -21.885233, "lon_rep": -41.317322, "capacidade_mmgd_bdgd_kw": 7131.3, "capacidade_homologada_localizada_kw": 16173.31, "capacidade_lag_kw": 2313.773, "pot_sem_homologacao_kw": 0.0, "n_unidades": 1873.582, "n_sem_homologacao": 0.0, "capacidade_mmgd_kw": 18487.083, "fonte": "Solar FV", "fator_correcao": null, "capacidade_mmgd_corrigida_kw": 18487.083 }, "geometry": { "type": "Polygon", "coordinates": [ [ [ -41.382369480832523, -21.911693073662118 ], [ -41.325358213851203, -21.81353010472106 ], [ -41.290539621746206, -21.788133504027755 ], [ -41.257393759757306, -21.787954616199951 ], [ -41.268126399997058, -21.77177740834799 ], [ -41.266969677496036, -21.770933118940558 ], [ -41.260840560681267, -21.779521084708051 ], [ -41.253260585599143, -21.78793204716143 ], [ -41.149183926491169, -21.787325045845485 ], [ -41.125272219784193, -21.820825054301473 ], [ -41.124890096371672, -21.820860248923399 ], [ -41.121820989539323, -21.828583095098388 ], [ -41.157229557693341, -21.844815368894576 ], [ -41.15875402879454, -21.862617049397436 ], [ -41.180447810038203, -21.855579483956518 ], [ -41.257211451516532, -21.873256947266288 ], [ -41.283877369039608, -21.902777420019156 ], [ -41.294929624259176, -21.985852232898171 ], [ -41.341416107430192, -21.966425311661212 ], [ -41.370513808359995, -21.998585764844375 ], [ -41.361906736305244, -21.950145559986733 ], [ -41.386291311260628, -21.928659617504522 ], [ -41.382369480832523, -21.911693073662118 ] ], [ [ -41.263574738996503, -21.828105865925739 ], [ -41.263648461285264, -21.828100803960627 ], [ -41.263704424378851, -21.828145897669675 ], [ -41.263709845855956, -21.828214731798695 ], [ -41.263661549827269, -21.828266984244053 ], [ -41.263587827451609, -21.82827204620293 ], [ -41.263531864358328, -21.828226952452955 ], [ -41.263526442968136, -21.828158118330172 ], [ -41.263574738996503, -21.828105865925739 ] ], [ [ -41.29229451714405, -21.895289616440056 ], [ -41.292367918132449, -21.895298072809659 ], [ -41.292413413267241, -21.895352490242377 ], [ -41.292404352091822, -21.895420991769221 ], [ -41.292346042462981, -21.895463450109748 ], [ -41.29227264139405, -21.895454993718786 ], [ -41.292227146292774, -21.895400576250502 ], [ -41.292236207548719, -21.895332074745014 ], [ -41.29229451714405, -21.895289616440056 ] ] ] } },
{ "type": "Feature", "properties": { "area_id": "ENEL_RJ:GRD", "potencia_nominal_mva": 15.0, "n_trafos": 0, "origem": "semente", "profundidade": 1, "recorte_ignorado": false, "geometria_vazia": false, "area_km2": 0.0, "lat_sub": -22.829009, "lon_sub": -43.096253, "classificacao": "Transformadora pura", "area_mae": "ENEL_RJ:SPT", "distribuidora": "ENEL RJ", "cod_sub": "GRD", "nome": "Gradim", "lat_rep": -22.829009, "lon_rep": -43.096253, "capacidade_mmgd_bdgd_kw": 0.0, "capacidade_homologada_localizada_kw": 0.0, "capacidade_lag_kw": 0.0, "pot_sem_homologacao_kw": 0.0, "n_unidades": 0.0, "n_sem_homologacao": 0.0, "capacidade_mmgd_kw": 0.0, "fonte": null, "fator_correcao": null, "capacidade_mmgd_corrigida_kw": 0.0 }, "geometry": { "type": "Polygon", "coordinates": [ [ [ -43.096155556035441, -22.82901707270543 ], [ -43.096189865830929, -22.82907842693055 ], [ -43.096260929842529, -22.829099322619051 ], [ -43.096327119685995, -22.829067519339553 ], [ -43.096349662208006, -22.829001647043249 ], [ -43.096315352354651, -22.828940292848458 ], [ -43.096244288413551, -22.828919397188912 ], [ -43.096178098627952, -22.82895120043807 ], [ -43.096155556035441, -22.82901707270543 ] ] ] } },
{ "type": "Feature", "properties": { "area_id": "ENEL_RJ:GUA", "potencia_nominal_mva": 33.3, "n_trafos": 1671, "origem": "fecho_trafos", "profundidade": 0, "recorte_ignorado": false, "geometria_vazia": false, "area_km2": 312.337, "lat_sub": -21.711852, "lon_sub": -41.28284, "classificacao": "Distribuição plena", "area_mae": null, "distribuidora": "ENEL RJ", "cod_sub": "GUA", "nome": "Guarus", "lat_rep": -21.645382, "lon_rep": -41.270966, "capacidade_mmgd_bdgd_kw": 1969.82, "capacidade_homologada_localizada_kw": 7649.36, "capacidade_lag_kw": 1093.262, "pot_sem_homologacao_kw": 0.0, "n_unidades": 1124.513, "n_sem_homologacao": 0.0, "capacidade_mmgd_kw": 8742.622, "fonte": "Solar FV", "fator_correcao": null, "capacidade_mmgd_corrigida_kw": 8742.622 }, "geometry": { "type": "Polygon", "coordinates": [ [ [ -41.389738365362419, -21.561528449670018 ], [ -41.389681941673771, -21.561393051842071 ], [ -41.311030182584574, -21.566577640949692 ], [ -41.240535446139909, -21.536605117805895 ], [ -41.213620038853556, -21.539909448029881 ], [ -41.211876290014622, -21.540678423054537 ], [ -41.195029692467592, -21.562416432017539 ], [ -41.184621624803945, -21.595389418384332 ], [ -41.184589795717969, -21.598409881462061 ], [ -41.186187069263021, -21.605209281547115 ], [ -41.208271376445396, -21.669006831763479 ], [ -41.234663198577309, -21.722434855048363 ], [ -41.235393571454289, -21.74574474067451 ], [ -41.26995177863207, -21.766623072809551 ], [ -41.274913539319861, -21.763023711914943 ], [ -41.282840095622937, -21.75464729635592 ], [ -41.287349925481628, -21.754000529841029 ], [ -41.317880502118371, -21.731839604531118 ], [ -41.320635924620589, -21.727640739723359 ], [ -41.324527655375, -21.711569802711239 ], [ -41.332380734909464, -21.706596435612354 ], [ -41.347497145318094, -21.670801747637867 ], [ -41.337321661068771, -21.623143781119673 ], [ -41.389738365362419, -21.561528449670018 ] ] ] } },
{ "type": "Feature", "properties": { "area_id": "ENEL_RJ:GUAPI", "potencia_nominal_mva": 0.0, "n_trafos": 0, "origem": "semente", "profundidade": 1, "recorte_ignorado": false, "geometria_vazia": false, "area_km2": 0.0, "lat_sub": -22.548791, "lon_sub": -42.982741, "classificacao": "Transporte/manobra", "area_mae": null, "distribuidora": "ENEL RJ", "cod_sub": "GUAPI", "nome": "GUAPI PAPEIS INDUSTRIA DE PAPEIS E PAPELAO", "lat_rep": -22.548791, "lon_rep": -42.982741, "capacidade_mmgd_bdgd_kw": 0.0, "capacidade_homologada_localizada_kw": 0.0, "capacidade_lag_kw": 0.0, "pot_sem_homologacao_kw": 0.0, "n_unidades": 0.0, "n_sem_homologacao": 0.0, "capacidade_mmgd_kw": 0.0, "fonte": null, "fator_correcao": null, "capacidade_mmgd_corrigida_kw": 0.0 }, "geometry": { "type": "Polygon", "coordinates": [ [ [ -42.982644501224698, -22.548798260889555 ], [ -42.982678698946486, -22.548859632977781 ], [ -42.982749600616003, -22.548880568353084 ], [ -42.982815672947829, -22.548848803336099 ], [ -42.982838211625669, -22.548782945463842 ], [ -42.982804013846419, -22.548721573405228 ], [ -42.982733112245931, -22.548700638058893 ], [ -42.982667039971552, -22.548732403046252 ], [ -42.982644501224698, -22.548798260889555 ] ] ] } },
{ "type": "Feature", "properties": { "area_id": "ENEL_RJ:GUARDIAN", "potencia_nominal_mva": 0.0, "n_trafos": 0, "origem": "semente", "profundidade": 3, "recorte_ignorado": false, "geometria_vazia": false, "area_km2": 0.0, "lat_sub": -22.4249, "lon_sub": -44.31344, "classificacao": "Transporte/manobra", "area_mae": null, "distribuidora": "ENEL RJ", "cod_sub": "GUARDIAN", "nome": "GUARDIAN DO BRASIL", "lat_rep": -22.4249, "lon_rep": -44.31344, "capacidade_mmgd_bdgd_kw": 0.0, "capacidade_homologada_localizada_kw": 0.0, "capacidade_lag_kw": 0.0, "pot_sem_homologacao_kw": 0.0, "n_unidades": 0.0, "n_sem_homologacao": 0.0, "capacidade_mmgd_kw": 0.0, "fonte": null, "fator_correcao": null, "capacidade_mmgd_corrigida_kw": 0.0 }, "geometry": { "type": "Polygon", "coordinates": [ [ [ -44.313346863917026, -22.424925899529672 ], [ -44.313393792439264, -22.424979533875756 ], [ -44.31346776874669, -22.424986608272064 ], [ -44.313525458460504, -22.42494297862596 ], [ -44.313533067714424, -22.424874202620085 ], [ -44.313486139171729, -22.424820568313308 ], [ -44.313412162950861, -22.424813493927449 ], [ -44.313354473257498, -22.424857123534238 ], [ -44.313346863917026, -22.424925899529672 ] ] ] } },
{ "type": "Feature", "properties": { "area_id": "ENEL_RJ:GXD", "potencia_nominal_mva": 100.0, "n_trafos": 2882, "origem": "fecho_trafos", "profundidade": 0, "recorte_ignorado": false, "geometria_vazia": false, "area_km2": 89.395, "lat_sub": -22.788525, "lon_sub": -42.971514, "classificacao": "Distribuição plena", "area_mae": null, "distribuidora": "ENEL RJ", "cod_sub": "GXD", "nome": "Guaxindiba", "lat_rep": -22.808349, "lon_rep": -42.938122, "capacidade_mmgd_bdgd_kw": 2779.27, "capacidade_homologada_localizada_kw": 12977.4, "capacidade_lag_kw": 2016.825, "pot_sem_homologacao_kw": 0.0, "n_unidades": 1253.33, "n_sem_homologacao": 0.0, "capacidade_mmgd_kw": 14994.225, "fonte": "Solar FV", "fator_correcao": null, "capacidade_mmgd_corrigida_kw": 14994.225 }, "geometry": { "type": "MultiPolygon", "coordinates": [ [ [ [ -43.007219751756878, -22.775481702937991 ], [ -43.007102077031391, -22.775445861794761 ], [ -43.007089191920379, -22.775219630352609 ], [ -42.999965298601531, -22.760918267720186 ], [ -43.0060921569792, -22.75759568080214 ], [ -43.005834333745021, -22.753038134951076 ], [ -42.959868246428535, -22.764990725847266 ], [ -42.958580127047618, -22.765121531986207 ], [ -42.958527059021314, -22.765339240610565 ], [ -42.922593966533945, -22.774671685028309 ], [ -42.901201523660234, -22.798837194449781 ], [ -42.896340074918896, -22.821660025614161 ], [ -42.904019340525579, -22.874811333710213 ], [ -42.937804157908978, -22.86878538544083 ], [ -42.955198250339443, -22.864888074531333 ], [ -42.955197968650275, -22.864888098512022 ], [ -42.955197691400237, -22.864888046494269 ], [ -42.955197241359251, -22.864887738040178 ], [ -42.955197133996769, -22.864886824076642 ], [ -42.956420716272525, -22.862386440708544 ], [ -42.970890981521165, -22.845630108427063 ], [ -42.967704930924469, -22.846469664455615 ], [ -42.966655561182193, -22.846568334401265 ], [ -42.96115881537478, -22.846351350600468 ], [ -42.960292858623376, -22.845819731085225 ], [ -42.959985161611399, -22.843660698852108 ], [ -42.961348188259215, -22.833576807561581 ], [ -42.966980167331819, -22.817748858466455 ], [ -42.998172930693393, -22.789920546790643 ], [ -43.003350714328207, -22.789868283919475 ], [ -43.007316403841322, -22.790712733117278 ], [ -43.008269053252434, -22.791146335773252 ], [ -43.018685347924453, -22.798492615298748 ], [ -43.007219751756878, -22.775481702937991 ] ], [ [ -42.979758069973975, -22.774741411658045 ], [ -42.979832119259775, -22.77474915691657 ], [ -42.979878574054844, -22.774803188626944 ], [ -42.979870221751156, -22.774871855773444 ], [ -42.97981195495359, -22.77491493406194 ], [ -42.979737905580969, -22.774907188787822 ], [ -42.979691450812979, -22.774853157038578 ], [ -42.979699803203495, -22.77478448990767 ], [ -42.979758069973975, -22.774741411658045 ] ] ], [ [ [ -42.937476625810554, -22.767262824275335 ], [ -42.93747664900463, -22.76726282091153 ], [ -42.937476625574824, -22.76726282227532 ], [ -42.937476625810554, -22.767262824275335 ] ] ] ] } },
{ "type": "Feature", "properties": { "area_id": "ENEL_RJ:IBS", "potencia_nominal_mva": 71.6, "n_trafos": 1771, "origem": "fecho_trafos", "profundidade": 0, "recorte_ignorado": false, "geometria_vazia": false, "area_km2": 115.916, "lat_sub": -22.401038, "lon_sub": -41.83727, "classificacao": "Distribuição plena", "area_mae": null, "distribuidora": "ENEL RJ", "cod_sub": "IBS", "nome": "Imboassica", "lat_rep": -22.411426, "lon_rep": -41.856194, "capacidade_mmgd_bdgd_kw": 10380.85, "capacidade_homologada_localizada_kw": 24715.92, "capacidade_lag_kw": 5328.22, "pot_sem_homologacao_kw": 0.0, "n_unidades": 3504.747, "n_sem_homologacao": 0.0, "capacidade_mmgd_kw": 30044.14, "fonte": "Solar FV", "fator_correcao": null, "capacidade_mmgd_corrigida_kw": 30044.14 }, "geometry": { "type": "Polygon", "coordinates": [ [ [ -41.927498964433809, -22.384678388911613 ], [ -41.893987706307414, -22.387654925189647 ], [ -41.844870503922913, -22.333460546874811 ], [ -41.810142809546861, -22.391191532871808 ], [ -41.779605314161003, -22.391813396096254 ], [ -41.779490676772667, -22.392468748152318 ], [ -41.779531689595629, -22.392769159195623 ], [ -41.779756919988245, -22.393375364918519 ], [ -41.785077774141214, -22.39809818381962 ], [ -41.795, -22.4046 ], [ -41.8178, -22.417 ], [ -41.8391, -22.4326 ], [ -41.8547, -22.4498 ], [ -41.864400001017394, -22.476999999398082 ], [ -41.876699982394911, -22.48779998454361 ], [ -41.8896, -22.4861 ], [ -41.8953765669281, -22.490736531025302 ], [ -41.901114786708526, -22.493460489322359 ], [ -41.902952417791653, -22.492215613353761 ], [ -41.907048142428913, -22.489375294181269 ], [ -41.912637498616533, -22.47994055264547 ], [ -41.913708182885543, -22.479086850788104 ], [ -41.913339623831483, -22.4787334580143 ], [ -41.917493188677376, -22.451166206883464 ], [ -41.921558444166578, -22.466514133896016 ], [ -41.907877186976307, -22.414838769327897 ], [ -41.905446735130106, -22.40996359631735 ], [ -41.926685591537648, -22.390086468684174 ], [ -41.927498964433809, -22.384678388911613 ] ] ] } },
{ "type": "Feature", "properties": { "area_id": "ENEL_RJ:ICA", "potencia_nominal_mva": 66.6, "n_trafos": 1320, "origem": "fecho_trafos", "profundidade": 1, "recorte_ignorado": false, "geometria_vazia": false, "area_km2": 4.045, "lat_sub": -22.910423, "lon_sub": -43.100875, "classificacao": "Distribuição plena", "area_mae": null, "distribuidora": "ENEL RJ", "cod_sub": "ICA", "nome": "Icarai", "lat_rep": -22.902244, "lon_rep": -43.095658, "capacidade_mmgd_bdgd_kw": 1523.6, "capacidade_homologada_localizada_kw": 4533.54, "capacidade_lag_kw": 648.636, "pot_sem_homologacao_kw": 0.0, "n_unidades": 600.05, "n_sem_homologacao": 0.0, "capacidade_mmgd_kw": 5182.176, "fonte": "Solar FV", "fator_correcao": null, "capacidade_mmgd_corrigida_kw": 5182.176 }, "geometry": { "type": "MultiPolygon", "coordinates": [ [ [ [ -43.113464741930358, -22.906204686000741 ], [ -43.11143088370082, -22.905954809693604 ], [ -43.1088463460394, -22.905505333062173 ], [ -43.103565677386307, -22.897383258071695 ], [ -43.098231937154317, -22.895496833303433 ], [ -43.095024779817834, -22.895409201980879 ], [ -43.083958639017361, -22.898915218293688 ], [ -43.08394747630603, -22.898999427317982 ], [ -43.085302690400034, -22.906584838944621 ], [ -43.097059627495717, -22.913918200166748 ], [ -43.100358399268799, -22.914261485133164 ], [ -43.1005, -22.9141 ], [ -43.1104, -22.9111 ], [ -43.112919122744167, -22.908214561297331 ], [ -43.113464741930358, -22.906204686000741 ] ] ], [ [ [ -43.112022345085421, -22.90037373145282 ], [ -43.112022345085443, -22.900373731452827 ], [ -43.107751352901957, -22.898863480833434 ], [ -43.112022345085421, -22.90037373145282 ] ] ] ] } },
{ "type": "Feature", "properties": { "area_id": "ENEL_RJ:IDP", "potencia_nominal_mva": 0.0, "n_trafos": 0, "origem": "semente", "profundidade": 1, "recorte_ignorado": false, "geometria_vazia": false, "area_km2": 0.0, "lat_sub": -21.847867, "lon_sub": -42.580671, "classificacao": "Transporte/manobra", "area_mae": null, "distribuidora": "ENEL RJ", "cod_sub": "IDP", "nome": "Ilha dos Pombos", "lat_rep": -21.847867, "lon_rep": -42.580671, "capacidade_mmgd_bdgd_kw": 0.0, "capacidade_homologada_localizada_kw": 0.0, "capacidade_lag_kw": 0.0, "pot_sem_homologacao_kw": 0.0, "n_unidades": 0.0, "n_sem_homologacao": 0.0, "capacidade_mmgd_kw": 0.0, "fonte": null, "fator_correcao": null, "capacidade_mmgd_corrigida_kw": 0.0 }, "geometry": { "type": "Polygon", "coordinates": [ [ [ -42.580574467645143, -21.847874497313605 ], [ -42.580608342113443, -21.847935930130312 ], [ -42.580678825891205, -21.847957008135442 ], [ -42.580744630491111, -21.847925384098712 ], [ -42.580767208430998, -21.847859582971388 ], [ -42.580733333905847, -21.84779815018226 ], [ -42.580662850193185, -21.847777072206519 ], [ -42.580597045650144, -21.847808696215655 ], [ -42.580574467645143, -21.847874497313605 ] ] ] } },
{ "type": "Feature", "properties": { "area_id": "ENEL_RJ:IGB", "potencia_nominal_mva": 62.5, "n_trafos": 1059, "origem": "fecho_trafos", "profundidade": 0, "recorte_ignorado": false, "geometria_vazia": false, "area_km2": 148.229, "lat_sub": -22.832386, "lon_sub": -42.235584, "classificacao": "Distribuição plena", "area_mae": null, "distribuidora": "ENEL RJ", "cod_sub": "IGB", "nome": "Iguaba", "lat_rep": -22.858917, "lon_rep": -42.221767, "capacidade_mmgd_bdgd_kw": 1792.57, "capacidade_homologada_localizada_kw": 11806.97, "capacidade_lag_kw": 2486.236, "pot_sem_homologacao_kw": 0.0, "n_unidades": 1728.027, "n_sem_homologacao": 0.0, "capacidade_mmgd_kw": 14293.206, "fonte": "Solar FV", "fator_correcao": null, "capacidade_mmgd_corrigida_kw": 14293.206 }, "geometry": { "type": "MultiPolygon", "coordinates": [ [ [ [ -42.274182446932478, -22.853584313370757 ], [ -42.267789285830844, -22.815414865370354 ], [ -42.24481504342652, -22.793778835032303 ], [ -42.239064546369626, -22.789114531364387 ], [ -42.242270237549825, -22.77678043459974 ], [ -42.22787310388982, -22.780035328530811 ], [ -42.226638304787478, -22.779033927609472 ], [ -42.222596604611624, -22.781227868102846 ], [ -42.191389938035563, -22.788276743470597 ], [ -42.184528431901576, -22.784219563589712 ], [ -42.187320600288153, -22.799591749900706 ], [ -42.187288485160984, -22.800386548491385 ], [ -42.177522940786439, -22.805683238772616 ], [ -42.175294113315765, -22.806984168078845 ], [ -42.175294070425409, -22.806984196222498 ], [ -42.159670481954436, -22.818457214364201 ], [ -42.174270746777019, -22.807736892035383 ], [ -42.172418709003573, -22.832455570546692 ], [ -42.154983654060771, -22.848967556768056 ], [ -42.15653723667689, -22.849750841761374 ], [ -42.170945199385983, -22.852108252605742 ], [ -42.167160518825391, -22.902539765419526 ], [ -42.223628856512704, -22.917192949126488 ], [ -42.226680265077398, -22.920950128405202 ], [ -42.228735843338775, -22.924900171441127 ], [ -42.226833140026095, -22.926344847923676 ], [ -42.223398657339416, -22.92835537046275 ], [ -42.180486070047337, -22.944362452430333 ], [ -42.166702198089617, -22.945482488655706 ], [ -42.167182796190922, -22.946144579359988 ], [ -42.2004, -22.9435 ], [ -42.250351611692388, -22.941032066593284 ], [ -42.264557766133379, -22.905701381792163 ], [ -42.269611853094716, -22.878340467371988 ], [ -42.260537362008321, -22.876117897671751 ], [ -42.259441343496782, -22.873402035526329 ], [ -42.257433900925122, -22.866227683625215 ], [ -42.258912496660223, -22.866467780618585 ], [ -42.260846962903841, -22.866552749614833 ], [ -42.268401462575284, -22.86669102394643 ], [ -42.271947674934516, -22.86569799597935 ], [ -42.274182446932478, -22.853584313370757 ] ] ], [ [ [ -42.150211017436014, -22.846561118295739 ], [ -42.150211017436028, -22.846561118295753 ], [ -42.151104627442102, -22.847011707095053 ], [ -42.150211017436014, -22.846561118295739 ] ] ] ] } },
{ "type": "Feature", "properties": { "area_id": "ENEL_RJ:IMB", "potencia_nominal_mva": 0.0, "n_trafos": 0, "origem": "semente", "profundidade": 1, "recorte_ignorado": false, "geometria_vazia": false, "area_km2": 0.0, "lat_sub": -22.641971, "lon_sub": -43.292496, "classificacao": "Transporte/manobra", "area_mae": "ENEL_RJ:SCS", "distribuidora": "ENEL RJ", "cod_sub": "IMB", "nome": "IMBARIE", "lat_rep": -22.641971, "lon_rep": -43.292496, "capacidade_mmgd_bdgd_kw": 0.0, "capacidade_homologada_localizada_kw": 0.0, "capacidade_lag_kw": 0.0, "pot_sem_homologacao_kw": 0.0, "n_unidades": 0.0, "n_sem_homologacao": 0.0, "capacidade_mmgd_kw": 0.0, "fonte": null, "fator_correcao": null, "capacidade_mmgd_corrigida_kw": 0.0 }, "geometry": { "type": "Polygon", "coordinates": [ [ [ -43.292398692679377, -22.641979250560542 ], [ -43.292433052785867, -22.642040566596147 ], [ -43.292504058571858, -22.642061371124271 ], [ -43.292570115761038, -22.642029477114647 ], [ -43.292592528908095, -22.641963567667016 ], [ -43.292558168745053, -22.641902251661872 ], [ -43.292487163029335, -22.641881447161865 ], [ -43.292421105896707, -22.641913341141034 ], [ -43.292398692679377, -22.641979250560542 ] ] ] } },
{ "type": "Feature", "properties": { "area_id": "ENEL_RJ:INDNUCBR", "potencia_nominal_mva": 0.0, "n_trafos": 0, "origem": "semente", "profundidade": 1, "recorte_ignorado": false, "geometria_vazia": false, "area_km2": 0.0, "lat_sub": -22.50405, "lon_sub": -44.639945, "classificacao": "Transporte/manobra", "area_mae": null, "distribuidora": "ENEL RJ", "cod_sub": "INDNUCBR", "nome": "INDUSTRIAS NUCLEARES DO BRASIL SA RESENDE", "lat_rep": -22.50405, "lon_rep": -44.639945, "capacidade_mmgd_bdgd_kw": 0.0, "capacidade_homologada_localizada_kw": 0.0, "capacidade_lag_kw": 0.0, "pot_sem_homologacao_kw": 0.0, "n_unidades": 0.0, "n_sem_homologacao": 0.0, "capacidade_mmgd_kw": 0.0, "fonte": null, "fator_correcao": null, "capacidade_mmgd_corrigida_kw": 0.0 }, "geometry": { "type": "Polygon", "coordinates": [ [ [ -44.639848477371252, -22.504058763630987 ], [ -44.639883413158024, -22.504119811091424 ], [ -44.63995457436954, -22.504140024636133 ], [ -44.640020275681138, -22.504107563428004 ], [ -44.640042030119723, -22.504041442825855 ], [ -44.64000709428197, -22.503980395398568 ], [ -44.639935933143789, -22.503960181877623 ], [ -44.639870231883172, -22.503992643052612 ], [ -44.639848477371252, -22.504058763630987 ] ] ] } },
{ "type": "Feature", "properties": { "area_id": "ENEL_RJ:ING", "potencia_nominal_mva": 99.9, "n_trafos": 1119, "origem": "fecho_trafos", "profundidade": 0, "recorte_ignorado": false, "geometria_vazia": false, "area_km2": 3.761, "lat_sub": -22.901274, "lon_sub": -43.117264, "classificacao": "Distribuição plena", "area_mae": null, "distribuidora": "ENEL RJ", "cod_sub": "ING", "nome": "Inga", "lat_rep": -22.901695, "lon_rep": -43.120106, "capacidade_mmgd_bdgd_kw": 1463.1, "capacidade_homologada_localizada_kw": 3672.57, "capacidade_lag_kw": 524.482, "pot_sem_homologacao_kw": 0.0, "n_unidades": 421.565, "n_sem_homologacao": 0.0, "capacidade_mmgd_kw": 4197.052, "fonte": "Solar FV", "fator_correcao": null, "capacidade_mmgd_corrigida_kw": 4197.052 }, "geometry": { "type": "Polygon", "coordinates": [ [ [ -43.135699991263486, -22.897700020775435 ], [ -43.129941712297139, -22.89626053207569 ], [ -43.130004040907608, -22.89767175141661 ], [ -43.12512855564124, -22.895057147476727 ], [ -43.1249, -22.895 ], [ -43.124932563737929, -22.894952035935582 ], [ -43.123686121218789, -22.894283552751791 ], [ -43.121779691199407, -22.893454214545027 ], [ -43.107504204948363, -22.897117270850806 ], [ -43.095038040849573, -22.889538613624183 ], [ -43.095145476174764, -22.890779399191285 ], [ -43.097166421381985, -22.89546772441955 ], [ -43.098232091503739, -22.895496886400483 ], [ -43.103563034411806, -22.897382392076558 ], [ -43.10884633024164, -22.905505428239536 ], [ -43.111430896557245, -22.905954811928854 ], [ -43.113464332365389, -22.906204907446494 ], [ -43.112919124686563, -22.908214557694681 ], [ -43.1159, -22.9048 ], [ -43.131199999334363, -22.908399998801784 ], [ -43.135699991263486, -22.897700020775435 ] ], [ [ -43.129581262950921, -22.898545334107926 ], [ -43.129623518881822, -22.898488385557709 ], [ -43.129696863262375, -22.898475799060833 ], [ -43.1297583320112, -22.898514947609918 ], [ -43.12977191758764, -22.898582898544866 ], [ -43.129729661683342, -22.898639847136099 ], [ -43.129656317215201, -22.898652433642223 ], [ -43.129594848439773, -22.898613285052129 ], [ -43.129581262950921, -22.898545334107926 ] ] ] } },
{ "type": "Feature", "properties": { "area_id": "ENEL_RJ:INO", "potencia_nominal_mva": 58.3, "n_trafos": 1673, "origem": "fecho_trafos", "profundidade": 0, "recorte_ignorado": false, "geometria_vazia": false, "area_km2": 118.508, "lat_sub": -22.912239, "lon_sub": -42.939361, "classificacao": "Distribuição plena", "area_mae": null, "distribuidora": "ENEL RJ", "cod_sub": "INO", "nome": "Inoa", "lat_rep": -22.920846, "lon_rep": -42.939137, "capacidade_mmgd_bdgd_kw": 6781.1, "capacidade_homologada_localizada_kw": 31916.31, "capacidade_lag_kw": 6512.854, "pot_sem_homologacao_kw": 0.0, "n_unidades": 6563.714, "n_sem_homologacao": 0.0, "capacidade_mmgd_kw": 38429.164, "fonte": "Solar FV", "fator_correcao": null, "capacidade_mmgd_corrigida_kw": 38429.164 }, "geometry": { "type": "Polygon", "coordinates": [ [ [ -43.007208316446302, -22.911125624480487 ], [ -43.000736360260056, -22.905147893379727 ], [ -42.981326242213775, -22.892427099896974 ], [ -42.980825313800004, -22.891260468838567 ], [ -42.973669914091012, -22.890104425766896 ], [ -42.970048203570023, -22.886353050648374 ], [ -42.96536129713482, -22.886650062670977 ], [ -42.952693743799585, -22.873770259201955 ], [ -42.951937886845826, -22.871546820185991 ], [ -42.953222810902147, -22.868921213871932 ], [ -42.950374060057825, -22.865969198306544 ], [ -42.937804146687249, -22.868785387443673 ], [ -42.904020167011112, -22.874811170589673 ], [ -42.90265917183104, -22.865399223119098 ], [ -42.888382019940217, -22.880174805501284 ], [ -42.886447298319283, -22.880980417651415 ], [ -42.881467334368821, -22.91386766460397 ], [ -42.883823659583577, -22.919616683408364 ], [ -42.883345866649442, -22.92061311272538 ], [ -42.88286810948096, -22.922509190272748 ], [ -42.880953234054843, -22.931163503593638 ], [ -42.883623283808554, -22.943323165948144 ], [ -42.876625095856703, -22.945825410497839 ], [ -42.873520778144517, -22.96630288614983 ], [ -42.8812, -22.967 ], [ -42.909800000176574, -22.974099999042178 ], [ -42.921099999978374, -22.974899998965654 ], [ -42.9668, -22.97 ], [ -42.98053367034975, -22.969842595856729 ], [ -42.980643696490745, -22.969469747664746 ], [ -42.988584532943598, -22.968833237705539 ], [ -42.992633907233305, -22.967274985824403 ], [ -42.989705232534618, -22.966292863453262 ], [ -42.985872224229453, -22.951639070178533 ], [ -42.997747952841827, -22.911124063235299 ], [ -43.007208316446302, -22.911125624480487 ] ] ] } },
{ "type": "Feature", "properties": { "area_id": "ENEL_RJ:INPEL", "potencia_nominal_mva": 0.0, "n_trafos": 0, "origem": "semente", "profundidade": 1, "recorte_ignorado": false, "geometria_vazia": false, "area_km2": 0.0, "lat_sub": -21.50409, "lon_sub": -42.204392, "classificacao": "Transporte/manobra", "area_mae": null, "distribuidora": "ENEL RJ", "cod_sub": "INPEL", "nome": "INPEL DE PADUA IND DE PAPIS LTDA", "lat_rep": -21.50409, "lon_rep": -42.204392, "capacidade_mmgd_bdgd_kw": 0.0, "capacidade_homologada_localizada_kw": 0.0, "capacidade_lag_kw": 0.0, "pot_sem_homologacao_kw": 0.0, "n_unidades": 0.0, "n_sem_homologacao": 0.0, "capacidade_mmgd_kw": 0.0, "fonte": null, "fator_correcao": null, "capacidade_mmgd_corrigida_kw": 0.0 }, "geometry": { "type": "Polygon", "coordinates": [ [ [ -42.204296077880251, -21.504097239040313 ], [ -42.204329720295114, -21.5041587268406 ], [ -42.204399969415732, -21.504179943270948 ], [ -42.204465674215442, -21.504148460012932 ], [ -42.204488345673433, -21.504082719550549 ], [ -42.20445470320135, -21.504021231776441 ], [ -42.204384454143451, -21.504000015376224 ], [ -42.204318749400969, -21.504031498608054 ], [ -42.204296077880251, -21.504097239040313 ] ] ] } },
{ "type": "Feature", "properties": { "area_id": "ENEL_RJ:IRIRI", "potencia_nominal_mva": 0.0, "n_trafos": 0, "origem": "semente", "profundidade": 1, "recorte_ignorado": false, "geometria_vazia": false, "area_km2": 0.0, "lat_sub": -22.349572, "lon_sub": -41.93389, "classificacao": "Transporte/manobra", "area_mae": "ENEL_RJ:IBS", "distribuidora": "ENEL RJ", "cod_sub": "IRIRI", "nome": "Iriri", "lat_rep": -22.349572, "lon_rep": -41.93389, "capacidade_mmgd_bdgd_kw": 0.0, "capacidade_homologada_localizada_kw": 0.0, "capacidade_lag_kw": 0.0, "pot_sem_homologacao_kw": 0.0, "n_unidades": 0.0, "n_sem_homologacao": 0.0, "capacidade_mmgd_kw": 0.0, "fonte": null, "fator_correcao": null, "capacidade_mmgd_corrigida_kw": 0.0 }, "geometry": { "type": "Polygon", "coordinates": [ [ [ -41.933793035888407, -22.349579030764328 ], [ -41.93382670780035, -22.349640577702559 ], [ -41.93389730274157, -22.349661949912104 ], [ -41.93396346710658, -22.349630627819927 ], [ -41.933986442664946, -22.349564959501805 ], [ -41.933952770692251, -22.349503412590504 ], [ -41.933882175816308, -22.349482040412873 ], [ -41.93381601151205, -22.34951336247812 ], [ -41.933793035888407, -22.349579030764328 ] ] ] } },
{ "type": "Feature", "properties": { "area_id": "ENEL_RJ:ITA", "potencia_nominal_mva": 231.0, "n_trafos": 941, "origem": "fecho_trafos", "profundidade": 0, "recorte_ignorado": false, "geometria_vazia": false, "area_km2": 104.908, "lat_sub": -22.485309, "lon_sub": -43.149785, "classificacao": "Distribuição plena", "area_mae": null, "distribuidora": "ENEL RJ", "cod_sub": "ITA", "nome": "Itamarati", "lat_rep": -22.485318, "lon_rep": -43.121927, "capacidade_mmgd_bdgd_kw": 919.8, "capacidade_homologada_localizada_kw": 5934.32, "capacidade_lag_kw": 628.76, "pot_sem_homologacao_kw": 0.0, "n_unidades": 631.12, "n_sem_homologacao": 0.0, "capacidade_mmgd_kw": 6563.08, "fonte": "Solar FV", "fator_correcao": null, "capacidade_mmgd_corrigida_kw": 6563.08 }, "geometry": { "type": "Polygon", "coordinates": [ [ [ -43.19695373394228, -22.481218179571929 ], [ -43.191948321653335, -22.48026486368169 ], [ -43.194495866826266, -22.471785877080293 ], [ -43.124223003608726, -22.446832305676899 ], [ -43.112117731095772, -22.43531328873258 ], [ -43.10478865832809, -22.439924370478153 ], [ -43.090914838992965, -22.434991233085672 ], [ -43.070709495134587, -22.438711491726234 ], [ -43.051099980174833, -22.482947327728759 ], [ -43.068676512940208, -22.521077534033644 ], [ -43.086387361135785, -22.536052657312098 ], [ -43.125462080323878, -22.518164641599231 ], [ -43.126081903976143, -22.519293614172859 ], [ -43.149073124190501, -22.515803618321122 ], [ -43.161653339489654, -22.512642306838053 ], [ -43.164421714600856, -22.509106778689162 ], [ -43.16477039508915, -22.508770492625956 ], [ -43.168312031883993, -22.507295415777161 ], [ -43.183476401474749, -22.504968000161433 ], [ -43.184537646614118, -22.504921320477099 ], [ -43.189737087822657, -22.487622859442617 ], [ -43.195768125269019, -22.483699055610231 ], [ -43.19695373394228, -22.481218179571929 ] ] ] } },
{ "type": "Feature", "properties": { "area_id": "ENEL_RJ:ITB", "potencia_nominal_mva": 32.0, "n_trafos": 1216, "origem": "fecho_trafos", "profundidade": 0, "recorte_ignorado": false, "geometria_vazia": false, "area_km2": 92.051, "lat_sub": -22.739272, "lon_sub": -42.956631, "classificacao": "Distribuição plena", "area_mae": null, "distribuidora": "ENEL RJ", "cod_sub": "ITB", "nome": "Itambi", "lat_rep": -22.742472, "lon_rep": -42.953881, "capacidade_mmgd_bdgd_kw": 1050.98, "capacidade_homologada_localizada_kw": 4751.25, "capacidade_lag_kw": 823.65, "pot_sem_homologacao_kw": 0.0, "n_unidades": 777.866, "n_sem_homologacao": 0.0, "capacidade_mmgd_kw": 5574.9, "fonte": "Solar FV", "fator_correcao": null, "capacidade_mmgd_corrigida_kw": 5574.9 }, "geometry": { "type": "MultiPolygon", "coordinates": [ [ [ [ -43.03519738437641, -22.704772977612219 ], [ -42.948953609445226, -22.712722407624288 ], [ -42.942809218560619, -22.705723454882087 ], [ -42.882659580700519, -22.686352756269898 ], [ -42.871841391300052, -22.697312057562804 ], [ -42.872872631835428, -22.702603772055259 ], [ -42.875412844877232, -22.702713862806078 ], [ -42.893435576420281, -22.731777704486721 ], [ -42.908338117682327, -22.790776287921187 ], [ -42.906508333792935, -22.792843604117333 ], [ -42.922594167419241, -22.774671636536819 ], [ -42.958527593054768, -22.765339101841743 ], [ -42.958581995275019, -22.765121358672495 ], [ -42.959868188553585, -22.76499074088667 ], [ -43.005834334040976, -22.753038132676554 ], [ -43.03519738437641, -22.704772977612219 ] ] ], [ [ [ -42.892144610626843, -22.80143676047199 ], [ -42.892144610626843, -22.801436760471997 ], [ -42.877815616808803, -22.727963742871538 ], [ -42.892144610626843, -22.80143676047199 ] ] ] ] } },
{ "type": "Feature", "properties": { "area_id": "ENEL_RJ:ITC", "potencia_nominal_mva": 0.0, "n_trafos": 0, "origem": "semente", "profundidade": 1, "recorte_ignorado": false, "geometria_vazia": false, "area_km2": 0.0, "lat_sub": -21.672183, "lon_sub": -42.086091, "classificacao": "Transporte/manobra", "area_mae": null, "distribuidora": "ENEL RJ", "cod_sub": "ITC", "nome": "Itaocara", "lat_rep": -21.672183, "lon_rep": -42.086091, "capacidade_mmgd_bdgd_kw": 0.0, "capacidade_homologada_localizada_kw": 0.0, "capacidade_lag_kw": 0.0, "pot_sem_homologacao_kw": 0.0, "n_unidades": 0.0, "n_sem_homologacao": 0.0, "capacidade_mmgd_kw": 0.0, "fonte": null, "fator_correcao": null, "capacidade_mmgd_corrigida_kw": 0.0 }, "geometry": { "type": "Polygon", "coordinates": [ [ [ -42.085994477256179, -21.67219053895861 ], [ -42.086028096555495, -21.672252048393393 ], [ -42.086098400288819, -21.672273321527058 ], [ -42.086164205437868, -21.672241896824762 ], [ -42.0861869641979, -21.672176182469368 ], [ -42.086153344840433, -21.672114673060772 ], [ -42.086083041170163, -21.672093399957781 ], [ -42.086017236079265, -21.672124824633883 ], [ -42.085994477256179, -21.67219053895861 ] ] ] } },
{ "type": "Feature", "properties": { "area_id": "ENEL_RJ:ITI", "potencia_nominal_mva": 33.3, "n_trafos": 1065, "origem": "fecho_trafos", "profundidade": 0, "recorte_ignorado": false, "geometria_vazia": false, "area_km2": 606.965, "lat_sub": -22.490294, "lon_sub": -44.555892, "classificacao": "Distribuição plena", "area_mae": null, "distribuidora": "ENEL RJ", "cod_sub": "ITI", "nome": "Itatiaia", "lat_rep": -22.473124, "lon_rep": -44.611427, "capacidade_mmgd_bdgd_kw": 955.3, "capacidade_homologada_localizada_kw": 4319.77, "capacidade_lag_kw": 725.952, "pot_sem_homologacao_kw": 0.0, "n_unidades": 623.948, "n_sem_homologacao": 0.0, "capacidade_mmgd_kw": 5045.722, "fonte": "Solar FV", "fator_correcao": null, "capacidade_mmgd_corrigida_kw": 5045.722 }, "geometry": { "type": "Polygon", "coordinates": [ [ [ -44.729898954688224, -22.436820381585449 ], [ -44.716255591586027, -22.417966398725028 ], [ -44.665555176828583, -22.373372444196903 ], [ -44.6619, -22.3805 ], [ -44.6582, -22.3735 ], [ -44.6459, -22.365 ], [ -44.642, -22.3562 ], [ -44.6277, -22.3447 ], [ -44.626099998984394, -22.33530000079033 ], [ -44.6159, -22.332 ], [ -44.61, -22.3266 ], [ -44.5926, -22.3229 ], [ -44.5804, -22.3283 ], [ -44.5706, -22.3246 ], [ -44.5635, -22.3316 ], [ -44.5552, -22.3307 ], [ -44.5491, -22.3243 ], [ -44.5437, -22.3323 ], [ -44.5327, -22.3307 ], [ -44.530199998907776, -22.323200000798405 ], [ -44.5171, -22.3159 ], [ -44.51519999909722, -22.310500000788306 ], [ -44.503964787452247, -22.306325489139272 ], [ -44.503556789879553, -22.341066438253954 ], [ -44.483234534391713, -22.352908219482249 ], [ -44.482467498317803, -22.354801662415102 ], [ -44.487109526899182, -22.396878285584219 ], [ -44.501528802471555, -22.460226488196469 ], [ -44.502111172663824, -22.463926828322823 ], [ -44.501864344874441, -22.484862204918848 ], [ -44.505099595034928, -22.489809282654637 ], [ -44.504991680660986, -22.492704809752784 ], [ -44.501593917258077, -22.507785361331173 ], [ -44.500166198934522, -22.628570935469597 ], [ -44.510699999630518, -22.640099998016726 ], [ -44.5146, -22.6305 ], [ -44.530999998405633, -22.630199998978618 ], [ -44.5285, -22.6237 ], [ -44.537399999243661, -22.618299999271876 ], [ -44.546, -22.607 ], [ -44.563999999633054, -22.611999998736827 ], [ -44.5742, -22.6019 ], [ -44.584000000652118, -22.624199998749223 ], [ -44.593299999012935, -22.621699999089575 ], [ -44.5968, -22.6102 ], [ -44.612799999666294, -22.617299998709754 ], [ -44.6227, -22.6053 ], [ -44.63439999993534, -22.609399998954935 ], [ -44.645899998534333, -22.603899999553459 ], [ -44.6436, -22.5996 ], [ -44.64649999867931, -22.581500000396737 ], [ -44.6424, -22.5776 ], [ -44.6444, -22.5556 ], [ -44.649800000045083, -22.556799998893318 ], [ -44.6679, -22.5541 ], [ -44.678799998672176, -22.558899998318683 ], [ -44.677099999050753, -22.547500000384204 ], [ -44.6699, -22.5393 ], [ -44.6814, -22.5253 ], [ -44.6882, -22.5215 ], [ -44.696199999146224, -22.518399999063607 ], [ -44.7014, -22.5107 ], [ -44.711699999006456, -22.513999998622445 ], [ -44.713, -22.4932 ], [ -44.719899999032066, -22.492799998961061 ], [ -44.723699998680921, -22.475900000378154 ], [ -44.718, -22.4708 ], [ -44.7192, -22.4634 ], [ -44.72860935523336, -22.446570980742624 ], [ -44.729065418603383, -22.44395026508133 ], [ -44.729898954688224, -22.436820381585449 ] ], [ [ -44.534365193624218, -22.484921765168494 ], [ -44.534417991475848, -22.484873052162378 ], [ -44.534492391164967, -22.484873300939441 ], [ -44.534544810425785, -22.484922365770725 ], [ -44.534544542764642, -22.484991505172335 ], [ -44.534491744910731, -22.485040218219169 ], [ -44.534417345132418, -22.485039969440294 ], [ -44.534364925873874, -22.484990904568292 ], [ -44.534365193624218, -22.484921765168494 ] ], [ [ -44.536378757560996, -22.48468491373923 ], [ -44.536426162353649, -22.484631625493801 ], [ -44.53650022982103, -22.484625095299961 ], [ -44.536557572307331, -22.484669148452245 ], [ -44.536564599372639, -22.484737979240059 ], [ -44.53651719459517, -22.484791267525772 ], [ -44.536443127039874, -22.484797797725797 ], [ -44.536385784538389, -22.484753744533222 ], [ -44.536378757560996, -22.48468491373923 ] ], [ [ -44.539535429748433, -22.491316193345696 ], [ -44.539593112448856, -22.491272522305245 ], [ -44.539667131349461, -22.491279544410684 ], [ -44.539714127243627, -22.491333146214817 ], [ -44.539706570560071, -22.491401928535691 ], [ -44.539648887840045, -22.491445599615744 ], [ -44.539574868852362, -22.49143857750061 ], [ -44.539527872977807, -22.491384975656867 ], [ -44.539535429748433, -22.491316193345696 ] ], [ [ -44.544242243840714, -22.480354320680064 ], [ -44.54428379529719, -22.480296968931171 ], [ -44.544356814379945, -22.48028371996821 ], [ -44.544418527559557, -22.480322334844125 ], [ -44.544432784114996, -22.480390193515397 ], [ -44.544391232690586, -22.480447545302582 ], [ -44.544318213524605, -22.480460794279484 ], [ -44.544256500312919, -22.480422179365288 ], [ -44.544242243840714, -22.480354320680064 ] ], [ [ -44.572430687057981, -22.526605976630986 ], [ -44.572496439267454, -22.526573588775577 ], [ -44.572567584713724, -22.526593880467637 ], [ -44.572602447411093, -22.526654965126156 ], [ -44.572580605227891, -22.526721060209979 ], [ -44.572514852967011, -22.5267534480984 ], [ -44.572443707447562, -22.526733156382289 ], [ -44.5724088448016, -22.526672071690758 ], [ -44.572430687057981, -22.526605976630986 ] ], [ [ -44.639864572561955, -22.5039996977229 ], [ -44.639926562717207, -22.503961451997665 ], [ -44.639999501810294, -22.503975136950309 ], [ -44.640040663167653, -22.504032736133141 ], [ -44.640025934999016, -22.504100508752291 ], [ -44.639963944807945, -22.504138754514649 ], [ -44.639891005633039, -22.504125069545108 ], [ -44.639849844311492, -22.50406747032515 ], [ -44.639864572561955, -22.5039996977229 ] ] ] } },
{ "type": "Feature", "properties": { "area_id": "ENEL_RJ:ITL", "potencia_nominal_mva": 326.0, "n_trafos": 1390, "origem": "fecho_trafos", "profundidade": 0, "recorte_ignorado": false, "geometria_vazia": false, "area_km2": 642.836, "lat_sub": -21.356528, "lon_sub": -41.70781, "classificacao": "Distribuição plena", "area_mae": null, "distribuidora": "ENEL RJ", "cod_sub": "ITL", "nome": "Italva", "lat_rep": -21.38912, "lon_rep": -41.734661, "capacidade_mmgd_bdgd_kw": 2540.4, "capacidade_homologada_localizada_kw": 6105.94, "capacidade_lag_kw": 1074.182, "pot_sem_homologacao_kw": 0.0, "n_unidades": 647.45, "n_sem_homologacao": 0.0, "capacidade_mmgd_kw": 7180.122, "fonte": "Solar FV", "fator_correcao": null, "capacidade_mmgd_corrigida_kw": 7180.122 }, "geometry": { "type": "MultiPolygon", "coordinates": [ [ [ [ -41.961289099007004, -21.500084475453974 ], [ -41.956925506999916, -21.502843343008415 ], [ -41.956925482899386, -21.502843387978519 ], [ -41.961289099007004, -21.500084475453974 ] ] ], [ [ [ -41.942987267874223, -21.452427102439124 ], [ -41.946084635568468, -21.446067403097285 ], [ -41.934436574586911, -21.440713428870527 ], [ -41.921399250391545, -21.422849566994049 ], [ -41.900036346147388, -21.401674239499247 ], [ -41.8155082248661, -21.336367725688316 ], [ -41.791397434078618, -21.320950492645654 ], [ -41.766278698565351, -21.318375331650874 ], [ -41.637348776328722, -21.258994769001688 ], [ -41.565106880641387, -21.257367218929023 ], [ -41.551990950621629, -21.260439097010355 ], [ -41.549386988520425, -21.261226350775406 ], [ -41.511980828054341, -21.274716263278076 ], [ -41.540755665959644, -21.354405613928819 ], [ -41.659304581242509, -21.445803024264023 ], [ -41.68990067494375, -21.464629224613326 ], [ -41.68680101195347, -21.471690773868843 ], [ -41.695716687360125, -21.468206867242408 ], [ -41.704710142225345, -21.473738175880733 ], [ -41.711697962885331, -21.475286007386345 ], [ -41.785225011539296, -21.487061232903976 ], [ -41.830443198979651, -21.448605035348894 ], [ -41.955814321260846, -21.503545864839264 ], [ -41.955814360482073, -21.503545861958699 ], [ -41.956925506999916, -21.502843343008415 ], [ -41.966608579857343, -21.484775322297534 ], [ -41.942987267874223, -21.452427102439124 ] ], [ [ -41.688153599516951, -21.378629528621186 ], [ -41.688204591655484, -21.378679396932739 ], [ -41.688203000717117, -21.378748431243967 ], [ -41.68814975859317, -21.378796192182762 ], [ -41.68807605380848, -21.37879470201198 ], [ -41.688025061685103, -21.378744833662292 ], [ -41.688026652706618, -21.378675799363542 ], [ -41.688079894815409, -21.378628038462885 ], [ -41.688153599516951, -21.378629528621186 ] ] ] ] } },
{ "type": "Feature", "properties": { "area_id": "ENEL_RJ:ITO", "potencia_nominal_mva": 25.0, "n_trafos": 743, "origem": "fecho_trafos", "profundidade": 0, "recorte_ignorado": false, "geometria_vazia": false, "area_km2": 257.182, "lat_sub": -23.005765, "lon_sub": -44.470523, "classificacao": "Distribuição plena", "area_mae": null, "distribuidora": "ENEL RJ", "cod_sub": "ITO", "nome": "Itaorna", "lat_rep": -22.935138, "lon_rep": -44.453148, "capacidade_mmgd_bdgd_kw": 858.65, "capacidade_homologada_localizada_kw": 2838.37, "capacidade_lag_kw": 534.341, "pot_sem_homologacao_kw": 0.0, "n_unidades": 317.846, "n_sem_homologacao": 0.0, "capacidade_mmgd_kw": 3372.711, "fonte": "Solar FV", "fator_correcao": null, "capacidade_mmgd_corrigida_kw": 3372.711 }, "geometry": { "type": "Polygon", "coordinates": [ [ [ -44.554139129391707, -22.887246431675567 ], [ -44.530099999437681, -22.867900001041587 ], [ -44.5191, -22.8657 ], [ -44.5117, -22.8604 ], [ -44.505299999337012, -22.851500000710903 ], [ -44.494599999703688, -22.846800001110424 ], [ -44.484400000506817, -22.846400001016811 ], [ -44.475300001324015, -22.857200000151153 ], [ -44.4799, -22.8668 ], [ -44.471300001017518, -22.87590000060467 ], [ -44.4669, -22.885 ], [ -44.4583, -22.8833 ], [ -44.451199999436824, -22.876800001190443 ], [ -44.4443, -22.8765 ], [ -44.4333, -22.8688 ], [ -44.432699998727216, -22.861100000478228 ], [ -44.423099999201007, -22.850500001064926 ], [ -44.410699999992005, -22.846400001084362 ], [ -44.402800000958294, -22.84890000089004 ], [ -44.4005, -22.8551 ], [ -44.391228028739974, -22.852806933865974 ], [ -44.38983120491924, -22.891899473496682 ], [ -44.331589805434696, -22.877223487674538 ], [ -44.328714220417709, -22.879836138189912 ], [ -44.324821662957987, -22.898684909191253 ], [ -44.332920621914155, -22.91324059107518 ], [ -44.333067765139276, -22.913595189689545 ], [ -44.343287262319024, -22.922741393840219 ], [ -44.3446, -22.9226 ], [ -44.3534, -22.9312 ], [ -44.3583, -22.9269 ], [ -44.3666, -22.9286 ], [ -44.3717, -22.9384 ], [ -44.354800001024522, -22.944700000849455 ], [ -44.352600001320369, -22.95199999933612 ], [ -44.3619, -22.9547 ], [ -44.366400000475899, -22.959999998840505 ], [ -44.377799999626347, -22.958099999089068 ], [ -44.3893, -22.9516 ], [ -44.4139, -22.9538 ], [ -44.423, -22.9506 ], [ -44.4267, -22.961 ], [ -44.4344, -22.963 ], [ -44.4373, -22.9737 ], [ -44.4344, -22.9852 ], [ -44.4412, -22.9922 ], [ -44.4304, -22.9984 ], [ -44.4396, -23.0028 ], [ -44.4451, -23.0115 ], [ -44.438000001692721, -23.021099999539924 ], [ -44.448499999282873, -23.025199998588075 ], [ -44.4513, -23.0166 ], [ -44.462, -23.0077 ], [ -44.4705, -23.0108 ], [ -44.4761, -23.0058 ], [ -44.4841, -23.0085 ], [ -44.4867, -23.0164 ], [ -44.502499979922213, -23.026999986532136 ], [ -44.502779216633932, -23.027004518636378 ], [ -44.503258587687981, -23.025703253320344 ], [ -44.519939969680706, -23.026130709256652 ], [ -44.521336294245629, -23.025551520479723 ], [ -44.525202100592963, -23.022248954748708 ], [ -44.523616224931949, -23.015610601794521 ], [ -44.511864954616392, -23.002303807193506 ], [ -44.554139129391707, -22.887246431675567 ] ], [ [ -44.463194470870356, -23.002735477827354 ], [ -44.463066414756803, -23.004172321336867 ], [ -44.460396842503506, -23.003755314680596 ], [ -44.460397382581512, -23.003754119123972 ], [ -44.463194470870356, -23.002735477827354 ] ] ] } },
{ "type": "Feature", "properties": { "area_id": "ENEL_RJ:ITP", "potencia_nominal_mva": 51.6, "n_trafos": 1050, "origem": "fecho_trafos", "profundidade": 0, "recorte_ignorado": false, "geometria_vazia": false, "area_km2": 136.41, "lat_sub": -22.367601, "lon_sub": -43.124658, "classificacao": "Distribuição plena", "area_mae": null, "distribuidora": "ENEL RJ", "cod_sub": "ITP", "nome": "Itaipava", "lat_rep": -22.37834, "lon_rep": -43.106576, "capacidade_mmgd_bdgd_kw": 1907.5, "capacidade_homologada_localizada_kw": 6847.65, "capacidade_lag_kw": 710.744, "pot_sem_homologacao_kw": 0.0, "n_unidades": 706.644, "n_sem_homologacao": 0.0, "capacidade_mmgd_kw": 7558.394, "fonte": "Solar FV", "fator_correcao": null, "capacidade_mmgd_corrigida_kw": 7558.394 }, "geometry": { "type": "Polygon", "coordinates": [ [ [ -43.173396917723039, -22.385374816789362 ], [ -43.158193401772223, -22.356311270737919 ], [ -43.14307296291652, -22.344011188270375 ], [ -43.131235068179407, -22.320367860377271 ], [ -43.112712866248245, -22.314347492867103 ], [ -43.108573870667101, -22.310072636549158 ], [ -43.105722893728071, -22.312074824720849 ], [ -43.096404266940006, -22.309044502060356 ], [ -43.065625269900636, -22.324901313498753 ], [ -43.055398482589432, -22.322241427357092 ], [ -43.039618274144189, -22.311779833717818 ], [ -43.026216288014353, -22.314701791529423 ], [ -43.026313428961224, -22.31491174487255 ], [ -43.029008803036376, -22.324345384334077 ], [ -43.028472368472649, -22.335373128805177 ], [ -43.029491951735821, -22.339859744487907 ], [ -43.042600777771881, -22.371313300826198 ], [ -43.044775518420494, -22.401329907123465 ], [ -43.059385493641166, -22.411566774543633 ], [ -43.070709495037434, -22.438711489556727 ], [ -43.090914838673676, -22.434991231129953 ], [ -43.106061792312943, -22.425885752850181 ], [ -43.11180036522304, -22.423600463516252 ], [ -43.112476000647369, -22.422029074291242 ], [ -43.141719877358277, -22.404439424090427 ], [ -43.163757316667308, -22.396333999976488 ], [ -43.164604525804968, -22.395670459945737 ], [ -43.165707539916816, -22.39000377473781 ], [ -43.173396917723039, -22.385374816789362 ] ] ] } },
{ "type": "Feature", "properties": { "area_id": "ENEL_RJ:ITR", "potencia_nominal_mva": 70.8, "n_trafos": 4637, "origem": "fecho_trafos", "profundidade": 0, "recorte_ignorado": false, "geometria_vazia": false, "area_km2": 1188.991, "lat_sub": -21.200148, "lon_sub": -41.892888, "classificacao": "Distribuição plena", "area_mae": null, "distribuidora": "ENEL RJ", "cod_sub": "ITR", "nome": "Itaperuna", "lat_rep": -21.250301, "lon_rep": -42.011588, "capacidade_mmgd_bdgd_kw": 5827.22, "capacidade_homologada_localizada_kw": 35353.02, "capacidade_lag_kw": 8429.499, "pot_sem_homologacao_kw": 0.0, "n_unidades": 5014.225, "n_sem_homologacao": 0.0, "capacidade_mmgd_kw": 43782.519, "fonte": "Solar FV", "fator_correcao": null, "capacidade_mmgd_corrigida_kw": 43782.519 }, "geometry": { "type": "Polygon", "coordinates": [ [ [ -42.22260425292346, -21.313762657444862 ], [ -42.217540085822009, -21.272306250891003 ], [ -42.2136, -21.2725 ], [ -42.1998, -21.2564 ], [ -42.1897, -21.2505 ], [ -42.195, -21.2391 ], [ -42.1891, -21.2333 ], [ -42.1915, -21.2236 ], [ -42.2026, -21.2212 ], [ -42.2017, -21.2073 ], [ -42.1947, -21.2027 ], [ -42.208299998574724, -21.179000000264629 ], [ -42.2001, -21.1727 ], [ -42.1953, -21.1603 ], [ -42.190099999087884, -21.146200000845393 ], [ -42.1818, -21.1434 ], [ -42.1745, -21.1318 ], [ -42.1689, -21.1169 ], [ -42.170699998706041, -21.114599999883122 ], [ -42.163699999361924, -21.100700001347917 ], [ -42.1517, -21.1041 ], [ -42.149924298918606, -21.103922484070033 ], [ -42.151321875385321, -21.125712913964595 ], [ -42.151260461245727, -21.128585868644052 ], [ -42.150812059843751, -21.1298942515687 ], [ -42.14027420622817, -21.129503205575862 ], [ -41.920974240876149, -21.114180585290551 ], [ -41.855751743942747, -21.08256408347053 ], [ -41.811145140574482, -21.029905551591941 ], [ -41.80966326517575, -21.029967336747745 ], [ -41.808776717344585, -21.031134408605638 ], [ -41.802919790532194, -21.039220970959793 ], [ -41.784436595559107, -21.066169907983699 ], [ -41.780499461792743, -21.120829632498076 ], [ -41.828550458382679, -21.227533894210342 ], [ -41.828093490885863, -21.324704680410786 ], [ -41.798314450706073, -21.321658946435317 ], [ -41.799087327547653, -21.325870193779963 ], [ -41.815508241812573, -21.336367738790535 ], [ -41.900036322966912, -21.401674221602804 ], [ -41.921399248637861, -21.422849568317123 ], [ -41.934433303692991, -21.440711972867355 ], [ -41.979198490174518, -21.461281632254654 ], [ -42.017914147376032, -21.388966189897609 ], [ -42.147271119660132, -21.298970096320136 ], [ -42.152436010762379, -21.297147421733616 ], [ -42.166223770755387, -21.298388895961331 ], [ -42.201200319715873, -21.329396736451045 ], [ -42.21659786076733, -21.319691474944907 ], [ -42.22260425292346, -21.313762657444862 ] ], [ [ -42.099182855084401, -21.1860199469061 ], [ -42.099224917306721, -21.185963244607308 ], [ -42.099297410202318, -21.185951044744193 ], [ -42.099357868473589, -21.185990493827994 ], [ -42.099370876498767, -21.186058483148141 ], [ -42.099328814295738, -21.186115185486081 ], [ -42.099256321319004, -21.186127385353586 ], [ -42.099195863028427, -21.186087936230642 ], [ -42.099182855084401, -21.1860199469061 ] ] ] } },
{ "type": "Feature", "properties": { "area_id": "ENEL_RJ:JAC", "potencia_nominal_mva": 80.0, "n_trafos": 992, "origem": "fecho_trafos", "profundidade": 0, "recorte_ignorado": false, "geometria_vazia": false, "area_km2": 356.551, "lat_sub": -22.98759, "lon_sub": -44.237095, "classificacao": "Distribuição plena", "area_mae": null, "distribuidora": "ENEL RJ", "cod_sub": "JAC", "nome": "Jacuacanga", "lat_rep": -23.157328, "lon_rep": -44.24382, "capacidade_mmgd_bdgd_kw": 978.8, "capacidade_homologada_localizada_kw": 4017.54, "capacidade_lag_kw": 760.419, "pot_sem_homologacao_kw": 0.0, "n_unidades": 528.677, "n_sem_homologacao": 0.0, "capacidade_mmgd_kw": 4777.959, "fonte": "Solar FV", "fator_correcao": null, "capacidade_mmgd_corrigida_kw": 4777.959 }, "geometry": { "type": "MultiPolygon", "coordinates": [ [ [ [ -44.377599981640444, -23.172399985233856 ], [ -44.368399999652709, -23.165000001165591 ], [ -44.3624, -23.166 ], [ -44.35489997725066, -23.159599992346987 ], [ -44.3442, -23.156 ], [ -44.3251, -23.1541 ], [ -44.3201, -23.1437 ], [ -44.3204, -23.1367 ], [ -44.3133, -23.1333 ], [ -44.3062, -23.1212 ], [ -44.2966, -23.1166 ], [ -44.2941, -23.1227 ], [ -44.2973, -23.1314 ], [ -44.282, -23.1348 ], [ -44.279, -23.1255 ], [ -44.2726, -23.1174 ], [ -44.2583, -23.1157 ], [ -44.2495, -23.1094 ], [ -44.2528, -23.0974 ], [ -44.2334, -23.0907 ], [ -44.2163, -23.0898 ], [ -44.2075, -23.0977 ], [ -44.1947, -23.0986 ], [ -44.1952, -23.1064 ], [ -44.2069, -23.1033 ], [ -44.2181, -23.1059 ], [ -44.2053, -23.1127 ], [ -44.2017, -23.1197 ], [ -44.186, -23.1209 ], [ -44.1764, -23.1171 ], [ -44.1687, -23.1199 ], [ -44.1726, -23.1287 ], [ -44.1699, -23.1376 ], [ -44.164, -23.142 ], [ -44.1555, -23.1388 ], [ -44.147999999277658, -23.124900000811252 ], [ -44.126900001160124, -23.119500001364671 ], [ -44.12710000120898, -23.125299999546368 ], [ -44.1405, -23.1389 ], [ -44.1377, -23.1597 ], [ -44.120600000145913, -23.153000001125857 ], [ -44.1078, -23.1618 ], [ -44.091300001371074, -23.1659000006822 ], [ -44.094500000888395, -23.174799999138223 ], [ -44.1088, -23.1785 ], [ -44.118500000330258, -23.186099998841851 ], [ -44.129899998046419, -23.184099999326218 ], [ -44.1234, -23.1765 ], [ -44.1313, -23.1692 ], [ -44.14, -23.167 ], [ -44.1591, -23.172 ], [ -44.1651, -23.1754 ], [ -44.17020000042239, -23.184499998449478 ], [ -44.1778, -23.1797 ], [ -44.1882, -23.1825 ], [ -44.192700000736792, -23.198699998551454 ], [ -44.2067, -23.1926 ], [ -44.2266, -23.1957 ], [ -44.230700000590979, -23.199699998877989 ], [ -44.246799999415906, -23.201099998788212 ], [ -44.2566, -23.1889 ], [ -44.26259999968174, -23.192499998585134 ], [ -44.2717, -23.1798 ], [ -44.2886, -23.1766 ], [ -44.3113, -23.1805 ], [ -44.3176, -23.1867 ], [ -44.316700001265133, -23.192499999811314 ], [ -44.322200000932739, -23.202699999257543 ], [ -44.3293, -23.2073 ], [ -44.334, -23.2168 ], [ -44.333400001265908, -23.223599999068405 ], [ -44.345299999262984, -23.225199998784131 ], [ -44.349799998801934, -23.215499999712037 ], [ -44.350599998681844, -23.208400000254592 ], [ -44.3395, -23.1903 ], [ -44.346, -23.1809 ], [ -44.355200000002739, -23.191099998429689 ], [ -44.3621, -23.1835 ], [ -44.373499999163961, -23.183099998949107 ], [ -44.377599981640444, -23.172399985233856 ] ] ], [ [ [ -44.268017384005269, -22.999354718887933 ], [ -44.267934804961733, -22.999170220597346 ], [ -44.26864605967441, -22.996159843165337 ], [ -44.266347295624016, -22.991518822644931 ], [ -44.263908162429928, -22.990193367832273 ], [ -44.253503724589777, -22.96699119057709 ], [ -44.245200003832046, -22.902300986195087 ], [ -44.227622940331074, -22.905318483379734 ], [ -44.224655116011427, -22.911880510052562 ], [ -44.186605625065091, -22.915556620979586 ], [ -44.183904765540603, -22.912814623167474 ], [ -44.132064962522811, -22.921686575292135 ], [ -44.128534165380437, -22.935201784143299 ], [ -44.149126239534709, -22.947554340683336 ], [ -44.150911624165332, -22.954840970648515 ], [ -44.114490086370694, -22.988930298892157 ], [ -44.110402841878333, -23.00455756261761 ], [ -44.101149242647871, -23.008608834759272 ], [ -44.1043, -23.0111 ], [ -44.1133, -23.0232 ], [ -44.1244, -23.0263 ], [ -44.13, -23.0325 ], [ -44.1536, -23.038 ], [ -44.1657, -23.0339 ], [ -44.176, -23.0364 ], [ -44.1729, -23.0481 ], [ -44.1858, -23.0498 ], [ -44.1949, -23.0544 ], [ -44.1939, -23.041 ], [ -44.2014, -23.0383 ], [ -44.2193, -23.05 ], [ -44.2239, -23.0488 ], [ -44.2376, -23.0565 ], [ -44.2475, -23.0485 ], [ -44.2315, -23.0224 ], [ -44.2305, -23.0142 ], [ -44.2399, -23.0028 ], [ -44.2509, -22.9978 ], [ -44.2593, -23.0065 ], [ -44.2667, -23.0015 ], [ -44.27009614381258, -23.002705121895801 ], [ -44.268017384005269, -22.999354718887933 ] ], [ [ -44.224673364382554, -22.994060150576001 ], [ -44.224721068778386, -22.994006965054993 ], [ -44.224795422731681, -22.994000586459013 ], [ -44.224852870769077, -22.994044751279304 ], [ -44.224859760619559, -22.99411358839254 ], [ -44.22481205623793, -22.994166773955072 ], [ -44.224737702193906, -22.994173152556268 ], [ -44.224680254142299, -22.994128987694452 ], [ -44.224673364382554, -22.994060150576001 ] ], [ [ -44.248155118199783, -22.995261041102996 ], [ -44.248207327512198, -22.995281380974813 ], [ -44.248240788057373, -22.99533366991837 ], [ -44.24823497477319, -22.995385833369618 ], [ -44.248198837815529, -22.995426215664388 ], [ -44.248144461782694, -22.995441205046014 ], [ -44.248080737038158, -22.995418724462606 ], [ -44.248021604092486, -22.995424803852753 ], [ -44.247959708302801, -22.995386129869363 ], [ -44.247945479990946, -22.995318264095967 ], [ -44.247987253848123, -22.995260961391686 ], [ -44.248041534076414, -22.995245971607741 ], [ -44.24810535448119, -22.995268452659548 ], [ -44.248155118199783, -22.995261041102996 ] ] ] ] } },
{ "type": "Feature", "properties": { "area_id": "ENEL_RJ:JAGUAR_LAN", "potencia_nominal_mva": 0.0, "n_trafos": 0, "origem": "semente", "profundidade": 1, "recorte_ignorado": false, "geometria_vazia": false, "area_km2": 0.0, "lat_sub": -22.491359, "lon_sub": -44.539621, "classificacao": "Transporte/manobra", "area_mae": null, "distribuidora": "ENEL RJ", "cod_sub": "JAGUAR_LAN", "nome": "JAGUAR E LAND ROVER BRASIL IMPORT E COME", "lat_rep": -22.491359, "lon_rep": -44.539621, "capacidade_mmgd_bdgd_kw": 0.0, "capacidade_homologada_localizada_kw": 0.0, "capacidade_lag_kw": 0.0, "pot_sem_homologacao_kw": 0.0, "n_unidades": 0.0, "n_sem_homologacao": 0.0, "capacidade_mmgd_kw": 0.0, "fonte": null, "fator_correcao": null, "capacidade_mmgd_corrigida_kw": 0.0 }, "geometry": { "type": "Polygon", "coordinates": [ [ [ -44.539524227407426, -22.491367661136373 ], [ -44.539559115701934, -22.49142872972439 ], [ -44.539630255097734, -22.491448987285043 ], [ -44.539695973049753, -22.491416567197049 ], [ -44.539717772836894, -22.491350460731468 ], [ -44.539682884491057, -22.491289392176366 ], [ -44.539611745168273, -22.491269134639786 ], [ -44.53954602726759, -22.491301554694861 ], [ -44.539524227407426, -22.491367661136373 ] ] ] } },
{ "type": "Feature", "properties": { "area_id": "ENEL_RJ:LAFARGEHOL", "potencia_nominal_mva": 0.0, "n_trafos": 0, "origem": "semente", "profundidade": 1, "recorte_ignorado": false, "geometria_vazia": false, "area_km2": 0.0, "lat_sub": -21.939838, "lon_sub": -42.273061, "classificacao": "Transporte/manobra", "area_mae": null, "distribuidora": "ENEL RJ", "cod_sub": "LAFARGEHOL", "nome": "HOLCIM BRASIL SA", "lat_rep": -21.939838, "lon_rep": -42.273061, "capacidade_mmgd_bdgd_kw": 0.0, "capacidade_homologada_localizada_kw": 0.0, "capacidade_lag_kw": 0.0, "pot_sem_homologacao_kw": 0.0, "n_unidades": 0.0, "n_sem_homologacao": 0.0, "capacidade_mmgd_kw": 0.0, "fonte": null, "fator_correcao": null, "capacidade_mmgd_corrigida_kw": 0.0 }, "geometry": { "type": "Polygon", "coordinates": [ [ [ -42.272964346942665, -21.939845617926277 ], [ -42.272998099595519, -21.939907102688771 ], [ -42.273068566980733, -21.939928312373738 ], [ -42.273134470213861, -21.939896822613903 ], [ -42.273157204033751, -21.93983107970254 ], [ -42.273123451322633, -21.939769594967089 ], [ -42.273052984002042, -21.939748385312541 ], [ -42.272987080827178, -21.939779875045335 ], [ -42.272964346942665, -21.939845617926277 ] ] ] } },
{ "type": "Feature", "properties": { "area_id": "ENEL_RJ:LIB", "potencia_nominal_mva": 0.0, "n_trafos": 0, "origem": "semente", "profundidade": 1, "recorte_ignorado": false, "geometria_vazia": false, "area_km2": 0.0, "lat_sub": -22.462008, "lon_sub": -44.463771, "classificacao": "Transporte/manobra", "area_mae": null, "distribuidora": "ENEL RJ", "cod_sub": "LIB", "nome": "Liberdade", "lat_rep": -22.462008, "lon_rep": -44.463771, "capacidade_mmgd_bdgd_kw": 0.0, "capacidade_homologada_localizada_kw": 0.0, "capacidade_lag_kw": 0.0, "pot_sem_homologacao_kw": 0.0, "n_unidades": 0.0, "n_sem_homologacao": 0.0, "capacidade_mmgd_kw": 0.0, "fonte": null, "fator_correcao": null, "capacidade_mmgd_corrigida_kw": 0.0 }, "geometry": { "type": "Polygon", "coordinates": [ [ [ -44.46367385724357, -22.462017033157959 ], [ -44.463708704851882, -22.462078117631425 ], [ -44.463779817602969, -22.462098408249958 ], [ -44.463845538560093, -22.462066019027276 ], [ -44.463867369241676, -22.461999923153805 ], [ -44.463832521581814, -22.461938838713039 ], [ -44.46376140890343, -22.461918548118788 ], [ -44.463695687997841, -22.461950937308764 ], [ -44.46367385724357, -22.462017033157959 ] ] ] } },
{ "type": "Feature", "properties": { "area_id": "ENEL_RJ:MAC", "potencia_nominal_mva": 70.0, "n_trafos": 3379, "origem": "fecho_trafos", "profundidade": 0, "recorte_ignorado": false, "geometria_vazia": false, "area_km2": 1283.499, "lat_sub": -22.37484, "lon_sub": -41.786935, "classificacao": "Distribuição plena", "area_mae": null, "distribuidora": "ENEL RJ", "cod_sub": "MAC", "nome": "Macae", "lat_rep": -22.197424, "lon_rep": -41.574638, "capacidade_mmgd_bdgd_kw": 3503.6, "capacidade_homologada_localizada_kw": 20443.03, "capacidade_lag_kw": 2712.204, "pot_sem_homologacao_kw": 0.0, "n_unidades": 2179.751, "n_sem_homologacao": 0.0, "capacidade_mmgd_kw": 23155.234, "fonte": "Solar FV", "fator_correcao": null, "capacidade_mmgd_corrigida_kw": 23155.234 }, "geometry": { "type": "MultiPolygon", "coordinates": [ [ [ [ -41.999012241729986, -22.309460950313721 ], [ -41.959183959852872, -22.287895713856201 ], [ -41.93822766488546, -22.196272565472121 ], [ -41.937865493745115, -22.195724097997019 ], [ -41.909166170448408, -22.179240819354895 ], [ -41.876068768079691, -22.199170663028561 ], [ -41.808823377250455, -22.223388395513478 ], [ -41.733654172521149, -22.205017161010456 ], [ -41.673030758406156, -22.134673465704477 ], [ -41.671867861842514, -22.131830789178238 ], [ -41.668823585352996, -22.113793524388615 ], [ -41.667512355793704, -22.104267639536651 ], [ -41.681963981850217, -22.048981180689914 ], [ -41.66880963535106, -22.044437112619121 ], [ -41.64086157564946, -22.0455205120827 ], [ -41.624496594566089, -22.04286012644264 ], [ -41.616908350430911, -22.040859490448266 ], [ -41.587997409663416, -22.017485777768567 ], [ -41.560571958123752, -22.014195740781016 ], [ -41.556080348124972, -22.016493496415361 ], [ -41.55133618143666, -22.018315893955336 ], [ -41.535261315523556, -22.011155255610902 ], [ -41.485559179287421, -22.005173126089442 ], [ -41.263324287686501, -22.058332563785399 ], [ -41.235366321611949, -22.090209867601455 ], [ -41.181568935677895, -22.11065973406032 ], [ -41.179474882025843, -22.112076541418109 ], [ -41.178652347173838, -22.113386724192008 ], [ -41.17926622603261, -22.114540425087107 ], [ -41.260150152443885, -22.152214405472339 ], [ -41.2646, -22.1537 ], [ -41.318, -22.1678 ], [ -41.3544, -22.1764 ], [ -41.3866, -22.1855 ], [ -41.4513, -22.2024 ], [ -41.4938, -22.2154 ], [ -41.5188, -22.2244 ], [ -41.5424, -22.2346 ], [ -41.6095, -22.2618 ], [ -41.6582, -22.2831 ], [ -41.6891, -22.3 ], [ -41.706515433574957, -22.312302622648129 ], [ -41.69551384203141, -22.303545448484588 ], [ -41.698119195922274, -22.279516392200577 ], [ -41.705632977058833, -22.247385310437604 ], [ -41.733161219215155, -22.209827969997558 ], [ -41.744473272432515, -22.209694950614274 ], [ -41.745119697699259, -22.209725654009713 ], [ -41.745810950993906, -22.213284961084277 ], [ -41.746554144595486, -22.262932181134289 ], [ -41.747917773420397, -22.258282614473131 ], [ -41.79410554967837, -22.23165069335932 ], [ -41.81824127389104, -22.221183573086616 ], [ -41.841032588887785, -22.234418536692743 ], [ -41.849249728193854, -22.252237627233747 ], [ -41.83085130706467, -22.300996757888267 ], [ -41.822684660023313, -22.31915679699387 ], [ -41.764155281546458, -22.353122955851635 ], [ -41.762235889596717, -22.351873196685879 ], [ -41.7735, -22.3641 ], [ -41.7761, -22.3743 ], [ -41.7665, -22.3782 ], [ -41.774400001111609, -22.391099999124645 ], [ -41.785077766551112, -22.398098178067908 ], [ -41.779757025666612, -22.393375454388146 ], [ -41.779531693351196, -22.3927691584074 ], [ -41.779490693357154, -22.392468877652654 ], [ -41.779605481599702, -22.391813601390677 ], [ -41.810144401786566, -22.391191745690193 ], [ -41.844870573616944, -22.333461225855771 ], [ -41.89398598218002, -22.387655277338308 ], [ -41.933718284647703, -22.384125150909234 ], [ -41.969800609479613, -22.356710434699302 ], [ -41.997152666225112, -22.313114692808707 ], [ -41.999012241729986, -22.309460950313721 ] ], [ [ -41.490993477533173, -22.118253936550239 ], [ -41.491051840643138, -22.118211412510647 ], [ -41.491125380486302, -22.11821979649762 ], [ -41.491171018592055, -22.118274177304738 ], [ -41.491162020676512, -22.118342699339674 ], [ -41.4911036575336, -22.118385223415466 ], [ -41.491030117608595, -22.118376839407748 ], [ -41.490984479535783, -22.118322458564428 ], [ -41.490993477533173, -22.118253936550239 ] ], [ [ -41.659451083746653, -22.189271720717997 ], [ -41.659517237371375, -22.189240554122868 ], [ -41.659587679083046, -22.189262079653648 ], [ -41.659621137820857, -22.189323599741417 ], [ -41.659598093359371, -22.189389222625703 ], [ -41.659531972542617, -22.189420449656012 ], [ -41.659461435946262, -22.189398930808373 ], [ -41.65942797005853, -22.189337322388752 ], [ -41.659451083746653, -22.189271720717997 ] ], [ [ -41.805831551854446, -22.373483418512564 ], [ -41.805904036982596, -22.373498357963172 ], [ -41.805943933560371, -22.373556591193697 ], [ -41.805927870535399, -22.373624006190077 ], [ -41.805865351237976, -22.373661096556543 ], [ -41.805792850259053, -22.373646223275522 ], [ -41.805752892351336, -22.373588026430472 ], [ -41.805768938812903, -22.373520524319876 ], [ -41.805831551854446, -22.373483418512564 ] ], [ [ -41.875017098589908, -22.351625099133049 ], [ -41.875090806070737, -22.351633326350267 ], [ -41.875136671159225, -22.351687625016709 ], [ -41.875127873250129, -22.351756110495931 ], [ -41.875069453373108, -22.35179885130071 ], [ -41.874995745808839, -22.351790624064041 ], [ -41.874949906499332, -22.351736410598523 ], [ -41.874958678841359, -22.351667839902628 ], [ -41.875017098589908, -22.351625099133049 ] ], [ [ -41.885511367692651, -22.304140131435069 ], [ -41.885585359319485, -22.304134816864632 ], [ -41.885641717850554, -22.304179743730298 ], [ -41.885647429203161, -22.304248594289056 ], [ -41.885599147758725, -22.304301037081821 ], [ -41.885525156044977, -22.304306351558274 ], [ -41.885468797509091, -22.304261424741259 ], [ -41.885463086247398, -22.304192574096071 ], [ -41.885511367692651, -22.304140131435069 ] ], [ [ -41.933854496934174, -22.349487933034631 ], [ -41.933928719420763, -22.349489373181957 ], [ -41.933980107979025, -22.34953921220778 ], [ -41.9339785979829, -22.349608173934094 ], [ -41.933924981718285, -22.349656057295679 ], [ -41.933850759048688, -22.349654617044674 ], [ -41.933799370599822, -22.349604778070777 ], [ -41.933800918842955, -22.34953573522299 ], [ -41.933854496934174, -22.349487933034631 ] ] ], [ [ [ -41.745297694486467, -22.340836608914138 ], [ -41.744030574023881, -22.339993648489962 ], [ -41.742826299829751, -22.338290728684775 ], [ -41.742502035193198, -22.338991059091921 ], [ -41.733837816989421, -22.33369362834145 ], [ -41.730358435233526, -22.331274682241897 ], [ -41.723439772235274, -22.325770275225295 ], [ -41.7392, -22.3391 ], [ -41.76003738538472, -22.350440881533466 ], [ -41.745297694486467, -22.340836608914138 ] ] ], [ [ [ -41.684250600056181, -22.049770948381401 ], [ -41.684250684035106, -22.049770991592624 ], [ -41.684250513551135, -22.049770913871839 ], [ -41.684250600056181, -22.049770948381401 ] ] ], [ [ [ -41.86741674359898, -22.390010269455157 ], [ -41.867416802470956, -22.390010266625698 ], [ -41.86741681229239, -22.39001026573316 ], [ -41.86741674359898, -22.390010269455157 ] ] ], [ [ [ -41.953706696238484, -22.382345414529613 ], [ -41.953706632181714, -22.38234532135742 ], [ -41.953706201986321, -22.382345459364942 ], [ -41.953706696238484, -22.382345414529613 ] ] ] ] } },
{ "type": "Feature", "properties": { "area_id": "ENEL_RJ:MAL", "potencia_nominal_mva": 0.0, "n_trafos": 0, "origem": "semente", "profundidade": 1, "recorte_ignorado": false, "geometria_vazia": false, "area_km2": 0.0, "lat_sub": -21.76344, "lon_sub": -41.252765, "classificacao": "Transporte/manobra", "area_mae": null, "distribuidora": "ENEL RJ", "cod_sub": "MAL", "nome": "Martins Laje", "lat_rep": -21.76344, "lon_rep": -41.252765, "capacidade_mmgd_bdgd_kw": 0.0, "capacidade_homologada_localizada_kw": 0.0, "capacidade_lag_kw": 0.0, "pot_sem_homologacao_kw": 0.0, "n_unidades": 0.0, "n_sem_homologacao": 0.0, "capacidade_mmgd_kw": 0.0, "fonte": null, "fator_correcao": null, "capacidade_mmgd_corrigida_kw": 0.0 }, "geometry": { "type": "Polygon", "coordinates": [ [ [ -41.25266919403677, -21.763446505708892 ], [ -41.252702448566616, -21.763508140707074 ], [ -41.252772619288443, -21.763529757822251 ], [ -41.252838601101736, -21.763498694018036 ], [ -41.252861742711893, -21.763433146066848 ], [ -41.252828488120628, -21.763371511093105 ], [ -41.252758317459836, -21.763349894011203 ], [ -41.252692335707984, -21.763380957790975 ], [ -41.25266919403677, -21.763446505708892 ] ] ] } },
{ "type": "Feature", "properties": { "area_id": "ENEL_RJ:MAM", "potencia_nominal_mva": 114.1, "n_trafos": 2037, "origem": "fecho_trafos", "profundidade": 0, "recorte_ignorado": false, "geometria_vazia": false, "area_km2": 999.258, "lat_sub": -23.0284, "lon_sub": -44.542339, "classificacao": "Distribuição plena", "area_mae": null, "distribuidora": "ENEL RJ", "cod_sub": "MAM", "nome": "Mambucaba", "lat_rep": -23.123256, "lon_rep": -44.75435, "capacidade_mmgd_bdgd_kw": 2582.0, "capacidade_homologada_localizada_kw": 5977.0, "capacidade_lag_kw": 716.217, "pot_sem_homologacao_kw": 0.0, "n_unidades": 761.119, "n_sem_homologacao": 0.0, "capacidade_mmgd_kw": 6693.217, "fonte": "Solar FV", "fator_correcao": null, "capacidade_mmgd_corrigida_kw": 6693.217 }, "geometry": { "type": "MultiPolygon", "coordinates": [ [ [ [ -44.889299986996406, -23.226599981203577 ], [ -44.8801, -23.2133 ], [ -44.882599998722732, -23.202700000401624 ], [ -44.8749, -23.1967 ], [ -44.874699998868678, -23.184700000804636 ], [ -44.8605, -23.181 ], [ -44.84289999954489, -23.166700001065138 ], [ -44.8326, -23.1664 ], [ -44.8244, -23.1627 ], [ -44.8213, -23.1535 ], [ -44.825499998532656, -23.143700000590325 ], [ -44.8161, -23.1403 ], [ -44.818999998615453, -23.131100000103409 ], [ -44.8106, -23.1148 ], [ -44.816299998570294, -23.107600000116072 ], [ -44.8093, -23.1014 ], [ -44.8123, -23.092 ], [ -44.818799998527822, -23.091499999122384 ], [ -44.8073, -23.0617 ], [ -44.811899998538351, -23.054500000324673 ], [ -44.8022, -23.0488 ], [ -44.80209999869308, -23.032500000471575 ], [ -44.7966, -23.0269 ], [ -44.79859999888545, -23.020300000103109 ], [ -44.7928, -23.0098 ], [ -44.798899999043272, -23.006899999185887 ], [ -44.802499998504899, -22.998800000454487 ], [ -44.7929, -22.9934 ], [ -44.791899998841885, -22.981900000891745 ], [ -44.776700000114573, -22.978100001193923 ], [ -44.7648, -22.9833 ], [ -44.7492, -22.9695 ], [ -44.75089999859189, -22.962000000145132 ], [ -44.743499999128659, -22.947000000876972 ], [ -44.7279, -22.9418 ], [ -44.71359999988821, -22.930000001378453 ], [ -44.7035, -22.9361 ], [ -44.69639999969602, -22.93210000110367 ], [ -44.6872, -22.9325 ], [ -44.679, -22.9264 ], [ -44.675199999566722, -22.91950000152141 ], [ -44.6626, -22.9272 ], [ -44.6387, -22.9142 ], [ -44.634799999222963, -22.905900000889144 ], [ -44.6295, -22.9049 ], [ -44.62, -22.8987 ], [ -44.607099999818693, -22.885300001282864 ], [ -44.5989, -22.8903 ], [ -44.592799999457071, -22.884400001000838 ], [ -44.5816, -22.8831 ], [ -44.575700000082648, -22.878000001542656 ], [ -44.5702, -22.8838 ], [ -44.562400000377039, -22.883600001201874 ], [ -44.5552, -22.8881 ], [ -44.554139148056251, -22.887246448030428 ], [ -44.511864808512001, -23.00230419359864 ], [ -44.523616133108902, -23.015610502533551 ], [ -44.525200694625291, -23.022250020375665 ], [ -44.521336331086097, -23.02555148362352 ], [ -44.519940007702239, -23.026130678548263 ], [ -44.503257964751057, -23.02570323405585 ], [ -44.502779218979605, -23.027004518662082 ], [ -44.521099990165254, -23.027299999841951 ], [ -44.5305, -23.0271 ], [ -44.5552, -23.0363 ], [ -44.5782, -23.0542 ], [ -44.5931, -23.0593 ], [ -44.5896, -23.0504 ], [ -44.5929, -23.0465 ], [ -44.6068, -23.0487 ], [ -44.6163, -23.0443 ], [ -44.6377, -23.0487 ], [ -44.6453, -23.0468 ], [ -44.6511, -23.0565 ], [ -44.6564, -23.0523 ], [ -44.6686, -23.0542 ], [ -44.6845, -23.0717 ], [ -44.6856, -23.0805 ], [ -44.6943, -23.0963 ], [ -44.6942, -23.1065 ], [ -44.6989, -23.1212 ], [ -44.6885, -23.1251 ], [ -44.6947, -23.1313 ], [ -44.6983, -23.1422 ], [ -44.6956, -23.1483 ], [ -44.7075, -23.1635 ], [ -44.6983, -23.1745 ], [ -44.7105, -23.177 ], [ -44.7065, -23.1853 ], [ -44.7212, -23.2018 ], [ -44.7091, -23.2193 ], [ -44.7153, -23.2309 ], [ -44.7103, -23.235 ], [ -44.6948, -23.2326 ], [ -44.6895, -23.2215 ], [ -44.6835, -23.224 ], [ -44.673, -23.2161 ], [ -44.6666, -23.2053 ], [ -44.6571, -23.2051 ], [ -44.6544, -23.1907 ], [ -44.6458, -23.1943 ], [ -44.6266, -23.1963 ], [ -44.6236, -23.2074 ], [ -44.6268, -23.2146 ], [ -44.6247, -23.2216 ], [ -44.6335, -23.2222 ], [ -44.6404, -23.2144 ], [ -44.6467, -23.2173 ], [ -44.6571, -23.2147 ], [ -44.6595, -23.2309 ], [ -44.6667, -23.2351 ], [ -44.673, -23.2306 ], [ -44.6782, -23.2427 ], [ -44.6639, -23.2479 ], [ -44.6589, -23.2396 ], [ -44.6515, -23.235 ], [ -44.6383, -23.234 ], [ -44.6321, -23.2403 ], [ -44.6162, -23.2331 ], [ -44.6191, -23.2417 ], [ -44.6345, -23.2587 ], [ -44.636, -23.2674 ], [ -44.6421, -23.2775 ], [ -44.6574, -23.2928 ], [ -44.6498, -23.2952 ], [ -44.647, -23.3017 ], [ -44.6385, -23.3019 ], [ -44.6463, -23.2901 ], [ -44.6382, -23.2901 ], [ -44.6304, -23.2819 ], [ -44.6267, -23.2706 ], [ -44.614, -23.2522 ], [ -44.6068, -23.2511 ], [ -44.5964, -23.2431 ], [ -44.5992, -23.2365 ], [ -44.5874, -23.2322 ], [ -44.56740000223342, -23.235600000644798 ], [ -44.5771, -23.2446 ], [ -44.576100001271833, -23.253699999498899 ], [ -44.5815, -23.2576 ], [ -44.5845, -23.2662 ], [ -44.5801, -23.2708 ], [ -44.567200000263888, -23.270800001426743 ], [ -44.5589, -23.2735 ], [ -44.552599999850528, -23.270600001024736 ], [ -44.5438, -23.2722 ], [ -44.539199999691981, -23.266400001352192 ], [ -44.527200000784127, -23.272800000699387 ], [ -44.516100001870939, -23.292099998776035 ], [ -44.5297, -23.2902 ], [ -44.5358, -23.2921 ], [ -44.542200000865179, -23.302199999215567 ], [ -44.5516, -23.3075 ], [ -44.5662, -23.3227 ], [ -44.561800012402571, -23.329800018721386 ], [ -44.572600022985036, -23.346100025419076 ], [ -44.583000000877519, -23.357599999074118 ], [ -44.590900000145211, -23.362199998743804 ], [ -44.608699998764905, -23.356199999367838 ], [ -44.6068, -23.3479 ], [ -44.6163, -23.3464 ], [ -44.6395, -23.3311 ], [ -44.6488, -23.336 ], [ -44.6552, -23.3429 ], [ -44.6713, -23.3456 ], [ -44.6741, -23.3366 ], [ -44.6839, -23.3426 ], [ -44.6985, -23.3439 ], [ -44.7012, -23.3402 ], [ -44.7154, -23.3449 ], [ -44.7269, -23.3535 ], [ -44.7315, -23.3631 ], [ -44.724200004359545, -23.367599998361392 ], [ -44.735799975252071, -23.365600004267865 ], [ -44.7415, -23.3589 ], [ -44.757199999086183, -23.348999999371195 ], [ -44.7599, -23.3412 ], [ -44.777699999125431, -23.337699999119472 ], [ -44.781599998653455, -23.325899999954501 ], [ -44.7788, -23.3145 ], [ -44.786799998879623, -23.310099999376899 ], [ -44.7874, -23.2991 ], [ -44.805399998958258, -23.289999999176008 ], [ -44.8079, -23.2836 ], [ -44.82469999877722, -23.291599998317839 ], [ -44.8237, -23.2811 ], [ -44.828, -23.2706 ], [ -44.839699998869669, -23.263699999228081 ], [ -44.8421, -23.2557 ], [ -44.8563, -23.2485 ], [ -44.869499999634137, -23.249799998974002 ], [ -44.885999998919495, -23.235799999354292 ], [ -44.889299986996406, -23.226599981203577 ] ], [ [ -44.595871094853891, -23.04066304907116 ], [ -44.595918673047052, -23.040609749455083 ], [ -44.595993039133205, -23.040603196681509 ], [ -44.596050630531664, -23.040647229271567 ], [ -44.596057710993698, -23.04071605356048 ], [ -44.596010132816524, -23.040769353217911 ], [ -44.595935766639734, -23.040775905998107 ], [ -44.595878175225295, -23.040731873366695 ], [ -44.595871094853891, -23.04066304907116 ] ], [ [ -44.697155120072118, -23.071785426135918 ], [ -44.6972080904699, -23.071736665070553 ], [ -44.697282810487692, -23.071736842157939 ], [ -44.697335510217627, -23.071785853663538 ], [ -44.697335318871573, -23.071854989341759 ], [ -44.697282348472257, -23.071903750449039 ], [ -44.697207628362285, -23.071903573360451 ], [ -44.697154928633879, -23.071854561812941 ], [ -44.697155120072118, -23.071785426135918 ] ], [ [ -44.715153664702342, -23.310634108710904 ], [ -44.71521600488007, -23.310595841367764 ], [ -44.715289383677643, -23.310609495302554 ], [ -44.715330816851363, -23.310667072237685 ], [ -44.715316033383701, -23.310734844412817 ], [ -44.715253693168876, -23.310773111794703 ], [ -44.715180314285554, -23.310759457842643 ], [ -44.715138881148938, -23.310701880868773 ], [ -44.715153664702342, -23.310634108710904 ] ], [ [ -44.726564559949061, -23.191340821624642 ], [ -44.726622483123229, -23.191297089612245 ], [ -44.726696892116784, -23.191304029029411 ], [ -44.726744199214551, -23.191357574866313 ], [ -44.726736692546496, -23.191426360726922 ], [ -44.726678769352858, -23.19147009278046 ], [ -44.726604360268546, -23.191463153354011 ], [ -44.726557053190255, -23.191409607475972 ], [ -44.726564559949061, -23.191340821624642 ] ] ], [ [ [ -44.5938, -23.2019 ], [ -44.5872, -23.2093 ], [ -44.6017, -23.2218 ], [ -44.6186, -23.2247 ], [ -44.6143, -23.2176 ], [ -44.6054, -23.2153 ], [ -44.5999, -23.2056 ], [ -44.5938, -23.2019 ] ] ], [ [ [ -44.6954, -23.1609 ], [ -44.6891, -23.155 ], [ -44.6822, -23.1577 ], [ -44.6919, -23.1697 ], [ -44.6954, -23.1609 ] ] ] ] } },
{ "type": "Feature", "properties": { "area_id": "ENEL_RJ:MAR", "potencia_nominal_mva": 105.7, "n_trafos": 2175, "origem": "fecho_trafos", "profundidade": 0, "recorte_ignorado": false, "geometria_vazia": false, "area_km2": 245.564, "lat_sub": -22.897543, "lon_sub": -42.826298, "classificacao": "Distribuição plena", "area_mae": null, "distribuidora": "ENEL RJ", "cod_sub": "MAR", "nome": "Marica", "lat_rep": -22.906345, "lon_rep": -42.769338, "capacidade_mmgd_bdgd_kw": 6087.8, "capacidade_homologada_localizada_kw": 27184.89, "capacidade_lag_kw": 5609.229, "pot_sem_homologacao_kw": 0.0, "n_unidades": 5302.981, "n_sem_homologacao": 0.0, "capacidade_mmgd_kw": 32794.119, "fonte": "Solar FV", "fator_correcao": null, "capacidade_mmgd_corrigida_kw": 32794.119 }, "geometry": { "type": "Polygon", "coordinates": [ [ [ -42.886447275674392, -22.880980425852393 ], [ -42.865475099470181, -22.889710026371677 ], [ -42.858270141829983, -22.888091026580181 ], [ -42.851212385618261, -22.885400313023382 ], [ -42.841940362095428, -22.878457126199155 ], [ -42.821946146117192, -22.863870587595926 ], [ -42.765749139657139, -22.843414399841578 ], [ -42.747920744210973, -22.845297508296778 ], [ -42.747643542731609, -22.844994735327543 ], [ -42.747228812368107, -22.841377590795855 ], [ -42.739633845874671, -22.846172184103164 ], [ -42.731723539859345, -22.847006663821539 ], [ -42.673637009132321, -22.859514765261718 ], [ -42.66288604486865, -22.894581131297485 ], [ -42.654300128415052, -22.899992271234087 ], [ -42.658327447763959, -22.909443147885039 ], [ -42.654691222387946, -22.921295416706226 ], [ -42.654837365444152, -22.922962400201126 ], [ -42.670462548828397, -22.941579973567233 ], [ -42.667871456731035, -22.94153557799844 ], [ -42.664386104284468, -22.941446955748663 ], [ -42.6694, -22.9423 ], [ -42.6818, -22.9472 ], [ -42.683900000889082, -22.959199998905593 ], [ -42.7116, -22.9561 ], [ -42.7275, -22.9562 ], [ -42.7763, -22.9599 ], [ -42.8328, -22.9626 ], [ -42.873520775895152, -22.966302886049846 ], [ -42.876625094201849, -22.945825685058796 ], [ -42.883623431923837, -22.943323642683609 ], [ -42.880953252913045, -22.931163503606914 ], [ -42.882868110985278, -22.922509184302655 ], [ -42.8833458697518, -22.920613113689509 ], [ -42.883823739676473, -22.91961677348586 ], [ -42.881467359150669, -22.913867525653107 ], [ -42.886447275674392, -22.880980425852393 ] ] ] } },
{ "type": "Feature", "properties": { "area_id": "ENEL_RJ:MBR", "potencia_nominal_mva": 0.0, "n_trafos": 0, "origem": "semente", "profundidade": 1, "recorte_ignorado": false, "geometria_vazia": false, "area_km2": 0.0, "lat_sub": -23.009728, "lon_sub": -44.038446, "classificacao": "Transporte/manobra", "area_mae": "ENEL_RJ:MUR", "distribuidora": "ENEL RJ", "cod_sub": "MBR", "nome": "CIA VALE DO RIO DOCE", "lat_rep": -23.009728, "lon_rep": -44.038446, "capacidade_mmgd_bdgd_kw": 0.0, "capacidade_homologada_localizada_kw": 0.0, "capacidade_lag_kw": 0.0, "pot_sem_homologacao_kw": 0.0, "n_unidades": 0.0, "n_sem_homologacao": 0.0, "capacidade_mmgd_kw": 0.0, "fonte": null, "fator_correcao": null, "capacidade_mmgd_corrigida_kw": 0.0 }, "geometry": { "type": "Polygon", "coordinates": [ [ [ -44.038348396263729, -23.009736180604211 ], [ -44.038383182990387, -23.009797352245652 ], [ -44.038454507943186, -23.009817836955897 ], [ -44.038520589879703, -23.009785635050996 ], [ -44.038542718859226, -23.009719609993159 ], [ -44.038507932077792, -23.00965843838442 ], [ -44.038436607198825, -23.009637953700405 ], [ -44.038370525317085, -23.0096701555726 ], [ -44.038348396263729, -23.009736180604211 ] ] ] } },
{ "type": "Feature", "properties": { "area_id": "ENEL_RJ:MBU", "potencia_nominal_mva": 178.0, "n_trafos": 2968, "origem": "fecho_trafos", "profundidade": 0, "recorte_ignorado": false, "geometria_vazia": false, "area_km2": 1279.991, "lat_sub": -22.226844, "lon_sub": -42.100368, "classificacao": "Distribuição plena", "area_mae": null, "distribuidora": "ENEL RJ", "cod_sub": "MBU", "nome": "Macabu", "lat_rep": -22.108534, "lon_rep": -42.100052, "capacidade_mmgd_bdgd_kw": 535.05, "capacidade_homologada_localizada_kw": 3904.11, "capacidade_lag_kw": 533.102, "pot_sem_homologacao_kw": 0.0, "n_unidades": 499.283, "n_sem_homologacao": 0.0, "capacidade_mmgd_kw": 4437.212, "fonte": "Solar FV", "fator_correcao": null, "capacidade_mmgd_corrigida_kw": 4437.212 }, "geometry": { "type": "MultiPolygon", "coordinates": [ [ [ [ -42.165521086900114, -22.399453879115395 ], [ -42.021162505915768, -22.321405111743204 ], [ -42.021122762045735, -22.32142675429964 ], [ -42.165521086900114, -22.399453879115395 ] ] ], [ [ [ -41.997141556478681, -21.830962901363165 ], [ -41.993480522679718, -21.829364107789853 ], [ -41.976923943871739, -21.827612613648625 ], [ -41.931015830205915, -21.830801396604567 ], [ -41.893172160577755, -21.947093662320366 ], [ -41.894336854690813, -21.947933602058573 ], [ -41.974236811766083, -22.042667194923531 ], [ -41.988169553702079, -22.07893598139373 ], [ -41.959553922265272, -22.133549672941072 ], [ -41.942449195648713, -22.158507934711793 ], [ -41.939210785532268, -22.161140748253164 ], [ -41.931288295967015, -22.165913572128328 ], [ -41.959183942327222, -22.287895841550082 ], [ -41.959183963026859, -22.287895854149927 ], [ -42.021162505915768, -22.321405111743204 ], [ -42.031513165988976, -22.31576865146398 ], [ -42.169973499410126, -22.371144673224475 ], [ -42.184961139867518, -22.394242241285824 ], [ -42.17154141469863, -22.402702526118414 ], [ -42.201869838388966, -22.419062702530461 ], [ -42.208268634129823, -22.422061394883045 ], [ -42.265559464205815, -22.399416272963954 ], [ -42.270851781487131, -22.358823009606933 ], [ -42.27247701616222, -22.313062532874408 ], [ -42.258718077981221, -22.315113106865713 ], [ -42.206427604704373, -22.264710700010149 ], [ -42.230465093705988, -22.145363509168437 ], [ -42.277876369187005, -22.160467955129825 ], [ -42.278117882181789, -22.153621368935614 ], [ -42.067608596343185, -21.979267882488681 ], [ -42.00098272314743, -21.832944337996231 ], [ -41.997141556478681, -21.830962901363165 ] ], [ [ -41.95698681041587, -21.912276411133121 ], [ -41.957006850625106, -21.912342893435735 ], [ -41.956970642671784, -21.912403126612467 ], [ -41.956899396658486, -21.912421826857702 ], [ -41.956834847589477, -21.91238803981274 ], [ -41.956814807459452, -21.91232155749789 ], [ -41.956851015448727, -21.912261324360191 ], [ -41.956922261382807, -21.912242624127192 ], [ -41.95698681041587, -21.912276411133121 ] ], [ [ -42.061902038163993, -22.065896844386081 ], [ -42.061879131483238, -22.065962527997499 ], [ -42.061813106171648, -22.065993875373657 ], [ -42.061742639003455, -22.065972523627838 ], [ -42.061709008735569, -22.065910980345262 ], [ -42.061731915480749, -22.065845296765083 ], [ -42.061797940732831, -22.065813949415652 ], [ -42.061868407836592, -22.065835301130235 ], [ -42.061902038163993, -22.065896844386081 ] ], [ [ -42.100634513514855, -22.226809588927061 ], [ -42.10058633452558, -22.226862107898729 ], [ -42.100521559223964, -22.226869846181206 ], [ -42.100464215006376, -22.226834933043136 ], [ -42.10044765934321, -22.226762361088873 ], [ -42.100498330344834, -22.226701295627251 ], [ -42.100572285119583, -22.226695877498585 ], [ -42.100628694034427, -22.226740734039968 ], [ -42.100634513514855, -22.226809588927061 ] ], [ [ -42.106212917615323, -22.181577441817748 ], [ -42.106176685477216, -22.181637705770321 ], [ -42.106105311051721, -22.181656457794404 ], [ -42.106040604565798, -22.181622713199381 ], [ -42.10602047022774, -22.181556239139113 ], [ -42.106056702403059, -22.181495975225744 ], [ -42.106128076748519, -22.181477223214664 ], [ -42.106192783197223, -22.181510967770475 ], [ -42.106212917615323, -22.181577441817748 ] ] ], [ [ [ -41.886208941800795, -21.968465051611879 ], [ -41.886208985765933, -21.968465294373907 ], [ -41.888527475054524, -21.961349959845304 ], [ -41.886208941800795, -21.968465051611879 ] ] ] ] } },
{ "type": "Feature", "properties": { "area_id": "ENEL_RJ:MGE", "potencia_nominal_mva": 166.0, "n_trafos": 0, "origem": "semente", "profundidade": 1, "recorte_ignorado": false, "geometria_vazia": false, "area_km2": 0.0, "lat_sub": -22.599941, "lon_sub": -43.028573, "classificacao": "Transformadora pura", "area_mae": null, "distribuidora": "ENEL RJ", "cod_sub": "MGE", "nome": "Mage", "lat_rep": -22.599941, "lon_rep": -43.028573, "capacidade_mmgd_bdgd_kw": 0.0, "capacidade_homologada_localizada_kw": 0.0, "capacidade_lag_kw": 0.0, "pot_sem_homologacao_kw": 0.0, "n_unidades": 0.0, "n_sem_homologacao": 0.0, "capacidade_mmgd_kw": 0.0, "fonte": null, "fator_correcao": null, "capacidade_mmgd_corrigida_kw": 0.0 }, "geometry": { "type": "Polygon", "coordinates": [ [ [ -43.028476104989494, -22.599948368891766 ], [ -43.028510334583586, -22.600009733223878 ], [ -43.028581270424937, -22.600030650618653 ], [ -43.028647359210488, -22.599998867929525 ], [ -43.028669886985583, -22.599933003045738 ], [ -43.02863565733405, -22.599871638743437 ], [ -43.02856472156207, -22.599850721377543 ], [ -43.028498632833951, -22.599882504036866 ], [ -43.028476104989494, -22.599948368891766 ] ] ] } },
{ "type": "Feature", "properties": { "area_id": "ENEL_RJ:MICHELIN", "potencia_nominal_mva": 0.0, "n_trafos": 0, "origem": "semente", "profundidade": 1, "recorte_ignorado": false, "geometria_vazia": false, "area_km2": 0.0, "lat_sub": -22.480372, "lon_sub": -44.544338, "classificacao": "Transporte/manobra", "area_mae": null, "distribuidora": "ENEL RJ", "cod_sub": "MICHELIN", "nome": "SOC MICHELIN", "lat_rep": -22.480372, "lon_rep": -44.544338, "capacidade_mmgd_bdgd_kw": 0.0, "capacidade_homologada_localizada_kw": 0.0, "capacidade_lag_kw": 0.0, "pot_sem_homologacao_kw": 0.0, "n_unidades": 0.0, "n_sem_homologacao": 0.0, "capacidade_mmgd_kw": 0.0, "fonte": null, "fator_correcao": null, "capacidade_mmgd_corrigida_kw": 0.0 }, "geometry": { "type": "Polygon", "coordinates": [ [ [ -44.544240749132022, -22.480380860274238 ], [ -44.54427563685492, -22.480441927912988 ], [ -44.544346771393748, -22.480462183337558 ], [ -44.544412483048617, -22.480429761178009 ], [ -44.54443427878725, -22.480363653918861 ], [ -44.54439939101308, -22.480302586313027 ], [ -44.544328256547232, -22.480282330912488 ], [ -44.544262544943642, -22.480314753039135 ], [ -44.544240749132022, -22.480380860274238 ] ] ] } },
{ "type": "Feature", "properties": { "area_id": "ENEL_RJ:MIR", "potencia_nominal_mva": 0.0, "n_trafos": 0, "origem": "semente", "profundidade": 1, "recorte_ignorado": false, "geometria_vazia": false, "area_km2": 0.0, "lat_sub": -21.418114, "lon_sub": -42.19812, "classificacao": "Transporte/manobra", "area_mae": null, "distribuidora": "ENEL RJ", "cod_sub": "MIR", "nome": "Miracema", "lat_rep": -21.418114, "lon_rep": -42.19812, "capacidade_mmgd_bdgd_kw": 0.0, "capacidade_homologada_localizada_kw": 0.0, "capacidade_lag_kw": 0.0, "pot_sem_homologacao_kw": 0.0, "n_unidades": 0.0, "n_sem_homologacao": 0.0, "capacidade_mmgd_kw": 0.0, "fonte": null, "fator_correcao": null, "capacidade_mmgd_corrigida_kw": 0.0 }, "geometry": { "type": "Polygon", "coordinates": [ [ [ -42.198023749806531, -21.418120942369484 ], [ -42.198057374144085, -21.418182429553603 ], [ -42.1981275822992, -21.418203644228608 ], [ -42.198193247242514, -21.418172159104394 ], [ -42.198215903300692, -21.418106417758047 ], [ -42.19818227890616, -21.418044930599969 ], [ -42.198112070813409, -21.418023715955002 ], [ -42.198046405927087, -21.418055201053175 ], [ -42.198023749806531, -21.418120942369484 ] ] ] } },
{ "type": "Feature", "properties": { "area_id": "ENEL_RJ:MOB", "potencia_nominal_mva": 50.0, "n_trafos": 1534, "origem": "fecho_trafos", "profundidade": 0, "recorte_ignorado": false, "geometria_vazia": false, "area_km2": 350.337, "lat_sub": -21.728595, "lon_sub": -41.362028, "classificacao": "Distribuição plena", "area_mae": null, "distribuidora": "ENEL RJ", "cod_sub": "MOB", "nome": "Mombaca", "lat_rep": -21.662895, "lon_rep": -41.521809, "capacidade_mmgd_bdgd_kw": 4508.4, "capacidade_homologada_localizada_kw": 22028.03, "capacidade_lag_kw": 3161.123, "pot_sem_homologacao_kw": 0.0, "n_unidades": 3436.037, "n_sem_homologacao": 0.0, "capacidade_mmgd_kw": 25189.153, "fonte": "Solar FV", "fator_correcao": null, "capacidade_mmgd_corrigida_kw": 25189.153 }, "geometry": { "type": "Polygon", "coordinates": [ [ [ -41.670942329300352, -21.757322689926397 ], [ -41.660365510212124, -21.721421468224889 ], [ -41.590092995411247, -21.652656896200021 ], [ -41.562670740194704, -21.589912227295539 ], [ -41.54088136684323, -21.574274605336665 ], [ -41.514163177672017, -21.59126128344603 ], [ -41.513275498671796, -21.592983716418363 ], [ -41.417671458236093, -21.683645923608232 ], [ -41.404519147202272, -21.692348076826068 ], [ -41.37463145398447, -21.679826630159589 ], [ -41.352429995842272, -21.693895647519813 ], [ -41.347497146126102, -21.67080175105724 ], [ -41.332380805539259, -21.70659625920085 ], [ -41.324527684016097, -21.711569616713003 ], [ -41.320635961157322, -21.72764059490596 ], [ -41.319233809490775, -21.729777405937913 ], [ -41.333888693320461, -21.740059382434374 ], [ -41.359794496751476, -21.76536798942945 ], [ -41.388537609914451, -21.766166051157633 ], [ -41.554120078916817, -21.702961560699773 ], [ -41.60523042023032, -21.737570832424922 ], [ -41.603789017025235, -21.771983674163153 ], [ -41.613730237468339, -21.772245582918789 ], [ -41.616768544097681, -21.768639689379317 ], [ -41.626602824271714, -21.77258383243645 ], [ -41.658665857971563, -21.773421984165267 ], [ -41.670942329300352, -21.757322689926397 ] ], [ [ -41.337561095667198, -21.71882386771815 ], [ -41.337609325155441, -21.718771584133926 ], [ -41.337682993488905, -21.718766480750965 ], [ -41.337738946817929, -21.718811547065947 ], [ -41.337744408441317, -21.718880383871578 ], [ -41.337696178953038, -21.718932667496478 ], [ -41.33762251053323, -21.718937770873449 ], [ -41.337566557204241, -21.718892704517788 ], [ -41.337561095667198, -21.71882386771815 ] ], [ [ -41.346340151746794, -21.723712135583614 ], [ -41.346393633004404, -21.72366451806008 ], [ -41.346467485162265, -21.723666182871717 ], [ -41.346518446687803, -21.723716154804212 ], [ -41.346516664998603, -21.723785161004649 ], [ -41.346463183724147, -21.723832778566919 ], [ -41.346389331481589, -21.723831113741493 ], [ -41.346338369972891, -21.723781141770264 ], [ -41.346340151746794, -21.723712135583614 ] ] ] } },
{ "type": "Feature", "properties": { "area_id": "ENEL_RJ:MPA", "potencia_nominal_mva": 100.0, "n_trafos": 1033, "origem": "fecho_trafos", "profundidade": 1, "recorte_ignorado": false, "geometria_vazia": false, "area_km2": 25.91, "lat_sub": -22.880127, "lon_sub": -43.026511, "classificacao": "Distribuição plena", "area_mae": null, "distribuidora": "ENEL RJ", "cod_sub": "MPA", "nome": "Maria Paula", "lat_rep": -22.889075, "lon_rep": -43.012256, "capacidade_mmgd_bdgd_kw": 3384.7, "capacidade_homologada_localizada_kw": 11558.63, "capacidade_lag_kw": 1840.908, "pot_sem_homologacao_kw": 0.0, "n_unidades": 1839.876, "n_sem_homologacao": 0.0, "capacidade_mmgd_kw": 13399.538, "fonte": "Solar FV", "fator_correcao": null, "capacidade_mmgd_corrigida_kw": 13399.538 }, "geometry": { "type": "Polygon", "coordinates": [ [ [ -43.060181852770853, -22.880222641169325 ], [ -43.052787050368309, -22.874883356583766 ], [ -43.024900935726812, -22.858034613591229 ], [ -43.001699923169724, -22.884341651314003 ], [ -42.971882995137776, -22.886236632528547 ], [ -42.979128271414737, -22.890986328345782 ], [ -42.980825144968748, -22.89126051558959 ], [ -42.981326025424202, -22.892426957794243 ], [ -43.000736293692576, -22.90514784878491 ], [ -43.007208333876804, -22.911125639078442 ], [ -43.009860865198888, -22.911126236663826 ], [ -43.017063180737559, -22.915844443085639 ], [ -43.031788250161235, -22.911370088854518 ], [ -43.031342284353933, -22.911156087763302 ], [ -43.055929086764273, -22.881054809536941 ], [ -43.060181852770853, -22.880222641169325 ] ] ] } },
{ "type": "Feature", "properties": { "area_id": "ENEL_RJ:MUR", "potencia_nominal_mva": 161.3, "n_trafos": 1280, "origem": "fecho_trafos", "profundidade": 0, "recorte_ignorado": false, "geometria_vazia": false, "area_km2": 360.291, "lat_sub": -22.935823, "lon_sub": -44.006145, "classificacao": "Distribuição plena", "area_mae": null, "distribuidora": "ENEL RJ", "cod_sub": "MUR", "nome": "Muriqui", "lat_rep": -22.890463, "lon_rep": -44.007178, "capacidade_mmgd_bdgd_kw": 1390.8, "capacidade_homologada_localizada_kw": 5014.38, "capacidade_lag_kw": 995.301, "pot_sem_homologacao_kw": 0.0, "n_unidades": 755.756, "n_sem_homologacao": 0.0, "capacidade_mmgd_kw": 6009.681, "fonte": "Solar FV", "fator_correcao": null, "capacidade_mmgd_corrigida_kw": 6009.681 }, "geometry": { "type": "MultiPolygon", "coordinates": [ [ [ [ -44.150911750491836, -22.954840983382365 ], [ -44.149126424335591, -22.94755443277483 ], [ -44.128534429097741, -22.93520182472523 ], [ -44.132064960444303, -22.921686574428012 ], [ -44.09058757440733, -22.857696755940783 ], [ -44.083571594150243, -22.858596529679975 ], [ -44.061006345304996, -22.857354151047552 ], [ -44.051940795994817, -22.855772980724904 ], [ -44.007532923482216, -22.828043652449033 ], [ -44.020309204138158, -22.803672291502256 ], [ -43.989043868068286, -22.78669029026269 ], [ -43.964837485069559, -22.798869146464199 ], [ -43.948743340170616, -22.817652638935222 ], [ -43.953171667167013, -22.821192072327779 ], [ -43.960667716787384, -22.838746102569051 ], [ -43.960941402210118, -22.839876745717234 ], [ -43.959112673011909, -22.840114308707435 ], [ -43.948171427695314, -22.835501780654063 ], [ -43.930420737846191, -22.851143062681679 ], [ -43.918262660891024, -22.867751630110959 ], [ -43.919417442992604, -22.876787032727588 ], [ -43.910912554457504, -22.877789747537463 ], [ -43.893360333757492, -22.901753336868005 ], [ -43.884727373566577, -22.921283268425221 ], [ -43.8941, -22.9226 ], [ -43.9105, -22.931 ], [ -43.9319, -22.9289 ], [ -43.94, -22.9304 ], [ -43.9496, -22.9269 ], [ -43.9658, -22.9345 ], [ -43.9764, -22.9314 ], [ -43.9901, -22.9369 ], [ -43.9909, -22.9403 ], [ -44.0059, -22.9421 ], [ -44.0113, -22.949 ], [ -44.0228, -22.9563 ], [ -44.0305, -22.9643 ], [ -44.0325, -22.9804 ], [ -44.0478, -22.9843 ], [ -44.0551, -22.9793 ], [ -44.0418, -22.9619 ], [ -44.04, -22.9525 ], [ -44.0473, -22.942 ], [ -44.0541, -22.9425 ], [ -44.0617, -22.9489 ], [ -44.0743, -22.952 ], [ -44.0813, -22.9595 ], [ -44.0762, -22.9707 ], [ -44.0776, -22.9788 ], [ -44.0852, -22.9923 ], [ -44.097, -22.9969 ], [ -44.0957, -23.0043 ], [ -44.101149242748725, -23.008608833566726 ], [ -44.110402954158431, -23.004557589672157 ], [ -44.114490217263459, -22.988930180405362 ], [ -44.150911750491836, -22.954840983382365 ] ] ], [ [ [ -43.882748966027428, -22.925758016649677 ], [ -43.882119097976691, -22.929905164356651 ], [ -43.886171535195253, -22.943107682459111 ], [ -43.880413511957414, -22.945500852669781 ], [ -43.8822, -22.9487 ], [ -43.8926, -22.9564 ], [ -43.9019, -22.9591 ], [ -43.9109, -22.9414 ], [ -43.904, -22.9308 ], [ -43.8965, -22.9332 ], [ -43.88303152211931, -22.92511895402464 ], [ -43.882748966027428, -22.925758016649677 ] ] ], [ [ [ -43.933399803822965, -23.057200015016804 ], [ -43.919000000144038, -23.058300000894349 ], [ -43.8995, -23.0688 ], [ -43.8849, -23.0683 ], [ -43.8784, -23.0626 ], [ -43.8774, -23.0498 ], [ -43.881, -23.0421 ], [ -43.890099995726096, -23.033300002939239 ], [ -43.8547, -23.05 ], [ -43.8284, -23.0582 ], [ -43.8063, -23.0613 ], [ -43.7931, -23.0615 ], [ -43.78874941057758, -23.061311324492458 ], [ -43.789146329946291, -23.063601661564153 ], [ -43.793, -23.0639 ], [ -43.846099984583184, -23.071699997738087 ], [ -43.8821, -23.0747 ], [ -43.9543, -23.087 ], [ -43.9696, -23.0912 ], [ -43.988000000123435, -23.102399998707309 ], [ -44.007999999005143, -23.093999999221509 ], [ -44.010999998753618, -23.078400000482944 ], [ -44.002, -23.0738 ], [ -43.9808, -23.0563 ], [ -43.9733, -23.0453 ], [ -43.9535, -23.0413 ], [ -43.9475, -23.0504 ], [ -43.933399803822965, -23.057200015016804 ] ] ], [ [ [ -44.0525, -23.0033 ], [ -44.0304, -23.0001 ], [ -44.0299, -23.0077 ], [ -44.0381, -23.0117 ], [ -44.0525, -23.0033 ] ], [ [ -44.038355678786878, -23.009692743320013 ], [ -44.038408855167809, -23.009644207616688 ], [ -44.038483442966374, -23.009644660595651 ], [ -44.03853596294293, -23.009693920040302 ], [ -44.03853547364632, -23.00976296565052 ], [ -44.038482348731513, -23.009811549671014 ], [ -44.038407583845974, -23.009811095613475 ], [ -44.038355188237887, -23.009761952679597 ], [ -44.038355678786878, -23.009692743320013 ] ] ], [ [ [ -43.9169, -22.9911 ], [ -43.931, -23.0074 ], [ -43.9376, -23.0075 ], [ -43.9374, -22.9987 ], [ -43.928, -22.9891 ], [ -43.9169, -22.9911 ] ] ] ] } },
{ "type": "Feature", "properties": { "area_id": "ENEL_RJ:NAT", "potencia_nominal_mva": 15.0, "n_trafos": 3486, "origem": "fecho_trafos", "profundidade": 0, "recorte_ignorado": false, "geometria_vazia": false, "area_km2": 1024.82, "lat_sub": -21.042912, "lon_sub": -41.97939, "classificacao": "Distribuição plena", "area_mae": null, "distribuidora": "ENEL RJ", "cod_sub": "NAT", "nome": "Natividade", "lat_rep": -20.943556, "lon_rep": -41.920681, "capacidade_mmgd_bdgd_kw": 1893.7, "capacidade_homologada_localizada_kw": 12182.92, "capacidade_lag_kw": 1841.038, "pot_sem_homologacao_kw": 0.0, "n_unidades": 1746.657, "n_sem_homologacao": 0.0, "capacidade_mmgd_kw": 14023.958, "fonte": "Solar FV", "fator_correcao": null, "capacidade_mmgd_corrigida_kw": 14023.958 }, "geometry": { "type": "Polygon", "coordinates": [ [ [ -42.151260465265885, -21.128585891648537 ], [ -42.151321876544351, -21.125712932035814 ], [ -42.149924298918606, -21.103922484070033 ], [ -42.1397, -21.1029 ], [ -42.1314, -21.0871 ], [ -42.1312, -21.0793 ], [ -42.1185, -21.0748 ], [ -42.1205, -21.0692 ], [ -42.1046, -21.0547 ], [ -42.1037, -21.0459 ], [ -42.0949, -21.0372 ], [ -42.0804, -21.0359 ], [ -42.0801, -21.0302 ], [ -42.0848, -21.023 ], [ -42.1027, -21.014 ], [ -42.114, -21.0122 ], [ -42.1201, -21.0001 ], [ -42.127, -21.0008 ], [ -42.141, -20.993 ], [ -42.150199998781851, -20.980699999575776 ], [ -42.150899998744819, -20.97400000037479 ], [ -42.137999999301783, -20.960000000943051 ], [ -42.1269, -20.9561 ], [ -42.1219, -20.9602 ], [ -42.1148, -20.9584 ], [ -42.1149, -20.9516 ], [ -42.1013, -20.9435 ], [ -42.0938, -20.9356 ], [ -42.0863, -20.9397 ], [ -42.073, -20.9365 ], [ -42.0677, -20.9392 ], [ -42.0478, -20.9347 ], [ -42.0385, -20.9275 ], [ -42.0172, -20.9291 ], [ -42.0003, -20.9272 ], [ -41.9786, -20.9349 ], [ -41.9735, -20.917 ], [ -41.9667, -20.917 ], [ -41.9637, -20.9065 ], [ -41.965, -20.8974 ], [ -41.9598, -20.8898 ], [ -41.9602, -20.883 ], [ -41.9496, -20.8721 ], [ -41.9545, -20.8656 ], [ -41.9505, -20.8588 ], [ -41.937, -20.8561 ], [ -41.9297, -20.8436 ], [ -41.9267, -20.8388 ], [ -41.9325, -20.8257 ], [ -41.929699999032934, -20.808100000313804 ], [ -41.9262, -20.8023 ], [ -41.928199998632742, -20.794000000917503 ], [ -41.91550000017476, -20.792700000969401 ], [ -41.905, -20.7974 ], [ -41.8962, -20.7884 ], [ -41.8847, -20.7834 ], [ -41.874699999262283, -20.765900000936067 ], [ -41.860399999941748, -20.76320000112521 ], [ -41.852000023577823, -20.763999997755082 ], [ -41.8446, -20.7773 ], [ -41.8355, -20.7803 ], [ -41.8255, -20.7885 ], [ -41.8288, -20.7943 ], [ -41.817, -20.8013 ], [ -41.7992, -20.8053 ], [ -41.794, -20.7981 ], [ -41.775200000151237, -20.799900000762523 ], [ -41.755100000902821, -20.806800000774917 ], [ -41.7531, -20.8139 ], [ -41.746100000319984, -20.812600001168665 ], [ -41.739900001287147, -20.817500000353327 ], [ -41.7426, -20.8256 ], [ -41.7363, -20.8359 ], [ -41.7416, -20.8415 ], [ -41.7439, -20.8546 ], [ -41.739, -20.8664 ], [ -41.7415, -20.8726 ], [ -41.725, -20.8657 ], [ -41.712400001646785, -20.868100000726468 ], [ -41.7263, -20.8924 ], [ -41.718400001260804, -20.900800000331472 ], [ -41.722100001038335, -20.920099999296806 ], [ -41.7373, -20.9279 ], [ -41.7338, -20.9433 ], [ -41.7259, -20.9506 ], [ -41.717300001232807, -20.953200000795469 ], [ -41.717655963129651, -20.95920044557818 ], [ -41.725097627271126, -20.951870117687431 ], [ -41.742710439488256, -20.949032253589856 ], [ -41.855751730962602, -21.08256409829303 ], [ -41.920974141771602, -21.114180581728895 ], [ -42.140274214403512, -21.129503206141766 ], [ -42.15081269331629, -21.129894278478165 ], [ -42.151260465265885, -21.128585891648537 ] ] ] } },
{ "type": "Feature", "properties": { "area_id": "ENEL_RJ:NFR", "potencia_nominal_mva": 167.0, "n_trafos": 0, "origem": "semente", "profundidade": 0, "recorte_ignorado": false, "geometria_vazia": false, "area_km2": 208.549, "lat_sub": -22.285504, "lon_sub": -42.51381, "classificacao": "Transformadora pura", "area_mae": "ENEL_RJ:CQT", "distribuidora": "ENEL RJ", "cod_sub": "NFR", "nome": "Nova Friburgo", "lat_rep": -22.326966, "lon_rep": -42.499542, "capacidade_mmgd_bdgd_kw": 0.0, "capacidade_homologada_localizada_kw": 0.0, "capacidade_lag_kw": 0.0, "pot_sem_homologacao_kw": 0.0, "n_unidades": 0.0, "n_sem_homologacao": 0.0, "capacidade_mmgd_kw": 0.0, "fonte": null, "fator_correcao": null, "capacidade_mmgd_corrigida_kw": 0.0 }, "geometry": { "type": "Polygon", "coordinates": [ [ [ -42.582747415128892, -22.383733587907585 ], [ -42.501399411530493, -22.24109994996066 ], [ -42.447165334131292, -22.270648635505651 ], [ -42.45113594421511, -22.467229772826045 ], [ -42.452724106450674, -22.467695775966593 ], [ -42.582747415128892, -22.383733587907585 ] ] ] } },
{ "type": "Feature", "properties": { "area_id": "ENEL_RJ:NISSAN", "potencia_nominal_mva": 0.0, "n_trafos": 0, "origem": "semente", "profundidade": 1, "recorte_ignorado": false, "geometria_vazia": false, "area_km2": 0.0, "lat_sub": -22.443959, "lon_sub": -44.376384, "classificacao": "Transporte/manobra", "area_mae": null, "distribuidora": "ENEL RJ", "cod_sub": "NISSAN", "nome": "NISSAN DO BRASIL AUTOMOVEIS LTDA", "lat_rep": -22.443959, "lon_rep": -44.376384, "capacidade_mmgd_bdgd_kw": 0.0, "capacidade_homologada_localizada_kw": 0.0, "capacidade_lag_kw": 0.0, "pot_sem_homologacao_kw": 0.0, "n_unidades": 0.0, "n_sem_homologacao": 0.0, "capacidade_mmgd_kw": 0.0, "fonte": null, "fator_correcao": null, "capacidade_mmgd_corrigida_kw": 0.0 }, "geometry": { "type": "Polygon", "coordinates": [ [ [ -44.376287200441524, -22.443967709582683 ], [ -44.376322004983898, -22.444028812144484 ], [ -44.376393094923536, -22.44404914084528 ], [ -44.376458826686573, -22.444016787390531 ], [ -44.376480695461261, -22.443950704018128 ], [ -44.376445890867068, -22.443889601488809 ], [ -44.37637480099982, -22.443869272812545 ], [ -44.376309069288602, -22.443901626234812 ], [ -44.376287200441524, -22.443967709582683 ] ] ] } },
{ "type": "Feature", "properties": { "area_id": "ENEL_RJ:NITRIFLEX", "potencia_nominal_mva": 0.0, "n_trafos": 0, "origem": "semente", "profundidade": 1, "recorte_ignorado": false, "geometria_vazia": false, "area_km2": 0.0, "lat_sub": -22.716074, "lon_sub": -43.242225, "classificacao": "Transporte/manobra", "area_mae": null, "distribuidora": "ENEL RJ", "cod_sub": "NITRIFLEX", "nome": "NITRIFLEX SA", "lat_rep": -22.716074, "lon_rep": -43.242225, "capacidade_mmgd_bdgd_kw": 0.0, "capacidade_homologada_localizada_kw": 0.0, "capacidade_lag_kw": 0.0, "pot_sem_homologacao_kw": 0.0, "n_unidades": 0.0, "n_sem_homologacao": 0.0, "capacidade_mmgd_kw": 0.0, "fonte": null, "fator_correcao": null, "capacidade_mmgd_corrigida_kw": 0.0 }, "geometry": { "type": "Polygon", "coordinates": [ [ [ -43.242128349480666, -22.716082079678184 ], [ -43.242162702526151, -22.716143405724058 ], [ -43.242233736488878, -22.716164234286868 ], [ -43.242299840586853, -22.716132364256985 ], [ -43.242322291895952, -22.716066464687156 ], [ -43.242287938793496, -22.716005138671747 ], [ -43.242216904901206, -22.715984310137298 ], [ -43.242150800860195, -22.716016180136716 ], [ -43.242128349480666, -22.716082079678184 ] ] ] } },
{ "type": "Feature", "properties": { "area_id": "ENEL_RJ:NOV", "potencia_nominal_mva": 0.0, "n_trafos": 0, "origem": "semente", "profundidade": 1, "recorte_ignorado": false, "geometria_vazia": false, "area_km2": 0.0, "lat_sub": -21.870271, "lon_sub": -41.019862, "classificacao": "Transporte/manobra", "area_mae": null, "distribuidora": "ENEL RJ", "cod_sub": "NOV", "nome": "NOV FLEXIBLES EQUIPAMENTOS E", "lat_rep": -21.870271, "lon_rep": -41.019862, "capacidade_mmgd_bdgd_kw": 0.0, "capacidade_homologada_localizada_kw": 0.0, "capacidade_lag_kw": 0.0, "pot_sem_homologacao_kw": 0.0, "n_unidades": 0.0, "n_sem_homologacao": 0.0, "capacidade_mmgd_kw": 0.0, "fonte": null, "fator_correcao": null, "capacidade_mmgd_corrigida_kw": 0.0 }, "geometry": { "type": "Polygon", "coordinates": [ [ [ -41.019765219712802, -21.870277437970056 ], [ -41.019798383228775, -21.870339108346755 ], [ -41.019868551635312, -21.87036082712811 ], [ -41.019934621188355, -21.870329871722486 ], [ -41.019957889195723, -21.870264375403625 ], [ -41.019924725617166, -21.870202705051007 ], [ -41.019854557271408, -21.870180986303737 ], [ -41.019788487780957, -21.870211941685284 ], [ -41.019765219712802, -21.870277437970056 ] ] ] } },
{ "type": "Feature", "properties": { "area_id": "ENEL_RJ:NPA", "potencia_nominal_mva": 65.0, "n_trafos": 341, "origem": "fecho_trafos", "profundidade": 1, "recorte_ignorado": false, "geometria_vazia": false, "area_km2": 23.819, "lat_sub": -22.619209, "lon_sub": -43.20968, "classificacao": "Distribuição plena", "area_mae": null, "distribuidora": "ENEL RJ", "cod_sub": "NPA", "nome": "Nova Parada Angelica", "lat_rep": -22.603739, "lon_rep": -43.215735, "capacidade_mmgd_bdgd_kw": 243.5, "capacidade_homologada_localizada_kw": 1013.3, "capacidade_lag_kw": 134.374, "pot_sem_homologacao_kw": 0.0, "n_unidades": 183.86, "n_sem_homologacao": 0.0, "capacidade_mmgd_kw": 1147.674, "fonte": "Solar FV", "fator_correcao": null, "capacidade_mmgd_corrigida_kw": 1147.674 }, "geometry": { "type": "Polygon", "coordinates": [ [ [ -43.260808503725045, -22.631408158163534 ], [ -43.238323519300238, -22.612927342776857 ], [ -43.238323499470845, -22.612927328136955 ], [ -43.221828260142097, -22.611547884000981 ], [ -43.219432103524859, -22.603496173881243 ], [ -43.220493637733767, -22.598709438816361 ], [ -43.238199305343819, -22.599289234460318 ], [ -43.246775858703913, -22.604365698259013 ], [ -43.230966944711696, -22.569614694855776 ], [ -43.200427643815623, -22.565604958197593 ], [ -43.188266940723359, -22.569988089997597 ], [ -43.191168086899353, -22.574021989881018 ], [ -43.217179555881302, -22.611158123485513 ], [ -43.211763261108167, -22.610706021967815 ], [ -43.209915099616403, -22.610687221137717 ], [ -43.209297704076036, -22.611154647581866 ], [ -43.205171066634627, -22.617311722983292 ], [ -43.230623034078143, -22.630342176352666 ], [ -43.238471280621248, -22.641540713661868 ], [ -43.260808500153345, -22.631408182577857 ], [ -43.260808519650411, -22.631408172603592 ], [ -43.260808503725045, -22.631408158163534 ] ], [ [ -43.260807707912448, -22.631408247957502 ], [ -43.248946764739472, -22.636787762505239 ], [ -43.252840075369669, -22.624859750340228 ], [ -43.260807707912448, -22.631408247957502 ] ] ] } },
{ "type": "Feature", "properties": { "area_id": "ENEL_RJ:NSA", "potencia_nominal_mva": 25.0, "n_trafos": 1014, "origem": "fecho_trafos", "profundidade": 1, "recorte_ignorado": false, "geometria_vazia": false, "area_km2": 108.415, "lat_sub": -22.324541, "lon_sub": -41.753217, "classificacao": "Distribuição plena", "area_mae": null, "distribuidora": "ENEL RJ", "cod_sub": "NSA", "nome": "Ajuda", "lat_rep": -22.28078, "lon_rep": -41.792474, "capacidade_mmgd_bdgd_kw": 1389.71, "capacidade_homologada_localizada_kw": 5923.02, "capacidade_lag_kw": 1343.809, "pot_sem_homologacao_kw": 0.0, "n_unidades": 806.849, "n_sem_homologacao": 0.0, "capacidade_mmgd_kw": 7266.829, "fonte": "Solar FV", "fator_correcao": null, "capacidade_mmgd_corrigida_kw": 7266.829 }, "geometry": { "type": "MultiPolygon", "coordinates": [ [ [ [ -41.772874383283913, -22.358803342226807 ], [ -41.772874384619385, -22.358803340452905 ], [ -41.772874364541742, -22.358803328697011 ], [ -41.772874383283913, -22.358803342226807 ] ] ], [ [ [ -41.772874364541742, -22.358803328697011 ], [ -41.772874364541728, -22.358803328697 ], [ -41.772874364541721, -22.358803328697 ], [ -41.772874364541742, -22.358803328697011 ] ] ], [ [ [ -41.841032603329488, -22.234418496415646 ], [ -41.818240912107598, -22.221183358958427 ], [ -41.794105574205567, -22.231650679172962 ], [ -41.74791744993199, -22.258282802036412 ], [ -41.747917443049062, -22.258282821811601 ], [ -41.729835259715792, -22.319917370360695 ], [ -41.729835254837916, -22.319917390705672 ], [ -41.744030562807652, -22.339993658611583 ], [ -41.74529768680673, -22.340836603876916 ], [ -41.760037385992263, -22.35044088186406 ], [ -41.7618, -22.3514 ], [ -41.762235889435225, -22.351873196510574 ], [ -41.764155938458025, -22.353124054003786 ], [ -41.822684695543884, -22.319156825078245 ], [ -41.83085130234528, -22.300996770335431 ], [ -41.849249808628379, -22.252237457927155 ], [ -41.841032603329488, -22.234418496415646 ] ], [ [ -41.747060057182892, -22.296804234812058 ], [ -41.731190554515003, -22.315300180618973 ], [ -41.746553532688672, -22.262937723899139 ], [ -41.747060057182892, -22.296804234812058 ] ] ] ] } },
{ "type": "Feature", "properties": { "area_id": "ENEL_RJ:NUCLEAR_BR", "potencia_nominal_mva": 0.0, "n_trafos": 0, "origem": "semente", "profundidade": 1, "recorte_ignorado": false, "geometria_vazia": false, "area_km2": 0.0, "lat_sub": -21.411513, "lon_sub": -41.012816, "classificacao": "Transporte/manobra", "area_mae": null, "distribuidora": "ENEL RJ", "cod_sub": "NUCLEAR_BR", "nome": "INDUSTRIAS NUCLEARES DO BRASIL SA BUENA", "lat_rep": -21.411513, "lon_rep": -41.012816, "capacidade_mmgd_bdgd_kw": 0.0, "capacidade_homologada_localizada_kw": 0.0, "capacidade_lag_kw": 0.0, "pot_sem_homologacao_kw": 0.0, "n_unidades": 0.0, "n_sem_homologacao": 0.0, "capacidade_mmgd_kw": 0.0, "fonte": null, "fator_correcao": null, "capacidade_mmgd_corrigida_kw": 0.0 }, "geometry": { "type": "Polygon", "coordinates": [ [ [ -41.012720197262055, -21.41151946194233 ], [ -41.012753286619905, -21.411581119801358 ], [ -41.012823243245293, -21.411602808381929 ], [ -41.012889087453914, -21.411571822783984 ], [ -41.01291224855828, -21.411506313966981 ], [ -41.012879159139224, -21.411444656131287 ], [ -41.012809202572861, -21.411422967584286 ], [ -41.012743358425453, -21.411453953158897 ], [ -41.012720197262055, -21.41151946194233 ] ] ] } },
{ "type": "Feature", "properties": { "area_id": "ENEL_RJ:NVS", "potencia_nominal_mva": 130.0, "n_trafos": 958, "origem": "fecho_trafos", "profundidade": 0, "recorte_ignorado": false, "geometria_vazia": false, "area_km2": 8.36, "lat_sub": -22.851224, "lon_sub": -43.098387, "classificacao": "Distribuição plena", "area_mae": null, "distribuidora": "ENEL RJ", "cod_sub": "NVS", "nome": "Neves", "lat_rep": -22.845019, "lon_rep": -43.092823, "capacidade_mmgd_bdgd_kw": 2221.88, "capacidade_homologada_localizada_kw": 5070.18, "capacidade_lag_kw": 860.827, "pot_sem_homologacao_kw": 0.0, "n_unidades": 693.262, "n_sem_homologacao": 0.0, "capacidade_mmgd_kw": 5931.007, "fonte": "Solar FV", "fator_correcao": null, "capacidade_mmgd_corrigida_kw": 5931.007 }, "geometry": { "type": "MultiPolygon", "coordinates": [ [ [ [ -43.113983559958825, -22.877891039876264 ], [ -43.113983537451318, -22.877891047144317 ], [ -43.120567967940069, -22.876095137809667 ], [ -43.113983559958825, -22.877891039876264 ] ] ], [ [ [ -43.124110600594101, -22.875128746971924 ], [ -43.120567967940069, -22.876095137809667 ], [ -43.124110600594108, -22.875128746971924 ], [ -43.124110600594101, -22.875128746971924 ] ] ], [ [ [ -43.096899994927028, -22.827900021645913 ], [ -43.0828, -22.8206 ], [ -43.080465689875943, -22.818266048795412 ], [ -43.080139613014516, -22.818995977061874 ], [ -43.083313357557692, -22.821601223397309 ], [ -43.077725673824759, -22.827039307099678 ], [ -43.077725666079935, -22.827039314814886 ], [ -43.075177354448002, -22.829637978195812 ], [ -43.075556606854718, -22.829252620421471 ], [ -43.074266567841462, -22.832141287342242 ], [ -43.075433929183475, -22.833942955800097 ], [ -43.077062976303829, -22.833875465574415 ], [ -43.07822382633956, -22.833930204623019 ], [ -43.079669021588678, -22.834044259126205 ], [ -43.082060452449255, -22.835071573809255 ], [ -43.092591887045472, -22.859892655578552 ], [ -43.089169503232647, -22.85479248594395 ], [ -43.098183182686782, -22.868228641159288 ], [ -43.103703021047401, -22.873524387028741 ], [ -43.113729526237101, -22.868207824437732 ], [ -43.114904701749417, -22.868168379774353 ], [ -43.122622312060976, -22.872675884479012 ], [ -43.124110600594108, -22.875128746971924 ], [ -43.126517730880231, -22.874472054596534 ], [ -43.1153, -22.8645 ], [ -43.109, -22.8646 ], [ -43.1034, -22.8559 ], [ -43.0954, -22.8343 ], [ -43.096899994927028, -22.827900021645913 ] ], [ [ -43.096159753469422, -22.828982079820864 ], [ -43.096207760511362, -22.828929207923792 ], [ -43.096282039227624, -22.828923287946555 ], [ -43.096339078217696, -22.828967787730761 ], [ -43.096345464821233, -22.829036639935996 ], [ -43.096297457788268, -22.829089511874983 ], [ -43.096223178981248, -22.829095431853219 ], [ -43.096166139982209, -22.829050932027112 ], [ -43.096159753469422, -22.828982079820864 ] ] ] ] } },
{ "type": "Feature", "properties": { "area_id": "ENEL_RJ:OSX", "potencia_nominal_mva": 0.0, "n_trafos": 0, "origem": "semente", "profundidade": 1, "recorte_ignorado": false, "geometria_vazia": false, "area_km2": 0.0, "lat_sub": -21.87153, "lon_sub": -40.995795, "classificacao": "Transporte/manobra", "area_mae": null, "distribuidora": "ENEL RJ", "cod_sub": "OSX", "nome": "OSX", "lat_rep": -21.87153, "lon_rep": -40.995795, "capacidade_mmgd_bdgd_kw": 0.0, "capacidade_homologada_localizada_kw": 0.0, "capacidade_lag_kw": 0.0, "pot_sem_homologacao_kw": 0.0, "n_unidades": 0.0, "n_sem_homologacao": 0.0, "capacidade_mmgd_kw": 0.0, "fonte": null, "fator_correcao": null, "capacidade_mmgd_corrigida_kw": 0.0 }, "geometry": { "type": "Polygon", "coordinates": [ [ [ -40.995699013393967, -21.871536168094686 ], [ -40.995732165884185, -21.8715978418067 ], [ -40.995802329437787, -21.871619570418961 ], [ -40.99586840315353, -21.87158862558098 ], [ -40.99589168190073, -21.871523134376069 ], [ -40.995858529347828, -21.871461460688078 ], [ -40.995788365854949, -21.871439732109977 ], [ -40.995722292201883, -21.871470676923941 ], [ -40.995699013393967, -21.871536168094686 ] ] ] } },
{ "type": "Feature", "properties": { "area_id": "ENEL_RJ:OUT", "potencia_nominal_mva": 5.0, "n_trafos": 271, "origem": "fecho_trafos", "profundidade": 0, "recorte_ignorado": false, "geometria_vazia": false, "area_km2": 212.937, "lat_sub": -21.638589, "lon_sub": -41.4052, "classificacao": "Distribuição plena", "area_mae": null, "distribuidora": "ENEL RJ", "cod_sub": "OUT", "nome": "Outeiro", "lat_rep": -21.608052, "lon_rep": -41.423637, "capacidade_mmgd_bdgd_kw": 49.5, "capacidade_homologada_localizada_kw": 290.9, "capacidade_lag_kw": 41.678, "pot_sem_homologacao_kw": 0.0, "n_unidades": 34.959, "n_sem_homologacao": 0.0, "capacidade_mmgd_kw": 332.578, "fonte": "Solar FV", "fator_correcao": null, "capacidade_mmgd_corrigida_kw": 332.578 }, "geometry": { "type": "MultiPolygon", "coordinates": [ [ [ [ -41.353523504138302, -21.699016953388337 ], [ -41.355452265667665, -21.70804586339743 ], [ -41.355452265667665, -21.708045863397423 ], [ -41.353523504138302, -21.699016953388337 ] ] ], [ [ [ -41.404516765241823, -21.692347608379187 ], [ -41.380769375347199, -21.708056222505792 ], [ -41.404517605795348, -21.692347960541674 ], [ -41.404516765241823, -21.692347608379187 ] ] ], [ [ [ -41.529997254528993, -21.547307141851054 ], [ -41.512386133805045, -21.54920083130888 ], [ -41.511869888659923, -21.546869333621125 ], [ -41.40396738614006, -21.544790508859485 ], [ -41.43722076989021, -21.505646802106455 ], [ -41.389863991533645, -21.561380714424537 ], [ -41.389681966728688, -21.561393051213564 ], [ -41.389738028674095, -21.56152887539087 ], [ -41.337321523550237, -21.62314388395043 ], [ -41.352429825483917, -21.693896909029448 ], [ -41.374631564118978, -21.679826755800516 ], [ -41.404516765241823, -21.692347608379187 ], [ -41.417671413335022, -21.683645966144642 ], [ -41.513275592426787, -21.592983627418484 ], [ -41.51416339089549, -21.591261146437489 ], [ -41.54088131398246, -21.574274814736945 ], [ -41.562670732460575, -21.589912206304934 ], [ -41.544136752350049, -21.547477344228632 ], [ -41.530458176871683, -21.547220360264799 ], [ -41.529997254528993, -21.547307141851054 ] ] ] ] } },
{ "type": "Feature", "properties": { "area_id": "ENEL_RJ:PAL", "potencia_nominal_mva": 108.3, "n_trafos": 961, "origem": "fecho_trafos", "profundidade": 0, "recorte_ignorado": false, "geometria_vazia": false, "area_km2": 59.535, "lat_sub": -22.520239, "lon_sub": -43.168327, "classificacao": "Distribuição plena", "area_mae": null, "distribuidora": "ENEL RJ", "cod_sub": "PAL", "nome": "Palatinato", "lat_rep": -22.538932, "lon_rep": -43.143198, "capacidade_mmgd_bdgd_kw": 783.0, "capacidade_homologada_localizada_kw": 3103.94, "capacidade_lag_kw": 323.762, "pot_sem_homologacao_kw": 0.0, "n_unidades": 409.515, "n_sem_homologacao": 0.0, "capacidade_mmgd_kw": 3427.702, "fonte": "Solar FV", "fator_correcao": null, "capacidade_mmgd_corrigida_kw": 3427.702 }, "geometry": { "type": "Polygon", "coordinates": [ [ [ -43.200976129014045, -22.549142603906166 ], [ -43.198684642749228, -22.542775362860642 ], [ -43.19620847856649, -22.510336397204032 ], [ -43.193133078728543, -22.507285738160569 ], [ -43.188941853877459, -22.504727567220996 ], [ -43.185057801612153, -22.504898425096066 ], [ -43.184777953417637, -22.504121939865655 ], [ -43.184537131083282, -22.504921327469134 ], [ -43.183476429447346, -22.504967995866846 ], [ -43.168312069468186, -22.507295397373341 ], [ -43.164770458735994, -22.508770426768113 ], [ -43.164421734354164, -22.50910675346109 ], [ -43.161653185307784, -22.512642329190026 ], [ -43.149073148168966, -22.515803612296615 ], [ -43.126082510258847, -22.519293518923231 ], [ -43.125462853518037, -22.518164283866085 ], [ -43.086387362598707, -22.536052659034532 ], [ -43.089531524577666, -22.540517465079741 ], [ -43.14998600874528, -22.578483819729612 ], [ -43.180297946717936, -22.566037773256824 ], [ -43.182746808968567, -22.566073509148495 ], [ -43.186192296914967, -22.567103420578057 ], [ -43.188266939419535, -22.569988088251289 ], [ -43.200427642488435, -22.565604956308924 ], [ -43.19925877714396, -22.550295689102384 ], [ -43.200976129014045, -22.549142603906166 ] ] ] } },
{ "type": "Feature", "properties": { "area_id": "ENEL_RJ:PAP", "potencia_nominal_mva": 12.5, "n_trafos": 237, "origem": "fecho_trafos", "profundidade": 0, "recorte_ignorado": false, "geometria_vazia": false, "area_km2": 200.321, "lat_sub": -22.583649, "lon_sub": -42.718681, "classificacao": "Distribuição plena", "area_mae": null, "distribuidora": "ENEL RJ", "cod_sub": "PAP", "nome": "Papucaia", "lat_rep": -22.59805, "lon_rep": -42.686755, "capacidade_mmgd_bdgd_kw": 1023.2, "capacidade_homologada_localizada_kw": 4158.33, "capacidade_lag_kw": 838.047, "pot_sem_homologacao_kw": 0.0, "n_unidades": 585.301, "n_sem_homologacao": 0.0, "capacidade_mmgd_kw": 4996.377, "fonte": "Solar FV", "fator_correcao": null, "capacidade_mmgd_corrigida_kw": 4996.377 }, "geometry": { "type": "Polygon", "coordinates": [ [ [ -42.798172718364256, -22.616917986363475 ], [ -42.78412637503147, -22.607456017946451 ], [ -42.787153205007982, -22.531365833738231 ], [ -42.787324583895376, -22.530537131734587 ], [ -42.69462793367758, -22.555937513544649 ], [ -42.69234023176098, -22.554535736719071 ], [ -42.684757357799946, -22.55222558576931 ], [ -42.677738418072941, -22.560558579648021 ], [ -42.575880926977057, -22.588382011505725 ], [ -42.703991913534701, -22.668227750243748 ], [ -42.766940512408063, -22.667870414556589 ], [ -42.798172718364256, -22.616917986363475 ] ] ] } },
{ "type": "Feature", "properties": { "area_id": "ENEL_RJ:PAR", "potencia_nominal_mva": 66.6, "n_trafos": 2570, "origem": "fecho_trafos", "profundidade": 1, "recorte_ignorado": false, "geometria_vazia": false, "area_km2": 138.565, "lat_sub": -22.619839, "lon_sub": -43.209306, "classificacao": "Distribuição plena", "area_mae": null, "distribuidora": "ENEL RJ", "cod_sub": "PAR", "nome": "Parada Angelica", "lat_rep": -22.637991, "lon_rep": -43.178124, "capacidade_mmgd_bdgd_kw": 2930.96, "capacidade_homologada_localizada_kw": 11762.29, "capacidade_lag_kw": 1937.882, "pot_sem_homologacao_kw": 0.0, "n_unidades": 1628.228, "n_sem_homologacao": 0.0, "capacidade_mmgd_kw": 13700.172, "fonte": "Solar FV", "fator_correcao": null, "capacidade_mmgd_corrigida_kw": 13700.172 }, "geometry": { "type": "Polygon", "coordinates": [ [ [ -43.242260579643514, -22.646944138833991 ], [ -43.230623089355241, -22.630342186123592 ], [ -43.205172113023217, -22.617311166413902 ], [ -43.209297632623858, -22.611154754196885 ], [ -43.209914986953734, -22.61068732792025 ], [ -43.21176328025112, -22.610706023570394 ], [ -43.217180156154321, -22.611159416873829 ], [ -43.224345692717307, -22.621385000463647 ], [ -43.191168085269751, -22.57402198755376 ], [ -43.186192461558115, -22.567103466552922 ], [ -43.182746763459036, -22.566073492085593 ], [ -43.180298019698519, -22.566037737525278 ], [ -43.126601301344486, -22.588079961520354 ], [ -43.115618946648084, -22.667670955427642 ], [ -43.120486030341901, -22.67767398931645 ], [ -43.113950226108798, -22.679753973053909 ], [ -43.111828974438041, -22.695109720060564 ], [ -43.114979149425842, -22.696159735933538 ], [ -43.114356170977011, -22.694245687404131 ], [ -43.116267275289118, -22.692254365458734 ], [ -43.119846764042151, -22.689158882477695 ], [ -43.125476902912524, -22.687929535535837 ], [ -43.134958339478743, -22.707407919165203 ], [ -43.164873407728912, -22.706551669094917 ], [ -43.185675294659369, -22.6995950739839 ], [ -43.219369462475875, -22.673117677816542 ], [ -43.232271258274814, -22.671135345057976 ], [ -43.239889050690536, -22.66535812806621 ], [ -43.239969483528604, -22.66510371540873 ], [ -43.236539102475255, -22.656820930574504 ], [ -43.242260579643514, -22.646944138833991 ] ] ] } },
{ "type": "Feature", "properties": { "area_id": "ENEL_RJ:PATRIA", "potencia_nominal_mva": 0.0, "n_trafos": 0, "origem": "semente", "profundidade": 1, "recorte_ignorado": false, "geometria_vazia": false, "area_km2": 0.0, "lat_sub": -22.484711, "lon_sub": -44.536472, "classificacao": "Transporte/manobra", "area_mae": null, "distribuidora": "ENEL RJ", "cod_sub": "PATRIA", "nome": "PATRIA", "lat_rep": -22.484711, "lon_rep": -44.536472, "capacidade_mmgd_bdgd_kw": 0.0, "capacidade_homologada_localizada_kw": 0.0, "capacidade_lag_kw": 0.0, "pot_sem_homologacao_kw": 0.0, "n_unidades": 0.0, "n_sem_homologacao": 0.0, "capacidade_mmgd_kw": 0.0, "fonte": null, "fator_correcao": null, "capacidade_mmgd_corrigida_kw": 0.0 }, "geometry": { "type": "Polygon", "coordinates": [ [ [ -44.536374910200287, -22.484720044880277 ], [ -44.536409795490499, -22.484781114148824 ], [ -44.536480931022346, -22.484801373051166 ], [ -44.536546646514218, -22.484768954180083 ], [ -44.536568446686161, -22.484702848093761 ], [ -44.536533561344619, -22.484641778858116 ], [ -44.536462425885752, -22.484621519979839 ], [ -44.536396710445203, -22.484653938818024 ], [ -44.536374910200287, -22.484720044880277 ] ] ] } },
{ "type": "Feature", "properties": { "area_id": "ENEL_RJ:PCH_CAJU", "potencia_nominal_mva": 0.0, "n_trafos": 0, "origem": "semente", "profundidade": 2, "recorte_ignorado": false, "geometria_vazia": false, "area_km2": 0.0, "lat_sub": -22.042927, "lon_sub": -42.241055, "classificacao": "Transporte/manobra", "area_mae": "ENEL_RJ:VPA", "distribuidora": "ENEL RJ", "cod_sub": "PCH_CAJU", "nome": "ENERGISA GERACAO RIO GRANDE SA PCH CAJU", "lat_rep": -22.042927, "lon_rep": -42.241055, "capacidade_mmgd_bdgd_kw": 0.0, "capacidade_homologada_localizada_kw": 0.0, "capacidade_lag_kw": 0.0, "pot_sem_homologacao_kw": 0.0, "n_unidades": 0.0, "n_sem_homologacao": 0.0, "capacidade_mmgd_kw": 0.0, "fonte": null, "fator_correcao": null, "capacidade_mmgd_corrigida_kw": 0.0 }, "geometry": { "type": "Polygon", "coordinates": [ [ [ -42.240959392453185, -22.042943368008551 ], [ -42.240999452258905, -22.043001478997954 ], [ -42.241071854802087, -22.043016161658777 ], [ -42.241134187602043, -22.042978815070054 ], [ -42.241149936918063, -22.04291131637985 ], [ -42.241109877067451, -22.042853205423039 ], [ -42.241037474599395, -22.042838522786973 ], [ -42.240975141844338, -22.042875869343099 ], [ -42.240959392453185, -22.042943368008551 ] ] ] } },
{ "type": "Feature", "properties": { "area_id": "ENEL_RJ:PCH_PFU", "potencia_nominal_mva": 0.0, "n_trafos": 0, "origem": "semente", "profundidade": 1, "recorte_ignorado": false, "geometria_vazia": false, "area_km2": 0.0, "lat_sub": -22.16849, "lon_sub": -42.890671, "classificacao": "Transporte/manobra", "area_mae": null, "distribuidora": "ENEL RJ", "cod_sub": "PCH_PFU", "nome": "PCH Poeo Fundo", "lat_rep": -22.16849, "lon_rep": -42.890671, "capacidade_mmgd_bdgd_kw": 0.0, "capacidade_homologada_localizada_kw": 0.0, "capacidade_lag_kw": 0.0, "pot_sem_homologacao_kw": 0.0, "n_unidades": 0.0, "n_sem_homologacao": 0.0, "capacidade_mmgd_kw": 0.0, "fonte": null, "fator_correcao": null, "capacidade_mmgd_corrigida_kw": 0.0 }, "geometry": { "type": "Polygon", "coordinates": [ [ [ -42.890574673132107, -22.168497419191386 ], [ -42.890608750590246, -22.168558803326924 ], [ -42.890679447526537, -22.168579764317549 ], [ -42.890745350586776, -22.168548023478895 ], [ -42.890767854612214, -22.168482174184053 ], [ -42.890733777097417, -22.168420790077299 ], [ -42.890663080228364, -22.16839982911549 ], [ -42.890597177224784, -22.16843156992535 ], [ -42.890574673132107, -22.168497419191386 ] ] ] } },
{ "type": "Feature", "properties": { "area_id": "ENEL_RJ:PCH_PIRAPT", "potencia_nominal_mva": 0.0, "n_trafos": 0, "origem": "semente", "profundidade": 1, "recorte_ignorado": false, "geometria_vazia": false, "area_km2": 0.0, "lat_sub": -21.107584, "lon_sub": -41.728777, "classificacao": "Transporte/manobra", "area_mae": null, "distribuidora": "ENEL RJ", "cod_sub": "PCH_PIRAPT", "nome": "RIO PCH I PIRAPITINGA", "lat_rep": -21.107584, "lon_rep": -41.728777, "capacidade_mmgd_bdgd_kw": 0.0, "capacidade_homologada_localizada_kw": 0.0, "capacidade_lag_kw": 0.0, "pot_sem_homologacao_kw": 0.0, "n_unidades": 0.0, "n_sem_homologacao": 0.0, "capacidade_mmgd_kw": 0.0, "fonte": null, "fator_correcao": null, "capacidade_mmgd_corrigida_kw": 0.0 }, "geometry": { "type": "Polygon", "coordinates": [ [ [ -41.728680696345023, -21.107591376074783 ], [ -41.728714059700437, -21.107652926946599 ], [ -41.728784032343277, -21.10767431227546 ], [ -41.728849625205825, -21.107643004803808 ], [ -41.72887241483815, -21.107577344041164 ], [ -41.728839051424977, -21.107515793193837 ], [ -41.728769078842028, -21.107494407896066 ], [ -41.728703486037233, -21.107525715343236 ], [ -41.728680696345023, -21.107591376074783 ] ] ] } },
{ "type": "Feature", "properties": { "area_id": "ENEL_RJ:PCH_S.ANT", "potencia_nominal_mva": 0.0, "n_trafos": 0, "origem": "semente", "profundidade": 1, "recorte_ignorado": false, "geometria_vazia": false, "area_km2": 0.0, "lat_sub": -22.160612, "lon_sub": -42.427711, "classificacao": "Transporte/manobra", "area_mae": "ENEL_RJ:BJD", "distribuidora": "ENEL RJ", "cod_sub": "PCH_S.ANT", "nome": "ENERGISA GERACAO RIO GRANDE SA PCH STO ANTONI", "lat_rep": -22.160612, "lon_rep": -42.427711, "capacidade_mmgd_bdgd_kw": 0.0, "capacidade_homologada_localizada_kw": 0.0, "capacidade_lag_kw": 0.0, "pot_sem_homologacao_kw": 0.0, "n_unidades": 0.0, "n_sem_homologacao": 0.0, "capacidade_mmgd_kw": 0.0, "fonte": null, "fator_correcao": null, "capacidade_mmgd_corrigida_kw": 0.0 }, "geometry": { "type": "Polygon", "coordinates": [ [ [ -42.427614787853493, -22.160618953006519 ], [ -42.427648652766401, -22.160680416134674 ], [ -42.427719256735436, -22.160701571705051 ], [ -42.427785240866292, -22.160670027050138 ], [ -42.427807952508942, -22.160604260620509 ], [ -42.427774087537678, -22.160542797520105 ], [ -42.427703483634559, -22.16052164197993 ], [ -42.427637499562074, -22.160553186607093 ], [ -42.427614787853493, -22.160618953006519 ] ] ] } },
{ "type": "Feature", "properties": { "area_id": "ENEL_RJ:PCH_SBA", "potencia_nominal_mva": 0.0, "n_trafos": 0, "origem": "semente", "profundidade": 2, "recorte_ignorado": false, "geometria_vazia": false, "area_km2": 0.0, "lat_sub": -22.042685, "lon_sub": -42.241283, "classificacao": "Transporte/manobra", "area_mae": "ENEL_RJ:VPA", "distribuidora": "ENEL RJ", "cod_sub": "PCH_SBA", "nome": "ENERGISA GERACAO RIO GRANDE SA PCH SAO SEBAST", "lat_rep": -22.042685, "lon_rep": -42.241283, "capacidade_mmgd_bdgd_kw": 0.0, "capacidade_homologada_localizada_kw": 0.0, "capacidade_lag_kw": 0.0, "pot_sem_homologacao_kw": 0.0, "n_unidades": 0.0, "n_sem_homologacao": 0.0, "capacidade_mmgd_kw": 0.0, "fonte": null, "fator_correcao": null, "capacidade_mmgd_corrigida_kw": 0.0 }, "geometry": { "type": "Polygon", "coordinates": [ [ [ -42.241188157144599, -22.042700789302138 ], [ -42.241228216993939, -22.042758900239583 ], [ -42.241300619452133, -22.042773582789124 ], [ -42.241362952088274, -22.042736236094981 ], [ -42.241378701257609, -22.042668737366967 ], [ -42.241338641363377, -22.042610626462118 ], [ -42.241266238980316, -22.042595943937336 ], [ -42.241203906389067, -22.042633290598893 ], [ -42.241188157144599, -22.042700789302138 ] ] ] } },
{ "type": "Feature", "properties": { "area_id": "ENEL_RJ:PCH_S.ROSA", "potencia_nominal_mva": 0.0, "n_trafos": 0, "origem": "semente", "profundidade": 2, "recorte_ignorado": false, "geometria_vazia": false, "area_km2": 0.0, "lat_sub": -22.09731, "lon_sub": -42.279504, "classificacao": "Transporte/manobra", "area_mae": null, "distribuidora": "ENEL RJ", "cod_sub": "PCH_S.ROSA", "nome": "PCH SANTA ROSA", "lat_rep": -22.09731, "lon_rep": -42.279504, "capacidade_mmgd_bdgd_kw": 0.0, "capacidade_homologada_localizada_kw": 0.0, "capacidade_lag_kw": 0.0, "pot_sem_homologacao_kw": 0.0, "n_unidades": 0.0, "n_sem_homologacao": 0.0, "capacidade_mmgd_kw": 0.0, "fonte": null, "fator_correcao": null, "capacidade_mmgd_corrigida_kw": 0.0 }, "geometry": { "type": "Polygon", "coordinates": [ [ [ -42.279408664015946, -22.09732564936348 ], [ -42.27944875342434, -22.097383753757153 ], [ -42.27952118905565, -22.097398422524737 ], [ -42.279583539046349, -22.097361062883788 ], [ -42.279599279585682, -22.097293559628319 ], [ -42.279559190132431, -22.097235455267395 ], [ -42.279486754576581, -22.097220786524485 ], [ -42.279424404630731, -22.097258146132678 ], [ -42.279408664015946, -22.09732564936348 ] ] ] } },
{ "type": "Feature", "properties": { "area_id": "ENEL_RJ:PDR", "potencia_nominal_mva": 91.6, "n_trafos": 1535, "origem": "fecho_trafos", "profundidade": 0, "recorte_ignorado": false, "geometria_vazia": false, "area_km2": 42.119, "lat_sub": -22.785, "lon_sub": -43.043971, "classificacao": "Distribuição plena", "area_mae": null, "distribuidora": "ENEL RJ", "cod_sub": "PDR", "nome": "Portao do Rosa", "lat_rep": -22.757405, "lon_rep": -43.026849, "capacidade_mmgd_bdgd_kw": 1623.9, "capacidade_homologada_localizada_kw": 4330.3, "capacidade_lag_kw": 817.345, "pot_sem_homologacao_kw": 0.0, "n_unidades": 631.095, "n_sem_homologacao": 0.0, "capacidade_mmgd_kw": 5147.645, "fonte": "Solar FV", "fator_correcao": null, "capacidade_mmgd_corrigida_kw": 5147.645 }, "geometry": { "type": "MultiPolygon", "coordinates": [ [ [ [ -43.081399982933775, -22.789799985298604 ], [ -43.0684, -22.7786 ], [ -43.064299999110681, -22.765100000692421 ], [ -43.0466, -22.7572 ], [ -43.039399999414712, -22.750300000623657 ], [ -43.0266, -22.7431 ], [ -43.0259, -22.7261 ], [ -43.033199998832266, -22.71829999946468 ], [ -43.036418182602333, -22.703791385465959 ], [ -43.035197394738525, -22.704772997877008 ], [ -43.005834346100031, -22.753038115023386 ], [ -43.006091987713738, -22.757595647127165 ], [ -42.999964992043864, -22.760917691222016 ], [ -43.007089123023249, -22.775219492055232 ], [ -43.00710201607658, -22.775446131856338 ], [ -43.007219919512018, -22.775482039671985 ], [ -43.018685439590591, -22.798492799237035 ], [ -43.02195275628835, -22.800796923390163 ], [ -43.024662584671958, -22.805568741486571 ], [ -43.023541454580837, -22.808060314949699 ], [ -43.023796892665189, -22.808336356747343 ], [ -43.023937924934849, -22.808311373001462 ], [ -43.069474762037217, -22.810795049634315 ], [ -43.071909093464569, -22.812584407622762 ], [ -43.072743727113163, -22.810544492892753 ], [ -43.0651, -22.8029 ], [ -43.079099999103605, -22.798899999224204 ], [ -43.081399982933775, -22.789799985298604 ] ] ], [ [ [ -43.051908069156603, -22.691927052516974 ], [ -43.051144513964225, -22.691948412860761 ], [ -43.050220846618764, -22.692691334395445 ], [ -43.051299999459694, -22.692699999002656 ], [ -43.051908069156603, -22.691927052516974 ] ] ] ] } },
{ "type": "Feature", "properties": { "area_id": "ENEL_RJ:PGT", "potencia_nominal_mva": 0.0, "n_trafos": 0, "origem": "semente", "profundidade": 2, "recorte_ignorado": false, "geometria_vazia": false, "area_km2": 0.0, "lat_sub": -22.421793, "lon_sub": -44.338559, "classificacao": "Transporte/manobra", "area_mae": "ENEL_RJ:PRL", "distribuidora": "ENEL RJ", "cod_sub": "PGT", "nome": "PEUGEOT CITROEN", "lat_rep": -22.421793, "lon_rep": -44.338559, "capacidade_mmgd_bdgd_kw": 0.0, "capacidade_homologada_localizada_kw": 0.0, "capacidade_lag_kw": 0.0, "pot_sem_homologacao_kw": 0.0, "n_unidades": 0.0, "n_sem_homologacao": 0.0, "capacidade_mmgd_kw": 0.0, "fonte": null, "fator_correcao": null, "capacidade_mmgd_corrigida_kw": 0.0 }, "geometry": { "type": "Polygon", "coordinates": [ [ [ -44.338464020443894, -22.421810313177538 ], [ -44.338505078080473, -22.421867959580933 ], [ -44.33857795351593, -22.421881729837267 ], [ -44.338639957251573, -22.421843557504641 ], [ -44.338654768313816, -22.421775803443509 ], [ -44.338613710640402, -22.421718157076661 ], [ -44.338540835285883, -22.421704386838158 ], [ -44.338478831587068, -22.421742559134234 ], [ -44.338464020443894, -22.421810313177538 ] ] ] } },
{ "type": "Feature", "properties": { "area_id": "ENEL_RJ:PIB", "potencia_nominal_mva": 0.0, "n_trafos": 0, "origem": "semente", "profundidade": 1, "recorte_ignorado": false, "geometria_vazia": false, "area_km2": 0.0, "lat_sub": -22.203076, "lon_sub": -43.155368, "classificacao": "Transporte/manobra", "area_mae": "ENEL_RJ:FAG", "distribuidora": "ENEL RJ", "cod_sub": "PIB", "nome": "Piabanha", "lat_rep": -22.203076, "lon_rep": -43.155368, "capacidade_mmgd_bdgd_kw": 0.0, "capacidade_homologada_localizada_kw": 0.0, "capacidade_lag_kw": 0.0, "pot_sem_homologacao_kw": 0.0, "n_unidades": 0.0, "n_sem_homologacao": 0.0, "capacidade_mmgd_kw": 0.0, "fonte": null, "fator_correcao": null, "capacidade_mmgd_corrigida_kw": 0.0 }, "geometry": { "type": "Polygon", "coordinates": [ [ [ -43.155271461222654, -22.203083888693364 ], [ -43.155305665527365, -22.203145226109207 ], [ -43.155376428285777, -22.20316607612849 ], [ -43.155442297585367, -22.203134225072901 ], [ -43.155464688044546, -22.203068330879574 ], [ -43.155430483684057, -22.203006993493176 ], [ -43.155359720993751, -22.202986143501928 ], [ -43.155293851749938, -22.203017994528079 ], [ -43.155271461222654, -22.203083888693364 ] ] ] } },
{ "type": "Feature", "properties": { "area_id": "ENEL_RJ:PIN", "potencia_nominal_mva": 100.0, "n_trafos": 1542, "origem": "fecho_trafos", "profundidade": 0, "recorte_ignorado": false, "geometria_vazia": false, "area_km2": 58.605, "lat_sub": -22.939437, "lon_sub": -43.047518, "classificacao": "Distribuição plena", "area_mae": null, "distribuidora": "ENEL RJ", "cod_sub": "PIN", "nome": "Piratininga", "lat_rep": -22.945962, "lon_rep": -43.050316, "capacidade_mmgd_bdgd_kw": 11302.67, "capacidade_homologada_localizada_kw": 40981.96, "capacidade_lag_kw": 6064.969, "pot_sem_homologacao_kw": 0.0, "n_unidades": 6791.967, "n_sem_homologacao": 0.0, "capacidade_mmgd_kw": 47046.929, "fonte": "Solar FV", "fator_correcao": null, "capacidade_mmgd_corrigida_kw": 47046.929 }, "geometry": { "type": "Polygon", "coordinates": [ [ [ -43.109162153434639, -22.937285017307321 ], [ -43.107693364196514, -22.937531768989672 ], [ -43.100825493582128, -22.937010485207001 ], [ -43.055447746533765, -22.922107462214651 ], [ -43.048111829999243, -22.919165422904744 ], [ -43.031788252758716, -22.911370090229116 ], [ -43.017063348772048, -22.915844347754479 ], [ -43.009860696355524, -22.911126121668975 ], [ -42.997748079178315, -22.911123566928012 ], [ -42.985872159867171, -22.951639293981824 ], [ -42.989705329614438, -22.966293248623778 ], [ -42.992632176228362, -22.967275281888078 ], [ -42.988584481666436, -22.968833238243359 ], [ -42.980643042755823, -22.969469800049026 ], [ -42.980533672665892, -22.969842595903099 ], [ -43.0015, -22.9696 ], [ -43.0129, -22.9711 ], [ -43.013800001019277, -22.976799998797013 ], [ -43.0398, -22.9745 ], [ -43.0544, -22.9625 ], [ -43.0725, -22.9568 ], [ -43.1013, -22.9527 ], [ -43.110399999233941, -22.953599998897726 ], [ -43.115053116446653, -22.940625135970755 ], [ -43.109162153434639, -22.937285017307321 ] ] ] } },
{ "type": "Feature", "properties": { "area_id": "ENEL_RJ:PIR", "potencia_nominal_mva": 7.5, "n_trafos": 46, "origem": "fecho_trafos", "profundidade": 1, "recorte_ignorado": false, "geometria_vazia": false, "area_km2": 15.28, "lat_sub": -22.45021, "lon_sub": -44.375994, "classificacao": "Distribuição plena", "area_mae": null, "distribuidora": "ENEL RJ", "cod_sub": "PIR", "nome": "Polo Industrial Resende", "lat_rep": -22.423954, "lon_rep": -44.360853, "capacidade_mmgd_bdgd_kw": 166.0, "capacidade_homologada_localizada_kw": 166.0, "capacidade_lag_kw": 23.182, "pot_sem_homologacao_kw": 0.0, "n_unidades": 4.217, "n_sem_homologacao": 0.0, "capacidade_mmgd_kw": 189.182, "fonte": "Solar FV", "fator_correcao": null, "capacidade_mmgd_corrigida_kw": 189.182 }, "geometry": { "type": "Polygon", "coordinates": [ [ [ -44.375486458372336, -22.452445158748947 ], [ -44.373491906894074, -22.419658660631981 ], [ -44.352316936938813, -22.390112137431665 ], [ -44.348031386895634, -22.393483013986462 ], [ -44.341413567647145, -22.407047486169592 ], [ -44.34358580623671, -22.41606165725408 ], [ -44.348012324901312, -22.418017369933438 ], [ -44.347845668334124, -22.433731534019394 ], [ -44.346521346179301, -22.428241518910259 ], [ -44.347971776357305, -22.434258735192259 ], [ -44.356315546884368, -22.452872221368423 ], [ -44.357412630340441, -22.453041910874092 ], [ -44.372546996687433, -22.453408277632477 ], [ -44.375486458372336, -22.452445158748947 ] ] ] } },
{ "type": "Feature", "properties": { "area_id": "ENEL_RJ:PNV", "potencia_nominal_mva": 0.0, "n_trafos": 0, "origem": "semente", "profundidade": 1, "recorte_ignorado": false, "geometria_vazia": false, "area_km2": 0.0, "lat_sub": -22.24312, "lon_sub": -42.914868, "classificacao": "Transporte/manobra", "area_mae": null, "distribuidora": "ENEL RJ", "cod_sub": "PNV", "nome": "Ponte Nova", "lat_rep": -22.24312, "lon_rep": -42.914868, "capacidade_mmgd_bdgd_kw": 0.0, "capacidade_homologada_localizada_kw": 0.0, "capacidade_lag_kw": 0.0, "pot_sem_homologacao_kw": 0.0, "n_unidades": 0.0, "n_sem_homologacao": 0.0, "capacidade_mmgd_kw": 0.0, "fonte": null, "fator_correcao": null, "capacidade_mmgd_corrigida_kw": 0.0 }, "geometry": { "type": "Polygon", "coordinates": [ [ [ -42.914770870064572, -22.243127905941623 ], [ -42.914804973643108, -22.243189286700211 ], [ -42.914875711553925, -22.243210240176378 ], [ -42.914941646440241, -22.24317849208763 ], [ -42.914964154499941, -22.243112640054193 ], [ -42.914930050864619, -22.243051259324577 ], [ -42.914859313021402, -22.24303030587723 ], [ -42.914793378191874, -22.243062053937006 ], [ -42.914770870064572, -22.243127905941623 ] ] ] } },
{ "type": "Feature", "properties": { "area_id": "ENEL_RJ:POC", "potencia_nominal_mva": 367.0, "n_trafos": 2030, "origem": "fecho_trafos", "profundidade": 0, "recorte_ignorado": false, "geometria_vazia": false, "area_km2": 92.284, "lat_sub": -22.854421, "lon_sub": -42.047097, "classificacao": "Distribuição plena", "area_mae": null, "distribuidora": "ENEL RJ", "cod_sub": "POC", "nome": "Porto do Carro", "lat_rep": -22.826238, "lon_rep": -42.020643, "capacidade_mmgd_bdgd_kw": 7181.84, "capacidade_homologada_localizada_kw": 17604.6, "capacidade_lag_kw": 3601.16, "pot_sem_homologacao_kw": 0.0, "n_unidades": 2345.597, "n_sem_homologacao": 0.0, "capacidade_mmgd_kw": 21205.76, "fonte": "Solar FV", "fator_correcao": null, "capacidade_mmgd_corrigida_kw": 21205.76 }, "geometry": { "type": "Polygon", "coordinates": [ [ [ -42.104731051563327, -22.886313353489559 ], [ -42.091962992455713, -22.863471334570455 ], [ -42.069654904881133, -22.848846681397859 ], [ -42.069907091949609, -22.843565851311144 ], [ -42.067213951691365, -22.819173463951099 ], [ -42.038579246613644, -22.767884721960034 ], [ -42.039174769570437, -22.766079676855014 ], [ -42.030630518820409, -22.772269261826665 ], [ -42.018683992840359, -22.782485797195129 ], [ -42.017347317726276, -22.780065472379025 ], [ -42.015942678156776, -22.77302894173059 ], [ -41.994707241693895, -22.802982992179896 ], [ -41.981997693266777, -22.813843782032265 ], [ -41.980891123551729, -22.816572707036936 ], [ -41.979018810930242, -22.816388918533612 ], [ -41.973072563151945, -22.821468870209564 ], [ -41.972837701403193, -22.823613384061201 ], [ -41.973557611405681, -22.827073227535184 ], [ -41.9766, -22.8302 ], [ -41.9858, -22.8505 ], [ -41.9866, -22.8584 ], [ -41.981800001429036, -22.86700000002104 ], [ -41.984485274519329, -22.87227024231602 ], [ -42.002590806449682, -22.880644948071335 ], [ -42.006932118125007, -22.882090050450223 ], [ -42.007943150051922, -22.87776560410386 ], [ -42.008039446793148, -22.87753561454706 ], [ -42.010080725864078, -22.875770638406017 ], [ -42.035319694414113, -22.868239836332339 ], [ -42.046303575740211, -22.871102142798083 ], [ -42.064452274615036, -22.883103185070834 ], [ -42.067972549408474, -22.876746346167479 ], [ -42.104731051563327, -22.886313353489559 ] ] ] } },
{ "type": "Feature", "properties": { "area_id": "ENEL_RJ:POT", "potencia_nominal_mva": 40.0, "n_trafos": 1261, "origem": "fecho_trafos", "profundidade": 0, "recorte_ignorado": false, "geometria_vazia": false, "area_km2": 310.679, "lat_sub": -21.690758, "lon_sub": -41.058188, "classificacao": "Distribuição plena", "area_mae": null, "distribuidora": "ENEL RJ", "cod_sub": "POT", "nome": "Pontinha", "lat_rep": -21.716178, "lon_rep": -41.107077, "capacidade_mmgd_bdgd_kw": 1883.51, "capacidade_homologada_localizada_kw": 16805.47, "capacidade_lag_kw": 1632.459, "pot_sem_homologacao_kw": 0.0, "n_unidades": 1402.278, "n_sem_homologacao": 0.0, "capacidade_mmgd_kw": 18437.929, "fonte": "Solar FV", "fator_correcao": null, "capacidade_mmgd_corrigida_kw": 18437.929 }, "geometry": { "type": "MultiPolygon", "coordinates": [ [ [ [ -41.270017119916979, -21.766662538172216 ], [ -41.168244793800454, -21.705141599630775 ], [ -41.149532209044857, -21.69411328519411 ], [ -41.148608477641147, -21.693259245964633 ], [ -41.126842899210118, -21.68008377345468 ], [ -41.128078699797229, -21.674274000387577 ], [ -41.104714548669101, -21.652659367168642 ], [ -41.101666911911316, -21.646633297322651 ], [ -41.101100704168907, -21.611028226788541 ], [ -41.101529751914647, -21.609420590352528 ], [ -41.047411907753428, -21.602582716226298 ], [ -41.046000001175408, -21.606600000157012 ], [ -41.0481, -21.6178 ], [ -41.0245, -21.6233 ], [ -41.0131000012098, -21.623500001031417 ], [ -41.015500002129144, -21.644500011993692 ], [ -41.0223, -21.6828 ], [ -41.0248, -21.7186 ], [ -41.023, -21.7387 ], [ -41.020668213142635, -21.749963347582973 ], [ -41.04161297528897, -21.75506639514532 ], [ -41.0801966869127, -21.797999993719454 ], [ -41.099778647815278, -21.818474922987537 ], [ -41.108280118809454, -21.822374682520344 ], [ -41.125273993131749, -21.820825225015291 ], [ -41.149184256822309, -21.787325064378184 ], [ -41.253260850849948, -21.787932064665032 ], [ -41.26084061033022, -21.779521025250695 ], [ -41.270017119916979, -21.766662538172216 ] ], [ [ -41.050777354993173, -21.637189612702127 ], [ -41.050825642049581, -21.637137423484759 ], [ -41.050899257020319, -21.637132443267529 ], [ -41.050955077274004, -21.637177589230696 ], [ -41.050960404033439, -21.637246415594067 ], [ -41.050912116978104, -21.637298604761952 ], [ -41.050838501918818, -21.637303585062224 ], [ -41.050782681668977, -21.63725843896826 ], [ -41.050777354993173, -21.637189612702127 ] ], [ [ -41.15974732761515, -21.712913014752026 ], [ -41.159800767620347, -21.712865497708709 ], [ -41.159874686751373, -21.712867213055254 ], [ -41.159925570978068, -21.712917232838041 ], [ -41.159923739687379, -21.712986143430015 ], [ -41.159870261222153, -21.713033741341601 ], [ -41.159796428602299, -21.713032061905547 ], [ -41.159745491896558, -21.712982088762345 ], [ -41.15974732761515, -21.712913014752026 ] ], [ [ -41.185915663449784, -21.73476641306544 ], [ -41.185973925274261, -21.734723986932885 ], [ -41.186047231638746, -21.734732478240193 ], [ -41.186092640742892, -21.734786912912696 ], [ -41.186083599181885, -21.734855326856461 ], [ -41.186025381869335, -21.734897806369084 ], [ -41.185951984049773, -21.73488933864018 ], [ -41.185906600241061, -21.734834989215258 ], [ -41.185915663449784, -21.73476641306544 ] ], [ [ -41.252686552730523, -21.763387883674046 ], [ -41.252748985544102, -21.763350971499019 ], [ -41.252821073799431, -21.763366109010956 ], [ -41.252860589237351, -21.763424428927031 ], [ -41.252844438687625, -21.763491695773801 ], [ -41.252781951217429, -21.763528680349687 ], [ -41.252709940366977, -21.763513593730384 ], [ -41.252670347500839, -21.763455222863353 ], [ -41.252686552730523, -21.763387883674046 ] ] ], [ [ [ -41.101529752134041, -21.609420589365516 ], [ -41.101529752035233, -21.609420589453389 ], [ -41.101529752030395, -21.609420589633668 ], [ -41.101529752134041, -21.609420589365516 ] ] ] ] } },
{ "type": "Feature", "properties": { "area_id": "ENEL_RJ:PRL", "potencia_nominal_mva": 16.0, "n_trafos": 381, "origem": "fecho_trafos", "profundidade": 2, "recorte_ignorado": false, "geometria_vazia": false, "area_km2": 27.909, "lat_sub": -22.430034, "lon_sub": -44.318103, "classificacao": "Distribuição plena", "area_mae": null, "distribuidora": "ENEL RJ", "cod_sub": "PRL", "nome": "Porto Real", "lat_rep": -22.426938, "lon_rep": -44.317214, "capacidade_mmgd_bdgd_kw": 1647.49, "capacidade_homologada_localizada_kw": 2410.24, "capacidade_lag_kw": 336.111, "pot_sem_homologacao_kw": 0.0, "n_unidades": 323.492, "n_sem_homologacao": 0.0, "capacidade_mmgd_kw": 2746.351, "fonte": "Solar FV", "fator_correcao": null, "capacidade_mmgd_corrigida_kw": 2746.351 }, "geometry": { "type": "Polygon", "coordinates": [ [ [ -44.34801232579828, -22.418016953927467 ], [ -44.310158769091039, -22.401290529672117 ], [ -44.307015169054679, -22.399957269062863 ], [ -44.276888060862298, -22.404777753671365 ], [ -44.277857804337792, -22.415311569060393 ], [ -44.280705300638871, -22.41917223128177 ], [ -44.287989949943871, -22.428747768956413 ], [ -44.323997628045916, -22.450886192020238 ], [ -44.347660626916387, -22.451320901566124 ], [ -44.34801232579828, -22.418016953927467 ] ], [ [ -44.313347130176652, -22.424873391489637 ], [ -44.313394597664804, -22.424820169774335 ], [ -44.313468641174147, -22.424813741436463 ], [ -44.313525887083117, -22.424857872105317 ], [ -44.313532801524701, -22.42492671066217 ], [ -44.313485334050654, -22.424979932417795 ], [ -44.313411290453494, -22.424986360761 ], [ -44.313354044530428, -22.424942230051816 ], [ -44.313347130176652, -22.424873391489637 ] ], [ [ -44.338462233822355, -22.421792616208229 ], [ -44.338491027766921, -22.42172887093427 ], [ -44.338559869907542, -22.421702725761524 ], [ -44.338628433497952, -22.421729496158463 ], [ -44.338656554959655, -22.421793500411312 ], [ -44.338627761075671, -22.421857245715763 ], [ -44.338558918869964, -22.421883390915426 ], [ -44.338490355218973, -22.421856620487972 ], [ -44.338462233822355, -22.421792616208229 ] ], [ [ -44.344703441871204, -22.435505330457381 ], [ -44.344756285360873, -22.435456680218657 ], [ -44.344830656213816, -22.435457015893029 ], [ -44.344882989055897, -22.435506140848787 ], [ -44.34488262801576, -22.435575278381851 ], [ -44.344829784522936, -22.435623928661201 ], [ -44.344755413581062, -22.435623592984303 ], [ -44.344703080742136, -22.435574467987923 ], [ -44.344703441871204, -22.435505330457381 ] ] ] } },
{ "type": "Feature", "properties": { "area_id": "ENEL_RJ:PRM", "potencia_nominal_mva": 41.0, "n_trafos": 1277, "origem": "fecho_trafos", "profundidade": 0, "recorte_ignorado": false, "geometria_vazia": false, "area_km2": 356.019, "lat_sub": -22.550956, "lon_sub": -42.984837, "classificacao": "Distribuição plena", "area_mae": null, "distribuidora": "ENEL RJ", "cod_sub": "PRM", "nome": "Parada Modelo", "lat_rep": -22.563818, "lon_rep": -42.890368, "capacidade_mmgd_bdgd_kw": 1326.07, "capacidade_homologada_localizada_kw": 6247.87, "capacidade_lag_kw": 828.228, "pot_sem_homologacao_kw": 0.0, "n_unidades": 780.922, "n_sem_homologacao": 0.0, "capacidade_mmgd_kw": 7076.098, "fonte": "Solar FV", "fator_correcao": null, "capacidade_mmgd_corrigida_kw": 7076.098 }, "geometry": { "type": "Polygon", "coordinates": [ [ [ -43.06867650237411, -22.521077514360186 ], [ -43.051099978128192, -22.482947328869216 ], [ -42.977593791449046, -22.485650594735471 ], [ -42.962162654507651, -22.477462576013156 ], [ -42.796239985464275, -22.4913808813887 ], [ -42.794919901559702, -22.493800195094899 ], [ -42.787153208460388, -22.531365764692957 ], [ -42.784126345415871, -22.607456322326392 ], [ -42.825210714716384, -22.635124015687307 ], [ -42.83032374907885, -22.637950670315675 ], [ -42.923099989717926, -22.623520155340575 ], [ -42.937795323339472, -22.611569225833243 ], [ -42.95747242968578, -22.615860744550254 ], [ -42.975322443612875, -22.581033447540296 ], [ -43.02036978640912, -22.544347692017702 ], [ -43.01737012763769, -22.531636047213034 ], [ -43.029522992651117, -22.522120083280473 ], [ -43.060797666231863, -22.528527083962437 ], [ -43.06867650237411, -22.521077514360186 ] ], [ [ -42.982644763058936, -22.548780496512986 ], [ -42.982680748436323, -22.548720013705918 ], [ -42.982752237110411, -22.548700881254298 ], [ -42.982817352041785, -22.548734306677353 ], [ -42.982837949816151, -22.548800709842531 ], [ -42.98280196448043, -22.54886119268772 ], [ -42.982730475726797, -22.548880325155562 ], [ -42.982665360753742, -22.548846899694386 ], [ -42.982644763058936, -22.548780496512986 ] ] ] } },
{ "type": "Feature", "properties": { "area_id": "ENEL_RJ:PRU", "potencia_nominal_mva": 0.0, "n_trafos": 0, "origem": "semente", "profundidade": 1, "recorte_ignorado": false, "geometria_vazia": false, "area_km2": 0.0, "lat_sub": -21.839692, "lon_sub": -41.041639, "classificacao": "Transporte/manobra", "area_mae": null, "distribuidora": "ENEL RJ", "cod_sub": "PRU", "nome": "Prumo", "lat_rep": -21.839692, "lon_rep": -41.041639, "capacidade_mmgd_bdgd_kw": 0.0, "capacidade_homologada_localizada_kw": 0.0, "capacidade_lag_kw": 0.0, "pot_sem_homologacao_kw": 0.0, "n_unidades": 0.0, "n_sem_homologacao": 0.0, "capacidade_mmgd_kw": 0.0, "fonte": null, "fator_correcao": null, "capacidade_mmgd_corrigida_kw": 0.0 }, "geometry": { "type": "Polygon", "coordinates": [ [ [ -41.041542303227885, -21.839698467090731 ], [ -41.041575472068168, -21.839760133586271 ], [ -41.041645631185077, -21.839781841368165 ], [ -41.041711682276308, -21.839750874288182 ], [ -41.04173493346449, -21.839685372458749 ], [ -41.041701764561786, -21.839623705987286 ], [ -41.041631605505607, -21.839601998239385 ], [ -41.041565554476797, -21.839632965295284 ], [ -41.041542303227885, -21.839698467090731 ] ] ] } },
{ "type": "Feature", "properties": { "area_id": "ENEL_RJ:PTI", "potencia_nominal_mva": 0.0, "n_trafos": 0, "origem": "semente", "profundidade": 1, "recorte_ignorado": false, "geometria_vazia": false, "area_km2": 0.0, "lat_sub": -23.191384, "lon_sub": -44.726651, "classificacao": "Transporte/manobra", "area_mae": null, "distribuidora": "ENEL RJ", "cod_sub": "PTI", "nome": "Parati", "lat_rep": -23.191384, "lon_rep": -44.726651, "capacidade_mmgd_bdgd_kw": 0.0, "capacidade_homologada_localizada_kw": 0.0, "capacidade_lag_kw": 0.0, "pot_sem_homologacao_kw": 0.0, "n_unidades": 0.0, "n_sem_homologacao": 0.0, "capacidade_mmgd_kw": 0.0, "fonte": null, "fator_correcao": null, "capacidade_mmgd_corrigida_kw": 0.0 }, "geometry": { "type": "Polygon", "coordinates": [ [ [ -44.726553366472544, -23.191392298224706 ], [ -44.726588513297571, -23.191453323765067 ], [ -44.726660045076002, -23.191473500901413 ], [ -44.726726059407902, -23.191441010123793 ], [ -44.726747885955966, -23.191374884113408 ], [ -44.72671273907833, -23.19131385860754 ], [ -44.726641207376368, -23.191293681495456 ], [ -44.726575193097077, -23.19132617223859 ], [ -44.726553366472544, -23.191392298224706 ] ] ] } },
{ "type": "Feature", "properties": { "area_id": "ENEL_RJ:PTM", "potencia_nominal_mva": 0.0, "n_trafos": 0, "origem": "semente", "profundidade": 1, "recorte_ignorado": false, "geometria_vazia": false, "area_km2": 0.0, "lat_sub": -23.310684, "lon_sub": -44.715235, "classificacao": "Transporte/manobra", "area_mae": null, "distribuidora": "ENEL RJ", "cod_sub": "PTM", "nome": "Patrimonio", "lat_rep": -23.310684, "lon_rep": -44.715235, "capacidade_mmgd_bdgd_kw": 0.0, "capacidade_homologada_localizada_kw": 0.0, "capacidade_lag_kw": 0.0, "pot_sem_homologacao_kw": 0.0, "n_unidades": 0.0, "n_sem_homologacao": 0.0, "capacidade_mmgd_kw": 0.0, "fonte": null, "fator_correcao": null, "capacidade_mmgd_corrigida_kw": 0.0 }, "geometry": { "type": "Polygon", "coordinates": [ [ [ -44.715137501956754, -23.310693175559408 ], [ -44.715172674219815, -23.310754202982164 ], [ -44.715244267679104, -23.31077438561309 ], [ -44.715310343802535, -23.310741900723464 ], [ -44.71533219605589, -23.310675777545494 ], [ -44.715297023739843, -23.310614750157406 ], [ -44.715225430357492, -23.310594567550925 ], [ -44.71515935428706, -23.310627052405884 ], [ -44.715137501956754, -23.310693175559408 ] ] ] } },
{ "type": "Feature", "properties": { "area_id": "ENEL_RJ:QUANTA_ARL", "potencia_nominal_mva": 0.0, "n_trafos": 0, "origem": "semente", "profundidade": 1, "recorte_ignorado": false, "geometria_vazia": false, "area_km2": 0.0, "lat_sub": -22.226309, "lon_sub": -43.089393, "classificacao": "Transporte/manobra", "area_mae": "ENEL_RJ:ARL", "distribuidora": "ENEL RJ", "cod_sub": "QUANTA_ARL", "nome": "QUANTA G AREAL", "lat_rep": -22.226309, "lon_rep": -43.089393, "capacidade_mmgd_bdgd_kw": 0.0, "capacidade_homologada_localizada_kw": 0.0, "capacidade_lag_kw": 0.0, "pot_sem_homologacao_kw": 0.0, "n_unidades": 0.0, "n_sem_homologacao": 0.0, "capacidade_mmgd_kw": 0.0, "fonte": null, "fator_correcao": null, "capacidade_mmgd_corrigida_kw": 0.0 }, "geometry": { "type": "Polygon", "coordinates": [ [ [ -43.08929632978986, -22.226316334161311 ], [ -43.089330509097842, -22.226377683680621 ], [ -43.089401271175475, -22.226398562487017 ], [ -43.089467164509088, -22.226366740038909 ], [ -43.08948958963807, -22.226300857515476 ], [ -43.089455410273999, -22.22623950802549 ], [ -43.089384648264378, -22.226218629247363 ], [ -43.089318754986856, -22.226250451666139 ], [ -43.08929632978986, -22.226316334161311 ] ] ] } },
{ "type": "Feature", "properties": { "area_id": "ENEL_RJ:QUANTA_FAG", "potencia_nominal_mva": 0.0, "n_trafos": 0, "origem": "semente", "profundidade": 1, "recorte_ignorado": false, "geometria_vazia": false, "area_km2": 0.0, "lat_sub": -22.20574, "lon_sub": -43.161288, "classificacao": "Transporte/manobra", "area_mae": "ENEL_RJ:FAG", "distribuidora": "ENEL RJ", "cod_sub": "QUANTA_FAG", "nome": "QUANTA G FAGUNDES", "lat_rep": -22.20574, "lon_rep": -43.161288, "capacidade_mmgd_bdgd_kw": 0.0, "capacidade_homologada_localizada_kw": 0.0, "capacidade_lag_kw": 0.0, "pot_sem_homologacao_kw": 0.0, "n_unidades": 0.0, "n_sem_homologacao": 0.0, "capacidade_mmgd_kw": 0.0, "fonte": null, "fator_correcao": null, "capacidade_mmgd_corrigida_kw": 0.0 }, "geometry": { "type": "Polygon", "coordinates": [ [ [ -43.161384451553431, -22.205749906640722 ], [ -43.161363797212147, -22.205683542001125 ], [ -43.161298777146243, -22.205650209828139 ], [ -43.161227489726251, -22.205669452519697 ], [ -43.161191694101277, -22.205729997979748 ], [ -43.161212358892264, -22.205796379525236 ], [ -43.161277378999706, -22.205829711735404 ], [ -43.161348666497325, -22.20581046902738 ], [ -43.161384451553431, -22.205749906640722 ] ] ] } },
{ "type": "Feature", "properties": { "area_id": "ENEL_RJ:QUANTA_FRL", "potencia_nominal_mva": 0.0, "n_trafos": 0, "origem": "semente", "profundidade": 1, "recorte_ignorado": false, "geometria_vazia": false, "area_km2": 0.0, "lat_sub": -21.079329, "lon_sub": -41.725731, "classificacao": "Transporte/manobra", "area_mae": null, "distribuidora": "ENEL RJ", "cod_sub": "QUANTA_FRL", "nome": "QUANTA G FRANCA AMARAL", "lat_rep": -21.079306, "lon_rep": -41.725792, "capacidade_mmgd_bdgd_kw": 0.0, "capacidade_homologada_localizada_kw": 0.0, "capacidade_lag_kw": 0.0, "pot_sem_homologacao_kw": 0.0, "n_unidades": 0.0, "n_sem_homologacao": 0.0, "capacidade_mmgd_kw": 0.0, "fonte": null, "fator_correcao": null, "capacidade_mmgd_corrigida_kw": 0.0 }, "geometry": { "type": "Polygon", "coordinates": [ [ [ -41.725815230198222, -21.079373635157488 ], [ -41.725827523165925, -21.079331289946754 ], [ -41.725812410944641, -21.079280864679085 ], [ -41.72577004005646, -21.079246835409688 ], [ -41.725715674477364, -21.079240491363297 ], [ -41.725815230198222, -21.079373635157488 ] ] ] } },
{ "type": "Feature", "properties": { "area_id": "ENEL_RJ:QUANTA_MBU", "potencia_nominal_mva": 0.0, "n_trafos": 0, "origem": "semente", "profundidade": 1, "recorte_ignorado": false, "geometria_vazia": false, "area_km2": 0.0, "lat_sub": -22.226782, "lon_sub": -42.100542, "classificacao": "Transporte/manobra", "area_mae": "ENEL_RJ:MBU", "distribuidora": "ENEL RJ", "cod_sub": "QUANTA_MBU", "nome": "QUANTA G MACABU", "lat_rep": -22.226782, "lon_rep": -42.100542, "capacidade_mmgd_bdgd_kw": 0.0, "capacidade_homologada_localizada_kw": 0.0, "capacidade_lag_kw": 0.0, "pot_sem_homologacao_kw": 0.0, "n_unidades": 0.0, "n_sem_homologacao": 0.0, "capacidade_mmgd_kw": 0.0, "fonte": null, "fator_correcao": null, "capacidade_mmgd_corrigida_kw": 0.0 }, "geometry": { "type": "Polygon", "coordinates": [ [ [ -42.100445710248181, -22.226788847147564 ], [ -42.100479436995393, -22.226850364999017 ], [ -42.100550007069018, -22.226871660853025 ], [ -42.100616081430687, -22.226840259865043 ], [ -42.100638954573391, -22.226774556327069 ], [ -42.100605227766415, -22.226713038502737 ], [ -42.100534657758054, -22.226691742680011 ], [ -42.100468583456156, -22.226723143640871 ], [ -42.100445710248181, -22.226788847147564 ] ] ] } },
{ "type": "Feature", "properties": { "area_id": "ENEL_RJ:QUANTA_PIB", "potencia_nominal_mva": 0.0, "n_trafos": 0, "origem": "semente", "profundidade": 1, "recorte_ignorado": false, "geometria_vazia": false, "area_km2": 0.0, "lat_sub": -22.202997, "lon_sub": -43.154886, "classificacao": "Transporte/manobra", "area_mae": "ENEL_RJ:ARL", "distribuidora": "ENEL RJ", "cod_sub": "QUANTA_PIB", "nome": "QUANTA G PIABANHA", "lat_rep": -22.202997, "lon_rep": -43.154886, "capacidade_mmgd_bdgd_kw": 0.0, "capacidade_homologada_localizada_kw": 0.0, "capacidade_lag_kw": 0.0, "pot_sem_homologacao_kw": 0.0, "n_unidades": 0.0, "n_sem_homologacao": 0.0, "capacidade_mmgd_kw": 0.0, "fonte": null, "fator_correcao": null, "capacidade_mmgd_corrigida_kw": 0.0 }, "geometry": { "type": "Polygon", "coordinates": [ [ [ -43.154789423547427, -22.203004466292999 ], [ -43.154823627618008, -22.203065803795109 ], [ -43.154894390249723, -22.203086654016676 ], [ -43.154960259604273, -22.203054803160885 ], [ -43.154982650267861, -22.202988909047829 ], [ -43.154948446141503, -22.202927571575152 ], [ -43.154877683577894, -22.202906721381623 ], [ -43.154811814279121, -22.202938572207987 ], [ -43.154789423547427, -22.203004466292999 ] ] ] } },
{ "type": "Feature", "properties": { "area_id": "ENEL_RJ:QUI", "potencia_nominal_mva": 8.0, "n_trafos": 0, "origem": "semente", "profundidade": 1, "recorte_ignorado": false, "geometria_vazia": false, "area_km2": 0.0, "lat_sub": -22.118298, "lon_sub": -41.491078, "classificacao": "Transformadora pura", "area_mae": null, "distribuidora": "ENEL RJ", "cod_sub": "QUI", "nome": "Quissama", "lat_rep": -22.118298, "lon_rep": -41.491078, "capacidade_mmgd_bdgd_kw": 0.0, "capacidade_homologada_localizada_kw": 0.0, "capacidade_lag_kw": 0.0, "pot_sem_homologacao_kw": 0.0, "n_unidades": 0.0, "n_sem_homologacao": 0.0, "capacidade_mmgd_kw": 0.0, "fonte": null, "fator_correcao": null, "capacidade_mmgd_corrigida_kw": 0.0 }, "geometry": { "type": "Polygon", "coordinates": [ [ [ -41.490981221396673, -22.118305106573782 ], [ -41.491014645487525, -22.118366716322235 ], [ -41.491085034839038, -22.118388259229157 ], [ -41.491151156278917, -22.11835711572855 ], [ -41.491174276721068, -22.118291529278693 ], [ -41.491140852568556, -22.118229919555798 ], [ -41.491070463280153, -22.11820837668186 ], [ -41.49100434190192, -22.118239520156916 ], [ -41.490981221396673, -22.118305106573782 ] ] ] } },
{ "type": "Feature", "properties": { "area_id": "ENEL_RJ:RBN", "potencia_nominal_mva": 35.3, "n_trafos": 1198, "origem": "fecho_trafos", "profundidade": 0, "recorte_ignorado": false, "geometria_vazia": false, "area_km2": 369.904, "lat_sub": -22.712914, "lon_sub": -42.625221, "classificacao": "Distribuição plena", "area_mae": null, "distribuidora": "ENEL RJ", "cod_sub": "RBN", "nome": "Rio Bonito", "lat_rep": -22.711696, "lon_rep": -42.585658, "capacidade_mmgd_bdgd_kw": 4515.0, "capacidade_homologada_localizada_kw": 10788.13, "capacidade_lag_kw": 1969.072, "pot_sem_homologacao_kw": 0.0, "n_unidades": 1310.993, "n_sem_homologacao": 0.0, "capacidade_mmgd_kw": 12757.202, "fonte": "Solar FV", "fator_correcao": null, "capacidade_mmgd_corrigida_kw": 12757.202 }, "geometry": { "type": "Polygon", "coordinates": [ [ [ -42.703991892905194, -22.668227738726603 ], [ -42.575880924082263, -22.588382011838302 ], [ -42.572312307243863, -22.587205491087204 ], [ -42.538388657706015, -22.583132734196894 ], [ -42.529993977231712, -22.609954087307337 ], [ -42.546420579553633, -22.623398712549008 ], [ -42.542396468193495, -22.643293284578551 ], [ -42.518152530734753, -22.688876341396 ], [ -42.503368081916683, -22.694940242809352 ], [ -42.484617942739007, -22.754710704103843 ], [ -42.489957880578253, -22.758725211949223 ], [ -42.489692913281459, -22.759412019457425 ], [ -42.484398245429794, -22.774445478631073 ], [ -42.483705019111113, -22.776959927409642 ], [ -42.514460792063879, -22.795468451735065 ], [ -42.541801968545272, -22.804514158360949 ], [ -42.544525620667052, -22.805229995487629 ], [ -42.551815392179215, -22.805194336165027 ], [ -42.562709228913612, -22.813372659615222 ], [ -42.577878733733627, -22.811804933198015 ], [ -42.598285984335462, -22.819045483687681 ], [ -42.620289571167781, -22.839592722963264 ], [ -42.654050529055333, -22.770536833627581 ], [ -42.657879153175692, -22.758783696518226 ], [ -42.660590441944549, -22.757149940368109 ], [ -42.675385511844304, -22.726853262620342 ], [ -42.672498273904267, -22.713883287855694 ], [ -42.673080783781565, -22.712093318646716 ], [ -42.675855564961644, -22.704869517715434 ], [ -42.686795957062607, -22.703476237598807 ], [ -42.703991892905194, -22.668227738726603 ] ] ] } },
{ "type": "Feature", "properties": { "area_id": "ENEL_RJ:RDC", "potencia_nominal_mva": 29.1, "n_trafos": 1133, "origem": "fecho_trafos", "profundidade": 0, "recorte_ignorado": false, "geometria_vazia": false, "area_km2": 198.553, "lat_sub": -22.434007, "lon_sub": -43.170872, "classificacao": "Distribuição plena", "area_mae": null, "distribuidora": "ENEL RJ", "cod_sub": "RDC", "nome": "Rio da Cidade", "lat_rep": -22.414299, "lon_rep": -43.22124, "capacidade_mmgd_bdgd_kw": 1119.52, "capacidade_homologada_localizada_kw": 5629.04, "capacidade_lag_kw": 593.011, "pot_sem_homologacao_kw": 0.9, "n_unidades": 703.264, "n_sem_homologacao": 1.0, "capacidade_mmgd_kw": 6222.051, "fonte": "Solar FV", "fator_correcao": null, "capacidade_mmgd_corrigida_kw": 6222.051 }, "geometry": { "type": "MultiPolygon", "coordinates": [ [ [ [ -43.169239006661137, -22.438262946407768 ], [ -43.169238989851024, -22.438262961570842 ], [ -43.169239008095111, -22.438262947915142 ], [ -43.169239007757184, -22.438262947973659 ], [ -43.169239006661137, -22.438262946407768 ] ] ], [ [ [ -43.339210088014759, -22.424190900621937 ], [ -43.339210072117979, -22.424190884629429 ], [ -43.33921008701374, -22.424190900587895 ], [ -43.339210088014759, -22.424190900621937 ] ] ], [ [ [ -43.250432472521709, -22.375655080737644 ], [ -43.208783669797057, -22.386702941092718 ], [ -43.195781226376312, -22.385387413558732 ], [ -43.194980404881704, -22.384843142779879 ], [ -43.187448352001333, -22.387615766653688 ], [ -43.173396928209129, -22.385374837415018 ], [ -43.165707409411013, -22.390003804542786 ], [ -43.164604567476921, -22.395670227193179 ], [ -43.163757354991617, -22.396333964814712 ], [ -43.14171987572086, -22.40443942113302 ], [ -43.112475761926426, -22.42202921783618 ], [ -43.11180016297493, -22.423600526326386 ], [ -43.106061791080542, -22.425885750698679 ], [ -43.090914841521474, -22.434991231838247 ], [ -43.104788765407143, -22.439924477901354 ], [ -43.112117981243635, -22.435313626141628 ], [ -43.124225994953321, -22.446835219033566 ], [ -43.19449512833323, -22.471785618614746 ], [ -43.191947168376672, -22.480265196458433 ], [ -43.198986492108034, -22.481605059668176 ], [ -43.204197039273609, -22.478214833189025 ], [ -43.207998301509143, -22.480826489795387 ], [ -43.212618881137416, -22.484198913311605 ], [ -43.213486924073372, -22.484364034493744 ], [ -43.274717484582581, -22.486989617291535 ], [ -43.301139932010855, -22.471274031495593 ], [ -43.309988924859134, -22.463519291614226 ], [ -43.31706197573628, -22.400334369571844 ], [ -43.317155112454294, -22.399830007257187 ], [ -43.290125957559425, -22.369959854378763 ], [ -43.284609062774535, -22.364431112427624 ], [ -43.26954068770133, -22.357370242209775 ], [ -43.257721375381458, -22.361728343381827 ], [ -43.250432472521709, -22.375655080737644 ] ], [ [ -43.169344410067978, -22.438413614673582 ], [ -43.169279553364518, -22.438421777582953 ], [ -43.169223847876772, -22.438389839008959 ], [ -43.169203171272748, -22.438323453795022 ], [ -43.169237030296088, -22.438264572560154 ], [ -43.169236232539866, -22.438264787679586 ], [ -43.169235547568277, -22.438264350881777 ], [ -43.169227087905192, -22.438249143526779 ], [ -43.169221756582168, -22.438232057927774 ], [ -43.169224642120184, -22.438188344371763 ], [ -43.169256594364413, -22.438145043333101 ], [ -43.169328005949431, -22.438125822060822 ], [ -43.169393122163704, -22.438159171971837 ], [ -43.169414388513616, -22.43821662393286 ], [ -43.169380783427556, -22.438283746355491 ], [ -43.169392988412369, -22.438308245368226 ], [ -43.169389011906219, -22.438368974621635 ], [ -43.169344410067978, -22.438413614673582 ] ] ] ] } },
{ "type": "Feature", "properties": { "area_id": "ENEL_RJ:RDO", "potencia_nominal_mva": 80.0, "n_trafos": 1272, "origem": "fecho_trafos", "profundidade": 0, "recorte_ignorado": false, "geometria_vazia": false, "area_km2": 32.796, "lat_sub": -22.518475, "lon_sub": -41.944681, "classificacao": "Distribuição plena", "area_mae": null, "distribuidora": "ENEL RJ", "cod_sub": "RDO", "nome": "Rio das Ostras", "lat_rep": -22.506944, "lon_rep": -41.938502, "capacidade_mmgd_bdgd_kw": 5361.71, "capacidade_homologada_localizada_kw": 23050.09, "capacidade_lag_kw": 4159.507, "pot_sem_homologacao_kw": 0.0, "n_unidades": 3802.605, "n_sem_homologacao": 0.0, "capacidade_mmgd_kw": 27209.597, "fonte": "Solar FV", "fator_correcao": null, "capacidade_mmgd_corrigida_kw": 27209.597 }, "geometry": { "type": "Polygon", "coordinates": [ [ [ -41.974209464567899, -22.494659893982849 ], [ -41.968135198702825, -22.484801272654561 ], [ -41.949915123478696, -22.487894884077768 ], [ -41.926057776879794, -22.478823560602891 ], [ -41.917675875085557, -22.4776548183189 ], [ -41.916272035467784, -22.47768081996005 ], [ -41.91491971710159, -22.478120910006982 ], [ -41.912637584220981, -22.479940409998822 ], [ -41.907048126520699, -22.489375281307574 ], [ -41.902952419961885, -22.492215611848799 ], [ -41.901115187702203, -22.49346021344018 ], [ -41.895376572546525, -22.49073653453884 ], [ -41.8972, -22.4922 ], [ -41.9126, -22.5111 ], [ -41.923900001222201, -22.530199999096354 ], [ -41.932700000080885, -22.537499998732425 ], [ -41.9467, -22.5284 ], [ -41.9617, -22.5345 ], [ -41.964113858383847, -22.537231612938228 ], [ -41.965836439071232, -22.537309300581551 ], [ -41.966044018411424, -22.537290384840979 ], [ -41.967196669847148, -22.53465822357094 ], [ -41.968114208771617, -22.515942452257576 ], [ -41.968331863018264, -22.502858181808154 ], [ -41.974209464567899, -22.494659893982849 ] ] ] } },
{ "type": "Feature", "properties": { "area_id": "ENEL_RJ:RIM", "potencia_nominal_mva": 0.0, "n_trafos": 0, "origem": "semente", "profundidade": 1, "recorte_ignorado": false, "geometria_vazia": false, "area_km2": 0.0, "lat_sub": -22.898564, "lon_sub": -43.129677, "classificacao": "Transporte/manobra", "area_mae": null, "distribuidora": "ENEL RJ", "cod_sub": "RIM", "nome": "ReservaTecnica", "lat_rep": -22.898564, "lon_rep": -43.129677, "capacidade_mmgd_bdgd_kw": 0.0, "capacidade_homologada_localizada_kw": 0.0, "capacidade_lag_kw": 0.0, "pot_sem_homologacao_kw": 0.0, "n_unidades": 0.0, "n_sem_homologacao": 0.0, "capacidade_mmgd_kw": 0.0, "fonte": null, "fator_correcao": null, "capacidade_mmgd_corrigida_kw": 0.0 }, "geometry": { "type": "Polygon", "coordinates": [ [ [ -43.129579487697853, -22.898571846313093 ], [ -43.129613828124064, -22.898633194993753 ], [ -43.129684933800434, -22.898654078334744 ], [ -43.129751151935785, -22.89862226313771 ], [ -43.129773692803752, -22.898556386335105 ], [ -43.129739352319596, -22.898495037684977 ], [ -43.129668246714097, -22.898474154372902 ], [ -43.12960202863669, -22.898505969539414 ], [ -43.129579487697853, -22.898571846313093 ] ] ] } },
{ "type": "Feature", "properties": { "area_id": "ENEL_RJ:R.LEAO", "potencia_nominal_mva": 0.0, "n_trafos": 0, "origem": "semente", "profundidade": 1, "recorte_ignorado": false, "geometria_vazia": false, "area_km2": 0.0, "lat_sub": -22.426378, "lon_sub": -42.022756, "classificacao": "Transporte/manobra", "area_mae": "ENEL_RJ:ROL", "distribuidora": "ENEL RJ", "cod_sub": "R.LEAO", "nome": "Rocha Leao Furnas", "lat_rep": -22.426378, "lon_rep": -42.022756, "capacidade_mmgd_bdgd_kw": 0.0, "capacidade_homologada_localizada_kw": 0.0, "capacidade_lag_kw": 0.0, "pot_sem_homologacao_kw": 0.0, "n_unidades": 0.0, "n_sem_homologacao": 0.0, "capacidade_mmgd_kw": 0.0, "fonte": null, "fator_correcao": null, "capacidade_mmgd_corrigida_kw": 0.0 }, "geometry": { "type": "Polygon", "coordinates": [ [ [ -42.022659612079927, -22.426385013736684 ], [ -42.022693339770221, -22.426446547994939 ], [ -42.022763990646403, -22.426467886936575 ], [ -42.022830178336655, -22.426436530476586 ], [ -42.022853130946999, -22.426370846823165 ], [ -42.022819403196038, -22.426309312592178 ], [ -42.022748752385681, -22.426287973682285 ], [ -42.022682564756096, -22.42631933011501 ], [ -42.022659612079927, -22.426385013736684 ] ] ] } },
{ "type": "Feature", "properties": { "area_id": "ENEL_RJ:ROL", "potencia_nominal_mva": 231.5, "n_trafos": 842, "origem": "fecho_trafos", "profundidade": 0, "recorte_ignorado": false, "geometria_vazia": false, "area_km2": 321.752, "lat_sub": -22.423437, "lon_sub": -42.00945, "classificacao": "Distribuição plena", "area_mae": null, "distribuidora": "ENEL RJ", "cod_sub": "ROL", "nome": "Rocha Leao", "lat_rep": -22.396459, "lon_rep": -42.050117, "capacidade_mmgd_bdgd_kw": 271.69, "capacidade_homologada_localizada_kw": 1420.64, "capacidade_lag_kw": 278.405, "pot_sem_homologacao_kw": 0.0, "n_unidades": 199.496, "n_sem_homologacao": 0.0, "capacidade_mmgd_kw": 1699.045, "fonte": "Solar FV", "fator_correcao": null, "capacidade_mmgd_corrigida_kw": 1699.045 }, "geometry": { "type": "MultiPolygon", "coordinates": [ [ [ [ -42.068203814157442, -22.467770182517992 ], [ -42.06820383543976, -22.467770170572791 ], [ -42.068781442481622, -22.467406737052929 ], [ -42.068203711958283, -22.467770196262176 ], [ -42.068160416199802, -22.467777567139528 ], [ -42.068203789968152, -22.467770187856818 ], [ -42.068203814157442, -22.467770182517992 ] ] ], [ [ [ -42.085511504435971, -22.456881596277189 ], [ -42.085512184035615, -22.456879662671565 ], [ -42.068781442481622, -22.467406737052929 ], [ -42.085511504435971, -22.456881596277189 ] ] ], [ [ [ -42.099448903070567, -22.448110602588983 ], [ -42.097679870440807, -22.449223332631966 ], [ -42.098296737365366, -22.447450068660636 ], [ -42.100273409536072, -22.447591651421639 ], [ -42.151905497344735, -22.41507688156495 ], [ -42.169534792333778, -22.410932413369014 ], [ -42.186927707319775, -22.411003547756692 ], [ -42.171542332259015, -22.402702794597488 ], [ -42.184961474993209, -22.394242540934236 ], [ -42.169973695001786, -22.371144747362322 ], [ -42.031512821491773, -22.315768509190764 ], [ -42.021121518830064, -22.321426895041878 ], [ -41.999011834974652, -22.30946176188678 ], [ -41.997152655739207, -22.313114709610932 ], [ -41.969803306377003, -22.356706109509137 ], [ -41.933715254508591, -22.384125313383688 ], [ -41.927498989592252, -22.384678387670139 ], [ -41.926685424515178, -22.390086620965342 ], [ -41.905446527770629, -22.409963562408429 ], [ -41.907877203810109, -22.414838832929039 ], [ -41.917493138030366, -22.451162230794782 ], [ -41.913339535315494, -22.478732601238988 ], [ -41.880803923179698, -22.447571785757869 ], [ -41.913708184512657, -22.479086849357241 ], [ -41.914919725093348, -22.478120922890366 ], [ -41.916272190338333, -22.477680815842522 ], [ -41.917675956410477, -22.477654828849744 ], [ -41.926057748105286, -22.478823556644119 ], [ -41.949915119381245, -22.487894920620782 ], [ -41.949915141913102, -22.487894917814227 ], [ -41.983108462177682, -22.482247659030751 ], [ -41.99824960574059, -22.461114844897605 ], [ -42.007304995724489, -22.453324848473816 ], [ -42.087506477190708, -22.451205474218821 ], [ -42.085512184035615, -22.456879662671565 ], [ -42.099448903070567, -22.448110602588983 ] ], [ [ -42.014372960322788, -22.428400090107189 ], [ -42.014299196427977, -22.428391921159893 ], [ -42.014253250744957, -22.428337653698485 ], [ -42.014262037609761, -22.428269076892324 ], [ -42.014320409736698, -22.428226362090943 ], [ -42.014394173547515, -22.428234531019267 ], [ -42.01444011926155, -22.428288798443361 ], [ -42.01443133248074, -22.428357375268508 ], [ -42.014372960322788, -22.428400090107189 ] ], [ [ -42.02279168342519, -22.426461980389032 ], [ -42.02271741391889, -22.426460576462866 ], [ -42.022665965280098, -22.426410759522014 ], [ -42.022667475413755, -22.426341711683257 ], [ -42.022721059641519, -22.426293880226133 ], [ -42.022795329059399, -22.426295284140984 ], [ -42.022846777712189, -22.426345101041544 ], [ -42.022845267666952, -22.426414148891602 ], [ -42.02279168342519, -22.426461980389032 ] ] ], [ [ [ -42.100273409536072, -22.447591651421639 ], [ -42.100273409536051, -22.447591651421643 ], [ -42.099448903070567, -22.448110602588983 ], [ -42.100273409536072, -22.447591651421639 ] ] ], [ [ [ -41.983100660933879, -22.482258547391631 ], [ -42.068160416199802, -22.467777567139528 ], [ -41.983108462177682, -22.482247659030751 ], [ -41.983100660933879, -22.482258547391631 ] ] ] ] } },
{ "type": "Feature", "properties": { "area_id": "ENEL_RJ:RSD", "potencia_nominal_mva": 217.4, "n_trafos": 2208, "origem": "fecho_trafos", "profundidade": 0, "recorte_ignorado": false, "geometria_vazia": false, "area_km2": 690.138, "lat_sub": -22.489193, "lon_sub": -44.447722, "classificacao": "Distribuição plena", "area_mae": null, "distribuidora": "ENEL RJ", "cod_sub": "RSD", "nome": "Retiro Saudoso", "lat_rep": -22.439339, "lon_rep": -44.435747, "capacidade_mmgd_bdgd_kw": 3891.07, "capacidade_homologada_localizada_kw": 15714.56, "capacidade_lag_kw": 2399.871, "pot_sem_homologacao_kw": 0.0, "n_unidades": 2240.924, "n_sem_homologacao": 0.0, "capacidade_mmgd_kw": 18114.431, "fonte": "Solar FV", "fator_correcao": null, "capacidade_mmgd_corrigida_kw": 18114.431 }, "geometry": { "type": "Polygon", "coordinates": [ [ [ -44.505099594164619, -22.489809081592036 ], [ -44.501864361625181, -22.484862113811953 ], [ -44.50211117328918, -22.463926775266184 ], [ -44.501528800242994, -22.460226474036251 ], [ -44.487109524261015, -22.396878261677763 ], [ -44.48246751559553, -22.354801790496701 ], [ -44.483234737097852, -22.352908104859882 ], [ -44.503556863721585, -22.341066580189629 ], [ -44.503964785215395, -22.306325488419034 ], [ -44.4969, -22.3037 ], [ -44.473100019826916, -22.283100017165051 ], [ -44.4657, -22.2791 ], [ -44.4587, -22.2705 ], [ -44.461999998737255, -22.264600000057346 ], [ -44.457099999338304, -22.257600000999709 ], [ -44.4388, -22.2557 ], [ -44.433199976337782, -22.251400004624582 ], [ -44.394800000866027, -22.258900000947541 ], [ -44.39, -22.2705 ], [ -44.3769, -22.2683 ], [ -44.3747, -22.2611 ], [ -44.3596, -22.254 ], [ -44.3524, -22.2577 ], [ -44.345, -22.2534 ], [ -44.3172, -22.2595 ], [ -44.3153, -22.2543 ], [ -44.3023, -22.2539 ], [ -44.291499999545763, -22.243100001023176 ], [ -44.262700000947767, -22.244100000947682 ], [ -44.2599, -22.268 ], [ -44.259658684715653, -22.267809504494469 ], [ -44.258599979053308, -22.273345301852025 ], [ -44.285428817205286, -22.302194868576269 ], [ -44.28928074550187, -22.306493994246715 ], [ -44.290538402153686, -22.332480345508383 ], [ -44.290966094467684, -22.342012712736526 ], [ -44.290413051549891, -22.351522691496779 ], [ -44.283984866348931, -22.372696838370519 ], [ -44.284349027121998, -22.374042643220658 ], [ -44.306991658268622, -22.38083657092665 ], [ -44.327595556632566, -22.396723150424556 ], [ -44.336816232673279, -22.404575069465636 ], [ -44.33603404860601, -22.412725469190299 ], [ -44.343585803702908, -22.416061656300638 ], [ -44.341413667773722, -22.407047287979459 ], [ -44.348031334760364, -22.393483127325155 ], [ -44.352317187769593, -22.390112681664537 ], [ -44.373491889749175, -22.419658716536542 ], [ -44.375486100159065, -22.45244522463182 ], [ -44.372546906214772, -22.453408272622539 ], [ -44.35741266414815, -22.453041911694079 ], [ -44.356315632351681, -22.452872121181407 ], [ -44.347971808138205, -22.434258808323985 ], [ -44.347846362961242, -22.433738475445146 ], [ -44.347660408332814, -22.451320564397616 ], [ -44.33235416782987, -22.451040107291295 ], [ -44.325243480538894, -22.525006827284184 ], [ -44.339117779063983, -22.576151507067156 ], [ -44.345159526280042, -22.577697879093513 ], [ -44.345036947268177, -22.590048655102105 ], [ -44.3472, -22.5906 ], [ -44.3517, -22.6011 ], [ -44.348500001448791, -22.605999999920002 ], [ -44.356000000246553, -22.614899998528877 ], [ -44.360899998977786, -22.611799999316229 ], [ -44.362699998876515, -22.605899999960538 ], [ -44.3599, -22.5931 ], [ -44.367099998206108, -22.593299998990158 ], [ -44.3598, -22.5812 ], [ -44.3707, -22.5805 ], [ -44.3824, -22.5735 ], [ -44.391, -22.574 ], [ -44.4002, -22.5822 ], [ -44.4058, -22.5991 ], [ -44.406600000929259, -22.608799997980682 ], [ -44.4154, -22.6021 ], [ -44.4298, -22.5987 ], [ -44.439300000490405, -22.604699999178479 ], [ -44.466200000067047, -22.615699998695323 ], [ -44.4802, -22.6114 ], [ -44.500166196829994, -22.628570933554123 ], [ -44.50159391647361, -22.507785427806759 ], [ -44.504991693531565, -22.492704752621698 ], [ -44.505099594164619, -22.489809081592036 ] ], [ [ -44.376309115787294, -22.443901575718982 ], [ -44.376374872305725, -22.443869267656414 ], [ -44.376445945210065, -22.44388964471279 ], [ -44.37648070100807, -22.443950770302227 ], [ -44.376458780187903, -22.444016837906393 ], [ -44.376393023617531, -22.444049146001415 ], [ -44.376321950640886, -22.444028768920461 ], [ -44.376287194894815, -22.443967643298574 ], [ -44.376309115787294, -22.443901575718982 ] ], [ [ -44.382043172894249, -22.45301765236858 ], [ -44.382114450376832, -22.452997887688195 ], [ -44.382179886736225, -22.453030760118924 ], [ -44.382201150273687, -22.453097013461505 ], [ -44.38216578504391, -22.453157837420974 ], [ -44.382094507485654, -22.453177602121961 ], [ -44.38202907107928, -22.453144729656099 ], [ -44.382007807617498, -22.453078476292916 ], [ -44.382043172894249, -22.45301765236858 ] ], [ [ -44.394458547065597, -22.456273387281872 ], [ -44.39453156619907, -22.456260206137269 ], [ -44.394593226054234, -22.456298877417961 ], [ -44.39460740714631, -22.456366748039414 ], [ -44.394565802324927, -22.456424060321527 ], [ -44.394492783108078, -22.456437241479534 ], [ -44.394431123221544, -22.456398570160388 ], [ -44.39441694221285, -22.456330699525527 ], [ -44.394458547065597, -22.456273387281872 ] ], [ [ -44.39750531267623, -22.450911445703035 ], [ -44.397574158969974, -22.450885275540113 ], [ -44.397642748737738, -22.450912021369927 ], [ -44.397670903066881, -22.450976015869678 ], [ -44.397642129487203, -22.451039771948452 ], [ -44.397573283128459, -22.45106594213847 ], [ -44.397504693299808, -22.45103919627827 ], [ -44.397476539035665, -22.450975201751415 ], [ -44.39750531267623, -22.450911445703035 ] ], [ [ -44.447244059098139, -22.537202877006855 ], [ -44.447312701084741, -22.537229602498137 ], [ -44.447340894978083, -22.53729358847978 ], [ -44.447312125131667, -22.537357352850858 ], [ -44.447243244488043, -22.537383543286069 ], [ -44.447174602440086, -22.537356817764408 ], [ -44.4471464086119, -22.537292831755401 ], [ -44.447175178519664, -22.537229067414707 ], [ -44.447244059098139, -22.537202877006855 ] ], [ [ -44.44796713897334, -22.488213632243003 ], [ -44.448038245585082, -22.488233978345427 ], [ -44.448073043753126, -22.488295089075795 ], [ -44.448051149145947, -22.48836116662018 ], [ -44.447985387276027, -22.488393503631997 ], [ -44.447914280591604, -22.488373157505176 ], [ -44.447879482475351, -22.488312046742134 ], [ -44.447901377155212, -22.488245969222142 ], [ -44.44796713897334, -22.488213632243003 ] ], [ [ -44.46372514639112, -22.46192863732518 ], [ -44.463799204460408, -22.461922140342946 ], [ -44.463856514210953, -22.461966218872561 ], [ -44.463863504378722, -22.462035052337725 ], [ -44.46381608015605, -22.462088319032272 ], [ -44.46374202199889, -22.462094816020404 ], [ -44.463684712233523, -22.462050737450497 ], [ -44.463677722153619, -22.461981903979428 ], [ -44.46372514639112, -22.46192863732518 ] ], [ [ -44.471352125588695, -22.463714576796669 ], [ -44.471426125771572, -22.463721629921718 ], [ -44.471473085906361, -22.463775251149276 ], [ -44.471465497368953, -22.463844029919326 ], [ -44.471407805360279, -22.463887676554172 ], [ -44.471333805090538, -22.463880623419175 ], [ -44.471286844975637, -22.463827002152119 ], [ -44.471294433599915, -22.463758223392016 ], [ -44.471352125588695, -22.463714576796669 ] ], [ [ -44.47154306388353, -22.4636406754238 ], [ -44.471617451506368, -22.463640952999228 ], [ -44.471669840354963, -22.46369003784514 ], [ -44.471669541750515, -22.4637591767533 ], [ -44.471616730548476, -22.463807869087514 ], [ -44.47154234283655, -22.46380759151004 ], [ -44.47148995399052, -22.463758506623449 ], [ -44.471490252684042, -22.463689367717333 ], [ -44.47154306388353, -22.4636406754238 ] ] ] } },
{ "type": "Feature", "properties": { "area_id": "ENEL_RJ:SAB", "potencia_nominal_mva": 27.5, "n_trafos": 1391, "origem": "fecho_trafos", "profundidade": 1, "recorte_ignorado": false, "geometria_vazia": false, "area_km2": 677.158, "lat_sub": -21.886379, "lon_sub": -41.206257, "classificacao": "Distribuição plena", "area_mae": null, "distribuidora": "ENEL RJ", "cod_sub": "SAB", "nome": "Saturnino Braga", "lat_rep": -21.998896, "lon_rep": -41.179648, "capacidade_mmgd_bdgd_kw": 2209.9, "capacidade_homologada_localizada_kw": 6879.38, "capacidade_lag_kw": 973.477, "pot_sem_homologacao_kw": 0.0, "n_unidades": 628.86, "n_sem_homologacao": 0.0, "capacidade_mmgd_kw": 7852.857, "fonte": "Solar FV", "fator_correcao": null, "capacidade_mmgd_corrigida_kw": 7852.857 }, "geometry": { "type": "Polygon", "coordinates": [ [ [ -41.384572220834713, -22.029373534047643 ], [ -41.370513808850852, -21.998585768491264 ], [ -41.341416208375655, -21.966425100221709 ], [ -41.294929632156212, -21.98585143316361 ], [ -41.283877373096253, -21.90277732386085 ], [ -41.257211317495489, -21.873256793076159 ], [ -41.180447645496081, -21.855579441737262 ], [ -41.117462844930877, -21.876001989203104 ], [ -41.110769874294547, -21.901546385571105 ], [ -41.029612492303784, -21.939878186355887 ], [ -41.019291162452959, -21.943681110193104 ], [ -40.996218756640737, -21.944872383928892 ], [ -41.003116107559741, -21.939796502286846 ], [ -40.990367304976921, -21.949175919914268 ], [ -40.98879954102145, -21.951498834937922 ], [ -40.988099808691103, -21.953861901430834 ], [ -40.986722904157119, -21.983595451237385 ], [ -40.986671599540131, -21.998931120444247 ], [ -40.989335688469232, -22.004786397196835 ], [ -40.991794317656542, -22.00854676733238 ], [ -41.000051620031691, -22.014966288405589 ], [ -41.009770259177849, -22.021207887927904 ], [ -41.022574860584498, -22.02893766132312 ], [ -41.040809672399256, -22.039668307718479 ], [ -41.0459, -22.042 ], [ -41.0769, -22.0578 ], [ -41.1311, -22.0893 ], [ -41.133800001067627, -22.095499999250649 ], [ -41.145699972524284, -22.104199979914764 ], [ -41.167399984484767, -22.115799991707732 ], [ -41.215799977705245, -22.137399990054824 ], [ -41.260150142492996, -22.152214401523171 ], [ -41.179266496084217, -22.114540550991183 ], [ -41.178652565387672, -22.113386383292109 ], [ -41.179474896765015, -22.112076553671205 ], [ -41.181562574616798, -22.110664070150918 ], [ -41.235366378628072, -22.090209863976767 ], [ -41.263327255120586, -22.058331877140169 ], [ -41.384572220834713, -22.029373534047643 ] ], [ [ -41.057891055374434, -22.035639091680043 ], [ -41.057944751097892, -22.035591600275545 ], [ -41.058018739033713, -22.035593417593528 ], [ -41.058069678113434, -22.035643479084293 ], [ -41.058067728902074, -22.035712459433309 ], [ -41.058014033160326, -22.035759950877086 ], [ -41.05794004513838, -22.03575813354421 ], [ -41.057889106076956, -22.035708072014167 ], [ -41.057891055374434, -22.035639091680043 ] ], [ [ -41.137842470288987, -21.942516386642836 ], [ -41.137890851714928, -21.942464183964464 ], [ -41.137964628806245, -21.942459187646733 ], [ -41.138020584005233, -21.942504324469457 ], [ -41.138025939514741, -21.942573153923227 ], [ -41.137977558087961, -21.942625356642804 ], [ -41.13790378090912, -21.942630352953856 ], [ -41.137847825710956, -21.942585216089935 ], [ -41.137842470288987, -21.942516386642836 ] ] ] } },
{ "type": "Feature", "properties": { "area_id": "ENEL_RJ:SAF", "potencia_nominal_mva": 12.5, "n_trafos": 1318, "origem": "fecho_trafos", "profundidade": 0, "recorte_ignorado": false, "geometria_vazia": false, "area_km2": 710.769, "lat_sub": -21.650829, "lon_sub": -41.739335, "classificacao": "Distribuição plena", "area_mae": null, "distribuidora": "ENEL RJ", "cod_sub": "SAF", "nome": "Sao Fidelis", "lat_rep": -21.689321, "lon_rep": -41.739025, "capacidade_mmgd_bdgd_kw": 1630.5, "capacidade_homologada_localizada_kw": 9224.19, "capacidade_lag_kw": 886.501, "pot_sem_homologacao_kw": 0.0, "n_unidades": 1607.584, "n_sem_homologacao": 0.0, "capacidade_mmgd_kw": 10110.691, "fonte": "Solar FV", "fator_correcao": null, "capacidade_mmgd_corrigida_kw": 10110.691 }, "geometry": { "type": "Polygon", "coordinates": [ [ [ -41.961182663252025, -21.824718413698459 ], [ -41.939289881898794, -21.814453899707239 ], [ -41.902288395283776, -21.789636139773368 ], [ -41.890377817346106, -21.780403710971772 ], [ -41.82363846870355, -21.622293819428101 ], [ -41.814893460360871, -21.610877613730096 ], [ -41.78612088788563, -21.596608040064567 ], [ -41.641422526679399, -21.550150642979069 ], [ -41.633267184836505, -21.542382450422537 ], [ -41.625388165897306, -21.529539588429458 ], [ -41.625541446213958, -21.529286941841494 ], [ -41.593879079780578, -21.535265407203784 ], [ -41.586090145252477, -21.533909806934748 ], [ -41.583843435135492, -21.537158933530474 ], [ -41.542993702258379, -21.544859524504723 ], [ -41.590092929340521, -21.652656835801711 ], [ -41.660365546051807, -21.721421602381643 ], [ -41.670942120627281, -21.757322985803405 ], [ -41.658665714541115, -21.773421913071491 ], [ -41.626602828908972, -21.772583834428971 ], [ -41.749589094885387, -21.821845260026567 ], [ -41.836429108106145, -21.826497024157828 ], [ -41.897215155038161, -21.855501805474706 ], [ -41.898987003268012, -21.855818747802246 ], [ -41.912913565003208, -21.853689766461834 ], [ -41.915412183310565, -21.851374317827151 ], [ -41.912267213461277, -21.832193388522665 ], [ -41.911545443459261, -21.83048393523357 ], [ -41.930788834449046, -21.831499659510914 ], [ -41.931016394086278, -21.830801360954855 ], [ -41.940735565979786, -21.830127347116704 ], [ -41.961182663252025, -21.824718413698459 ] ] ] } },
{ "type": "Feature", "properties": { "area_id": "ENEL_RJ:SAM", "potencia_nominal_mva": 0.0, "n_trafos": 0, "origem": "semente", "profundidade": 1, "recorte_ignorado": false, "geometria_vazia": false, "area_km2": 0.0, "lat_sub": -21.809294, "lon_sub": -41.323984, "classificacao": "Transporte/manobra", "area_mae": null, "distribuidora": "ENEL RJ", "cod_sub": "SAM", "nome": "Santo Amaro", "lat_rep": -21.809294, "lon_rep": -41.323984, "capacidade_mmgd_bdgd_kw": 0.0, "capacidade_homologada_localizada_kw": 0.0, "capacidade_lag_kw": 0.0, "pot_sem_homologacao_kw": 0.0, "n_unidades": 0.0, "n_sem_homologacao": 0.0, "capacidade_mmgd_kw": 0.0, "fonte": null, "fator_correcao": null, "capacidade_mmgd_corrigida_kw": 0.0 }, "geometry": { "type": "Polygon", "coordinates": [ [ [ -41.323887541512562, -21.809300330279914 ], [ -41.323920836364792, -21.809361956423537 ], [ -41.323991043993161, -21.809383547758454 ], [ -41.324057037677512, -21.809352456350116 ], [ -41.324080159169434, -21.809286895141224 ], [ -41.324046864255891, -21.809225269022274 ], [ -41.323976656688949, -21.809203677720475 ], [ -41.323910663065917, -21.809234769104133 ], [ -41.323887541512562, -21.809300330279914 ] ] ] } },
{ "type": "Feature", "properties": { "area_id": "ENEL_RJ:SAP", "potencia_nominal_mva": 82.5, "n_trafos": 7466, "origem": "fecho_trafos", "profundidade": 0, "recorte_ignorado": false, "geometria_vazia": false, "area_km2": 1622.038, "lat_sub": -21.555853, "lon_sub": -42.174709, "classificacao": "Distribuição plena", "area_mae": null, "distribuidora": "ENEL RJ", "cod_sub": "SAP", "nome": "Santo Antonio de Padua", "lat_rep": -21.551138, "lon_rep": -42.170301, "capacidade_mmgd_bdgd_kw": 5662.8, "capacidade_homologada_localizada_kw": 34736.15, "capacidade_lag_kw": 4432.102, "pot_sem_homologacao_kw": 0.0, "n_unidades": 4736.935, "n_sem_homologacao": 0.0, "capacidade_mmgd_kw": 39168.252, "fonte": "Solar FV", "fator_correcao": null, "capacidade_mmgd_corrigida_kw": 39168.252 }, "geometry": { "type": "Polygon", "coordinates": [ [ [ -42.36959998792404, -21.640099980531708 ], [ -42.364699999220413, -21.632200000972894 ], [ -42.3586, -21.6308 ], [ -42.368699998479109, -21.618400000071901 ], [ -42.3639, -21.6136 ], [ -42.362999998707046, -21.605000000458144 ], [ -42.3527, -21.5917 ], [ -42.346, -21.5827 ], [ -42.3249, -21.5695 ], [ -42.3309, -21.5605 ], [ -42.3143, -21.5556 ], [ -42.3025, -21.5387 ], [ -42.3064, -21.5295 ], [ -42.2969, -21.5236 ], [ -42.2856, -21.5281 ], [ -42.279, -21.5119 ], [ -42.2737, -21.5038 ], [ -42.2597, -21.4963 ], [ -42.2546, -21.487 ], [ -42.2574, -21.4823 ], [ -42.2715, -21.4746 ], [ -42.2681, -21.4689 ], [ -42.2921, -21.4592 ], [ -42.2839, -21.4458 ], [ -42.2861, -21.4423 ], [ -42.2754, -21.4275 ], [ -42.278199998957326, -21.414000000016046 ], [ -42.275299998934592, -21.404200000723744 ], [ -42.267900000261008, -21.399600001348389 ], [ -42.2601, -21.4097 ], [ -42.2383, -21.4035 ], [ -42.2367, -21.3937 ], [ -42.2503, -21.3903 ], [ -42.252, -21.3872 ], [ -42.2406, -21.3771 ], [ -42.2424, -21.3729 ], [ -42.23, -21.3665 ], [ -42.2299, -21.3594 ], [ -42.235599998701304, -21.342900000523304 ], [ -42.2242, -21.3378 ], [ -42.2289, -21.3286 ], [ -42.237099999034427, -21.324099999414937 ], [ -42.237799998952497, -21.318000000263844 ], [ -42.2292, -21.307 ], [ -42.228699998930772, -21.282500000368863 ], [ -42.21969999953189, -21.272200000992967 ], [ -42.217540086999875, -21.272306251825071 ], [ -42.222604210560007, -21.313762348031641 ], [ -42.216597773771078, -21.319691531412865 ], [ -42.20120015946415, -21.32939645424441 ], [ -42.166223673219271, -21.298388788669129 ], [ -42.152435876125708, -21.297147406772645 ], [ -42.147271075829487, -21.298970108655077 ], [ -42.017914097733247, -21.38896620598112 ], [ -41.979197816189497, -21.46128070820135 ], [ -41.946084637527555, -21.446067404076636 ], [ -41.942987022861168, -21.452426740089603 ], [ -41.966608407158169, -21.484775202359771 ], [ -41.956407621726697, -21.503805556556419 ], [ -41.971542186063829, -21.510429113332464 ], [ -41.984123133592661, -21.51786946832021 ], [ -42.026539817881286, -21.54655560235383 ], [ -42.030976464220551, -21.55400827706433 ], [ -42.04674118282071, -21.615887324637601 ], [ -42.038199956589992, -21.684930142714503 ], [ -42.029215208376932, -21.696188376653172 ], [ -41.862884737900714, -21.715308449889427 ], [ -41.890377838153398, -21.780403779925308 ], [ -41.902288381594673, -21.78963613058885 ], [ -41.9392899283365, -21.81445393084417 ], [ -41.964565586696899, -21.82630413700377 ], [ -42.000873058652751, -21.830145605770614 ], [ -42.006688695891093, -21.82465677294925 ], [ -42.235519458059549, -21.772232404287877 ], [ -42.284363254244937, -21.720471077721943 ], [ -42.2694, -21.717 ], [ -42.2666, -21.7145 ], [ -42.2727, -21.7037 ], [ -42.2653, -21.6935 ], [ -42.2733, -21.6779 ], [ -42.2821, -21.6809 ], [ -42.2879, -21.6677 ], [ -42.3017, -21.655 ], [ -42.3109, -21.6601 ], [ -42.3145, -21.657 ], [ -42.331, -21.6606 ], [ -42.3397, -21.6603 ], [ -42.3463, -21.6518 ], [ -42.348, -21.6418 ], [ -42.35550000032314, -21.647799998960036 ], [ -42.365199999362872, -21.646499999072695 ], [ -42.36959998792404, -21.640099980531708 ] ], [ [ -42.086023780148949, -21.672118328650892 ], [ -42.086092582667142, -21.672093131888374 ], [ -42.086160294493531, -21.672120789937058 ], [ -42.086187250994186, -21.672185101112124 ], [ -42.08615766136748, -21.672248392813302 ], [ -42.086088858779881, -21.672273589595466 ], [ -42.086021146903107, -21.672245931511558 ], [ -42.085994190471851, -21.672181620316842 ], [ -42.086023780148949, -21.672118328650892 ] ], [ [ -42.198028118146539, -21.418085898910892 ], [ -42.198075957897814, -21.418033313939386 ], [ -42.198149495282372, -21.418027806346803 ], [ -42.198205653157274, -21.418072602408142 ], [ -42.19821153500375, -21.418141461226298 ], [ -42.198163695256156, -21.418194046237456 ], [ -42.198090157787185, -21.418199553827151 ], [ -42.198033999908596, -21.418154757726164 ], [ -42.198028118146539, -21.418085898910892 ] ], [ [ -42.204318796285946, -21.50403144873448 ], [ -42.204384524980817, -21.504000011135172 ], [ -42.20445475649543, -21.504021275652306 ], [ -42.204488350205388, -21.504082785841462 ], [ -42.204465627330464, -21.504148509886548 ], [ -42.204399898578281, -21.504179947512 ], [ -42.204329667001041, -21.504158682964697 ], [ -42.204296073348395, -21.504097172749397 ], [ -42.204318796285946, -21.50403144873448 ] ] ] } },
{ "type": "Feature", "properties": { "area_id": "ENEL_RJ:SAR", "potencia_nominal_mva": 0.0, "n_trafos": 0, "origem": "semente", "profundidade": 1, "recorte_ignorado": false, "geometria_vazia": false, "area_km2": 0.0, "lat_sub": -21.344493, "lon_sub": -41.47029, "classificacao": "Transporte/manobra", "area_mae": null, "distribuidora": "ENEL RJ", "cod_sub": "SAR", "nome": "Santa Barbara", "lat_rep": -21.344493, "lon_rep": -41.47029, "capacidade_mmgd_bdgd_kw": 0.0, "capacidade_homologada_localizada_kw": 0.0, "capacidade_lag_kw": 0.0, "pot_sem_homologacao_kw": 0.0, "n_unidades": 0.0, "n_sem_homologacao": 0.0, "capacidade_mmgd_kw": 0.0, "fonte": null, "fator_correcao": null, "capacidade_mmgd_corrigida_kw": 0.0 }, "geometry": { "type": "Polygon", "coordinates": [ [ [ -41.47019366522013, -21.344500141356203 ], [ -41.470226951515464, -21.344561734736697 ], [ -41.470296977168488, -21.344583237109855 ], [ -41.470362722058695, -21.344552052654425 ], [ -41.470385673679282, -21.344486448818543 ], [ -41.47035238732456, -21.344424855462329 ], [ -41.470282361731606, -21.344403353121304 ], [ -41.470216616900778, -21.344434537552463 ], [ -41.47019366522013, -21.344500141356203 ] ] ] } },
{ "type": "Feature", "properties": { "area_id": "ENEL_RJ:SCL", "potencia_nominal_mva": 15.0, "n_trafos": 604, "origem": "fecho_trafos", "profundidade": 0, "recorte_ignorado": false, "geometria_vazia": false, "area_km2": 131.899, "lat_sub": -21.520247, "lon_sub": -41.082829, "classificacao": "Distribuição plena", "area_mae": null, "distribuidora": "ENEL RJ", "cod_sub": "SCL", "nome": "Santa Clara", "lat_rep": -21.541948, "lon_rep": -41.114129, "capacidade_mmgd_bdgd_kw": 423.0, "capacidade_homologada_localizada_kw": 2642.05, "capacidade_lag_kw": 320.876, "pot_sem_homologacao_kw": 0.0, "n_unidades": 337.501, "n_sem_homologacao": 0.0, "capacidade_mmgd_kw": 2962.926, "fonte": "Solar FV", "fator_correcao": null, "capacidade_mmgd_corrigida_kw": 2962.926 }, "geometry": { "type": "Polygon", "coordinates": [ [ [ -41.191247582104602, -21.574400485584373 ], [ -41.170048300553134, -21.575775682879229 ], [ -41.16229281019352, -21.570614124560773 ], [ -41.146922878599909, -21.557046536148327 ], [ -41.168994847395545, -21.534803959582096 ], [ -41.170457564303497, -21.533058938714692 ], [ -41.172024390213231, -21.5265236263293 ], [ -41.174502112501038, -21.509232871955781 ], [ -41.172424617826252, -21.500083737507591 ], [ -41.166825609283372, -21.495340021705399 ], [ -41.15753798965126, -21.491188704368302 ], [ -41.058552474676866, -21.473416350493441 ], [ -41.057963255656716, -21.473901118287902 ], [ -41.057125807126255, -21.477310759305073 ], [ -41.057120219599597, -21.477704008813493 ], [ -41.054637957881631, -21.475509355765418 ], [ -41.051911929552304, -21.472907386247599 ], [ -41.0573, -21.4789 ], [ -41.0689, -21.4976 ], [ -41.0729, -21.5121 ], [ -41.0726, -21.5256 ], [ -41.0646, -21.5492 ], [ -41.0653, -21.554 ], [ -41.059, -21.5696 ], [ -41.047411908380319, -21.602582714159428 ], [ -41.101529752428441, -21.609420588379372 ], [ -41.104321872506446, -21.598958599267572 ], [ -41.106738962659584, -21.597511185975144 ], [ -41.142118814278859, -21.561885914172873 ], [ -41.146780873969753, -21.565671026170119 ], [ -41.159799817092662, -21.588581139985852 ], [ -41.162927763954848, -21.594839375143007 ], [ -41.166094793136295, -21.602640241082856 ], [ -41.185122022965302, -21.593804600760222 ], [ -41.191247582104602, -21.574400485584373 ] ], [ [ -41.068697096847664, -21.558979753767858 ], [ -41.068739645666206, -21.558923381317957 ], [ -41.068812343618582, -21.55891166476891 ], [ -41.068872605289961, -21.55895146751552 ], [ -41.068885130221368, -21.559019473677719 ], [ -41.068842581418238, -21.559075846168707 ], [ -41.068769883381542, -21.559087562718748 ], [ -41.068709621694751, -21.559047759931044 ], [ -41.068697096847664, -21.558979753767858 ] ] ] } },
{ "type": "Feature", "properties": { "area_id": "ENEL_RJ:SCS", "potencia_nominal_mva": 192.6, "n_trafos": 1889, "origem": "fecho_trafos", "profundidade": 0, "recorte_ignorado": false, "geometria_vazia": false, "area_km2": 33.323, "lat_sub": -22.642393, "lon_sub": -43.292125, "classificacao": "Distribuição plena", "area_mae": null, "distribuidora": "ENEL RJ", "cod_sub": "SCS", "nome": "Santa Cruz da Serra", "lat_rep": -22.635785, "lon_rep": -43.272687, "capacidade_mmgd_bdgd_kw": 3427.1, "capacidade_homologada_localizada_kw": 7304.99, "capacidade_lag_kw": 966.126, "pot_sem_homologacao_kw": 0.0, "n_unidades": 901.106, "n_sem_homologacao": 0.0, "capacidade_mmgd_kw": 8271.116, "fonte": "Solar FV", "fator_correcao": null, "capacidade_mmgd_corrigida_kw": 8271.116 }, "geometry": { "type": "MultiPolygon", "coordinates": [ [ [ [ -43.243638386539416, -22.673821073843044 ], [ -43.243638386539402, -22.673821073843001 ], [ -43.243638220874715, -22.673820683628456 ], [ -43.243638386539416, -22.673821073843044 ] ] ], [ [ [ -43.284713664766052, -22.627655005247117 ], [ -43.283036978545695, -22.625986633848992 ], [ -43.275268179645032, -22.621224704881808 ], [ -43.267065837988881, -22.616372263209584 ], [ -43.270674810383269, -22.618507779309038 ], [ -43.270016740699141, -22.618595366846918 ], [ -43.265986684645789, -22.615733789541437 ], [ -43.238199365289695, -22.599289217274322 ], [ -43.220493106820967, -22.598709381953888 ], [ -43.219432074236401, -22.603496132106553 ], [ -43.219432079252698, -22.60349615271031 ], [ -43.226790186306552, -22.62821861527404 ], [ -43.221829396213934, -22.611548469798958 ], [ -43.238323479763153, -22.612927370554981 ], [ -43.252839098342967, -22.624859042790948 ], [ -43.248946050373156, -22.636789692034434 ], [ -43.238472612237231, -22.641539994881953 ], [ -43.242260396202639, -22.646943947197496 ], [ -43.236539002298684, -22.656820967921536 ], [ -43.239969373556555, -22.665103449901736 ], [ -43.239889053208231, -22.665358127847409 ], [ -43.240087184945232, -22.665387882951425 ], [ -43.241872137359842, -22.669660641908241 ], [ -43.255161547776879, -22.667615744150897 ], [ -43.29299371217958, -22.673201634694944 ], [ -43.292993716275696, -22.673201613522671 ], [ -43.2964342567779, -22.64831344141162 ], [ -43.296434258619954, -22.648313420044413 ], [ -43.296275348989404, -22.647392644124036 ], [ -43.295500710342743, -22.645593402580655 ], [ -43.294610020830675, -22.644111995912834 ], [ -43.295149520660864, -22.642290677521441 ], [ -43.30036757760557, -22.637763622448013 ], [ -43.292757114516888, -22.634738433972242 ], [ -43.286155310385169, -22.630052603129435 ], [ -43.284713664766052, -22.627655005247117 ] ], [ [ -43.292481324954373, -22.668033800739646 ], [ -43.291075288979144, -22.656046064634673 ], [ -43.292118700291397, -22.65252336185246 ], [ -43.296255870273825, -22.649602068930516 ], [ -43.293488296553072, -22.669618809823994 ], [ -43.292481324954373, -22.668033800739646 ] ], [ [ -43.292581950592044, -22.641929797069796 ], [ -43.292588361616389, -22.641998654562087 ], [ -43.292540440440412, -22.642051552064082 ], [ -43.292466258632288, -22.642057502907178 ], [ -43.29240927095266, -22.642013021167141 ], [ -43.292402860018001, -22.641944163673255 ], [ -43.292450781203542, -22.641891266212689 ], [ -43.292524962921981, -22.64188531537118 ], [ -43.292581950592044, -22.641929797069796 ] ] ], [ [ [ -43.238472612237231, -22.641539994881953 ], [ -43.225732264994697, -22.623363607418771 ], [ -43.238472587362963, -22.641540006163854 ], [ -43.238472612237231, -22.641539994881953 ] ] ] ] } },
{ "type": "Feature", "properties": { "area_id": "ENEL_RJ:SEB", "potencia_nominal_mva": 0.0, "n_trafos": 0, "origem": "semente", "profundidade": 1, "recorte_ignorado": false, "geometria_vazia": false, "area_km2": 0.0, "lat_sub": -22.484957, "lon_sub": -44.534455, "classificacao": "Transporte/manobra", "area_mae": null, "distribuidora": "ENEL RJ", "cod_sub": "SEB", "nome": "SEB DO BRASIL PRODUTOS DOMES", "lat_rep": -22.484957, "lon_rep": -44.534455, "capacidade_mmgd_bdgd_kw": 0.0, "capacidade_homologada_localizada_kw": 0.0, "capacidade_lag_kw": 0.0, "pot_sem_homologacao_kw": 0.0, "n_unidades": 0.0, "n_sem_homologacao": 0.0, "capacidade_mmgd_kw": 0.0, "fonte": null, "fator_correcao": null, "capacidade_mmgd_corrigida_kw": 0.0 }, "geometry": { "type": "Polygon", "coordinates": [ [ [ -44.534358099651648, -22.484965232343257 ], [ -44.534392984107939, -22.485026302032466 ], [ -44.534464119453439, -22.48504656182131 ], [ -44.534529835515706, -22.485014143783271 ], [ -44.534551636680654, -22.484948037988541 ], [ -44.534516752173033, -22.48488696833223 ], [ -44.534445616900513, -22.484866708567463 ], [ -44.534379900889569, -22.484899126572611 ], [ -44.534358099651648, -22.484965232343257 ] ] ] } },
{ "type": "Feature", "properties": { "area_id": "ENEL_RJ:SEC", "potencia_nominal_mva": 7.5, "n_trafos": 602, "origem": "fecho_trafos", "profundidade": 0, "recorte_ignorado": false, "geometria_vazia": false, "area_km2": 126.28, "lat_sub": -22.338739, "lon_sub": -43.18844, "classificacao": "Distribuição plena", "area_mae": null, "distribuidora": "ENEL RJ", "cod_sub": "SEC", "nome": "Secretario", "lat_rep": -22.327472, "lon_rep": -43.195791, "capacidade_mmgd_bdgd_kw": 601.0, "capacidade_homologada_localizada_kw": 2979.86, "capacidade_lag_kw": 342.244, "pot_sem_homologacao_kw": 0.0, "n_unidades": 338.859, "n_sem_homologacao": 0.0, "capacidade_mmgd_kw": 3322.104, "fonte": "Solar FV", "fator_correcao": null, "capacidade_mmgd_corrigida_kw": 3322.104 }, "geometry": { "type": "Polygon", "coordinates": [ [ [ -43.302674093403816, -22.383828943103033 ], [ -43.300815112895265, -22.365428994503102 ], [ -43.300364121526236, -22.363980489545618 ], [ -43.3005918886318, -22.363219336994138 ], [ -43.299716395086421, -22.354552552126577 ], [ -43.295220304866625, -22.356090668980567 ], [ -43.28033333989525, -22.356122432764504 ], [ -43.265870905191164, -22.345965069127615 ], [ -43.266264441324267, -22.344843092279682 ], [ -43.267793026040252, -22.338141940823558 ], [ -43.266786293254128, -22.334620231283289 ], [ -43.245567971152411, -22.320373490654454 ], [ -43.212611149873354, -22.300351059846331 ], [ -43.207542640231871, -22.297837850068742 ], [ -43.184958820963558, -22.289089521639891 ], [ -43.179608449550081, -22.285325652404257 ], [ -43.175609397509852, -22.258099920474049 ], [ -43.17411861112317, -22.261987831947398 ], [ -43.168512553045083, -22.267945832518699 ], [ -43.154972014284894, -22.277466839470996 ], [ -43.148694758851143, -22.27503321991037 ], [ -43.106463602843654, -22.30743742141507 ], [ -43.107217835219267, -22.308671976793516 ], [ -43.112712722444769, -22.314347449732228 ], [ -43.13123514323825, -22.320368050215983 ], [ -43.143072949290989, -22.344011197448772 ], [ -43.158193442042219, -22.35631135547796 ], [ -43.17339692870555, -22.385374835513574 ], [ -43.187448532458269, -22.387615798285797 ], [ -43.194980192166987, -22.384843263975945 ], [ -43.195780993357829, -22.385387389972784 ], [ -43.208783578402695, -22.386702968607782 ], [ -43.250432867581672, -22.375654975882732 ], [ -43.257721359631773, -22.361728450344327 ], [ -43.269540638067085, -22.357370327041853 ], [ -43.284609120668712, -22.364431174399936 ], [ -43.290125965168755, -22.369959862790225 ], [ -43.302674093403816, -22.383828943103033 ] ] ] } },
{ "type": "Feature", "properties": { "area_id": "ENEL_RJ:SER", "potencia_nominal_mva": 2.5, "n_trafos": 853, "origem": "fecho_trafos", "profundidade": 1, "recorte_ignorado": false, "geometria_vazia": false, "area_km2": 697.103, "lat_sub": -21.990619, "lon_sub": -41.718307, "classificacao": "Distribuição plena", "area_mae": null, "distribuidora": "ENEL RJ", "cod_sub": "SER", "nome": "Serrinha", "lat_rep": -21.903756, "lon_rep": -41.670979, "capacidade_mmgd_bdgd_kw": 71.3, "capacidade_homologada_localizada_kw": 530.2, "capacidade_lag_kw": 76.334, "pot_sem_homologacao_kw": 0.0, "n_unidades": 44.355, "n_sem_homologacao": 0.0, "capacidade_mmgd_kw": 606.534, "fonte": "Solar FV", "fator_correcao": null, "capacidade_mmgd_corrigida_kw": 606.534 }, "geometry": { "type": "Polygon", "coordinates": [ [ [ -41.93078881096875, -21.831499659260242 ], [ -41.911544406945247, -21.830483770511506 ], [ -41.912267225817168, -21.832193463886306 ], [ -41.915411999685325, -21.85137443904754 ], [ -41.912913357856027, -21.853689794470672 ], [ -41.898987193568423, -21.855818725639647 ], [ -41.897215310559865, -21.855501839344544 ], [ -41.836429113323121, -21.826497006197602 ], [ -41.749589098053704, -21.821845247458921 ], [ -41.61676824157373, -21.76863949059079 ], [ -41.613730048873208, -21.772245535913846 ], [ -41.60378901690936, -21.77198367623496 ], [ -41.601209901893704, -21.833436143040991 ], [ -41.520016976016883, -21.959187541265095 ], [ -41.545375353836782, -21.983005384654266 ], [ -41.574877678029715, -22.006874992994824 ], [ -41.560571961105197, -22.014195738958911 ], [ -41.58799739241929, -22.017485813450705 ], [ -41.616908268752987, -22.040859474522357 ], [ -41.624496570003323, -22.042860122487696 ], [ -41.640861575392293, -22.045520515967546 ], [ -41.668809632448593, -22.04443712931052 ], [ -41.681962962151147, -22.04898082738141 ], [ -41.683297743347211, -22.043873584862418 ], [ -41.692774039314138, -22.04350428542848 ], [ -41.781029499504456, -22.031927288786786 ], [ -41.786956379185121, -22.021147844163167 ], [ -41.784200898485146, -21.884821308323577 ], [ -41.793983512380066, -21.87950714976709 ], [ -41.797461598048862, -21.877886404085192 ], [ -41.867878904455928, -21.928814382407555 ], [ -41.927107683255855, -21.84282215693457 ], [ -41.93078881096875, -21.831499659260242 ] ] ] } },
{ "type": "Feature", "properties": { "area_id": "ENEL_RJ:SEV", "potencia_nominal_mva": 0.0, "n_trafos": 0, "origem": "semente", "profundidade": 1, "recorte_ignorado": false, "geometria_vazia": false, "area_km2": 0.0, "lat_sub": -22.304221, "lon_sub": -41.885555, "classificacao": "Transporte/manobra", "area_mae": null, "distribuidora": "ENEL RJ", "cod_sub": "SEV", "nome": "Severina", "lat_rep": -22.304221, "lon_rep": -41.885555, "capacidade_mmgd_bdgd_kw": 0.0, "capacidade_homologada_localizada_kw": 0.0, "capacidade_lag_kw": 0.0, "pot_sem_homologacao_kw": 0.0, "n_unidades": 0.0, "n_sem_homologacao": 0.0, "capacidade_mmgd_kw": 0.0, "fonte": null, "fator_correcao": null, "capacidade_mmgd_corrigida_kw": 0.0 }, "geometry": { "type": "Polygon", "coordinates": [ [ [ -41.885458587291971, -22.304227594252385 ], [ -41.885492228338514, -22.304289147895854 ], [ -41.885562791169754, -22.304310537872215 ], [ -41.885628940990031, -22.304279234200791 ], [ -41.88565192808899, -22.304213574166599 ], [ -41.885618286981654, -22.304152020549886 ], [ -41.885547724215371, -22.304130630605545 ], [ -41.885481574455895, -22.30416193425021 ], [ -41.885458587291971, -22.304227594252385 ] ] ] } },
{ "type": "Feature", "properties": { "area_id": "ENEL_RJ:SIMPLICIO", "potencia_nominal_mva": 0.0, "n_trafos": 0, "origem": "semente", "profundidade": 0, "recorte_ignorado": true, "geometria_vazia": false, "area_km2": 0.0, "lat_sub": -21.92163, "lon_sub": -42.791641, "classificacao": "Transporte/manobra", "area_mae": null, "distribuidora": "ENEL RJ", "cod_sub": "SIMPLICIO", "nome": "FURNAS CENTRAIS ELETRICAS UHE SIMPLICIO", "lat_rep": -21.92163, "lon_rep": -42.791641, "capacidade_mmgd_bdgd_kw": 0.0, "capacidade_homologada_localizada_kw": 0.0, "capacidade_lag_kw": 0.0, "pot_sem_homologacao_kw": 0.0, "n_unidades": 0.0, "n_sem_homologacao": 0.0, "capacidade_mmgd_kw": 0.0, "fonte": null, "fator_correcao": null, "capacidade_mmgd_corrigida_kw": 0.0 }, "geometry": { "type": "Polygon", "coordinates": [ [ [ -42.791544065344326, -21.921628273204256 ], [ -42.791571401807033, -21.92169249635058 ], [ -42.791639401440285, -21.921719872786003 ], [ -42.791708230943257, -21.921694365742074 ], [ -42.791737570878411, -21.92163091691469 ], [ -42.791710234347562, -21.921566693790346 ], [ -42.791642234767977, -21.921539317388717 ], [ -42.791573405333132, -21.921564824410666 ], [ -42.791544065344326, -21.921628273204256 ] ] ] } },
{ "type": "Feature", "properties": { "area_id": "ENEL_RJ:SJA", "potencia_nominal_mva": 30.0, "n_trafos": 1188, "origem": "fecho_trafos", "profundidade": 0, "recorte_ignorado": false, "geometria_vazia": false, "area_km2": 840.232, "lat_sub": -22.649469, "lon_sub": -42.390172, "classificacao": "Distribuição plena", "area_mae": null, "distribuidora": "ENEL RJ", "cod_sub": "SJA", "nome": "Silva Jardim", "lat_rep": -22.594494, "lon_rep": -42.404196, "capacidade_mmgd_bdgd_kw": 627.49, "capacidade_homologada_localizada_kw": 3374.89, "capacidade_lag_kw": 607.817, "pot_sem_homologacao_kw": 0.0, "n_unidades": 448.4, "n_sem_homologacao": 0.0, "capacidade_mmgd_kw": 3982.707, "fonte": "Solar FV", "fator_correcao": null, "capacidade_mmgd_corrigida_kw": 3982.707 }, "geometry": { "type": "MultiPolygon", "coordinates": [ [ [ [ -42.534369569955288, -22.682222814113409 ], [ -42.518153725657079, -22.68887487629609 ], [ -42.518153648814682, -22.688875020763593 ], [ -42.534369569955288, -22.682222814113409 ] ] ], [ [ [ -42.534369569955288, -22.682222814113409 ], [ -42.534530882038524, -22.6821566406852 ], [ -42.534530902853874, -22.682156631022632 ], [ -42.534369569955288, -22.682222814113409 ] ] ], [ [ [ -42.452724085551658, -22.467695789855668 ], [ -42.451135916493051, -22.467229774149718 ], [ -42.358359314527675, -22.469235315215204 ], [ -42.337143364614732, -22.451810314842973 ], [ -42.280330548464356, -22.411353624428642 ], [ -42.235768498260718, -22.411193352918783 ], [ -42.208268684160522, -22.422061304069345 ], [ -42.201869826059529, -22.41906269588139 ], [ -42.186927727339402, -22.41100355995604 ], [ -42.169534831835193, -22.410932401604711 ], [ -42.151905567081869, -22.415076834527621 ], [ -42.139179807920527, -22.423093877333628 ], [ -42.161278116451257, -22.451903830813322 ], [ -42.177221859295166, -22.453027546773907 ], [ -42.21037613558709, -22.47813201924582 ], [ -42.239443678386586, -22.501607063166674 ], [ -42.246544213411454, -22.526630637400743 ], [ -42.222092204576612, -22.531117730577343 ], [ -42.229865907619342, -22.541235964165828 ], [ -42.247037588204613, -22.542063066520534 ], [ -42.286191893662263, -22.614478993744793 ], [ -42.3223337451129, -22.661461634886184 ], [ -42.304672989956565, -22.720379101836325 ], [ -42.354904524291797, -22.716021084435063 ], [ -42.395869308258234, -22.755443514010384 ], [ -42.398258209123931, -22.759739929095403 ], [ -42.397965764298412, -22.761297616158043 ], [ -42.427970927310156, -22.770763238462795 ], [ -42.484617940505814, -22.754710703616496 ], [ -42.503368071440519, -22.694940407920875 ], [ -42.503368495300961, -22.694940072156726 ], [ -42.518153725657079, -22.68887487629609 ], [ -42.542395156012176, -22.643299790554998 ], [ -42.54642071648744, -22.623398694155501 ], [ -42.529994126834616, -22.609953958498568 ], [ -42.538388655584605, -22.583132733165151 ], [ -42.452724085551658, -22.467695789855668 ] ] ], [ [ [ -42.286191893662263, -22.614478993744793 ], [ -42.246795433082589, -22.563265519742664 ], [ -42.286225391240592, -22.614540947549514 ], [ -42.286191893662263, -22.614478993744793 ] ] ] ] } },
{ "type": "Feature", "properties": { "area_id": "ENEL_RJ:SJB", "potencia_nominal_mva": 0.0, "n_trafos": 0, "origem": "semente", "profundidade": 1, "recorte_ignorado": false, "geometria_vazia": false, "area_km2": 0.0, "lat_sub": -21.637218, "lon_sub": -41.050869, "classificacao": "Transporte/manobra", "area_mae": null, "distribuidora": "ENEL RJ", "cod_sub": "SJB", "nome": "Sao Joao da Barra", "lat_rep": -21.637218, "lon_rep": -41.050869, "capacidade_mmgd_bdgd_kw": 0.0, "capacidade_homologada_localizada_kw": 0.0, "capacidade_lag_kw": 0.0, "pot_sem_homologacao_kw": 0.0, "n_unidades": 0.0, "n_sem_homologacao": 0.0, "capacidade_mmgd_kw": 0.0, "fonte": null, "fator_correcao": null, "capacidade_mmgd_corrigida_kw": 0.0 }, "geometry": { "type": "Polygon", "coordinates": [ [ [ -41.050772700848128, -21.637224587399967 ], [ -41.050805842286053, -21.637286246756545 ], [ -41.050875910104189, -21.637307936373919 ], [ -41.050941859482329, -21.637276950744578 ], [ -41.050965058125726, -21.637211440846695 ], [ -41.050931916626041, -21.637149781513894 ], [ -41.050861848867896, -21.637128091930247 ], [ -41.050795899551517, -21.637159077535809 ], [ -41.050772700848128, -21.637224587399967 ] ] ] } },
{ "type": "Feature", "properties": { "area_id": "ENEL_RJ:SJS", "potencia_nominal_mva": 0.0, "n_trafos": 0, "origem": "semente", "profundidade": 2, "recorte_ignorado": false, "geometria_vazia": false, "area_km2": 0.0, "lat_sub": -22.749151, "lon_sub": -43.332562, "classificacao": "Transporte/manobra", "area_mae": null, "distribuidora": "ENEL RJ", "cod_sub": "SJS", "nome": "Soo Josi", "lat_rep": -22.749151, "lon_rep": -43.332562, "capacidade_mmgd_bdgd_kw": 0.0, "capacidade_homologada_localizada_kw": 0.0, "capacidade_lag_kw": 0.0, "pot_sem_homologacao_kw": 0.0, "n_unidades": 0.0, "n_sem_homologacao": 0.0, "capacidade_mmgd_kw": 0.0, "fonte": null, "fator_correcao": null, "capacidade_mmgd_corrigida_kw": 0.0 }, "geometry": { "type": "Polygon", "coordinates": [ [ [ -43.332466106256142, -22.749167367653623 ], [ -43.332506821720138, -22.749225254284614 ], [ -43.332579743865864, -22.749239483621103 ], [ -43.332642155832694, -22.749201720295595 ], [ -43.332657497507213, -22.749134085577076 ], [ -43.332616782001409, -22.749076198981697 ], [ -43.332543859936202, -22.749061969666801 ], [ -43.332481448011187, -22.749099732956683 ], [ -43.332466106256142, -22.749167367653623 ] ] ] } },
{ "type": "Feature", "properties": { "area_id": "ENEL_RJ:SLR", "potencia_nominal_mva": 99.9, "n_trafos": 1117, "origem": "fecho_trafos", "profundidade": 0, "recorte_ignorado": false, "geometria_vazia": false, "area_km2": 9.038, "lat_sub": -22.888903, "lon_sub": -43.113567, "classificacao": "Distribuição plena", "area_mae": null, "distribuidora": "ENEL RJ", "cod_sub": "SLR", "nome": "Sao Lourenco", "lat_rep": -22.882614, "lon_rep": -43.112788, "capacidade_mmgd_bdgd_kw": 2099.88, "capacidade_homologada_localizada_kw": 4305.57, "capacidade_lag_kw": 610.971, "pot_sem_homologacao_kw": 0.0, "n_unidades": 484.283, "n_sem_homologacao": 0.0, "capacidade_mmgd_kw": 4916.541, "fonte": "Solar FV", "fator_correcao": null, "capacidade_mmgd_corrigida_kw": 4916.541 }, "geometry": { "type": "MultiPolygon", "coordinates": [ [ [ [ -43.129941711120701, -22.896260530712595 ], [ -43.12512855564124, -22.895057147476727 ], [ -43.130004941782047, -22.897672254145739 ], [ -43.129941711120701, -22.896260530712595 ] ] ], [ [ [ -43.126517730583764, -22.874472055723405 ], [ -43.124111792133704, -22.87512815750171 ], [ -43.122622440787211, -22.872675955711603 ], [ -43.114904904712006, -22.868168369594308 ], [ -43.113729735157968, -22.868207714849621 ], [ -43.103703678894533, -22.873524039536047 ], [ -43.103524411573829, -22.873353040755021 ], [ -43.103450883538081, -22.873658070493445 ], [ -43.093150994303727, -22.879118439806327 ], [ -43.092103428644322, -22.88031521407618 ], [ -43.092129128593569, -22.880831402991234 ], [ -43.092733082083285, -22.883910314443444 ], [ -43.089082131787627, -22.884971646269783 ], [ -43.094126608050317, -22.889532080855187 ], [ -43.095290410617487, -22.89111564344859 ], [ -43.095145475837114, -22.890779352929862 ], [ -43.095039113881647, -22.889539922827698 ], [ -43.107506034419949, -22.897118459143712 ], [ -43.121781822766735, -22.893455320494429 ], [ -43.123686065277404, -22.8942835265842 ], [ -43.124932563737929, -22.894952035935582 ], [ -43.134199982820498, -22.881299984732113 ], [ -43.126517730583764, -22.874472055723405 ] ] ] ] } },
{ "type": "Feature", "properties": { "area_id": "ENEL_RJ:SOLUCIA", "potencia_nominal_mva": 0.0, "n_trafos": 0, "origem": "semente", "profundidade": 1, "recorte_ignorado": false, "geometria_vazia": false, "area_km2": 0.0, "lat_sub": -22.450976, "lon_sub": -44.397574, "classificacao": "Transporte/manobra", "area_mae": null, "distribuidora": "ENEL RJ", "cod_sub": "SOLUCIA", "nome": "SOLUCIA SA", "lat_rep": -22.450976, "lon_rep": -44.397574, "capacidade_mmgd_bdgd_kw": 0.0, "capacidade_homologada_localizada_kw": 0.0, "capacidade_lag_kw": 0.0, "pot_sem_homologacao_kw": 0.0, "n_unidades": 0.0, "n_sem_homologacao": 0.0, "capacidade_mmgd_kw": 0.0, "fonte": null, "fator_correcao": null, "capacidade_mmgd_corrigida_kw": 0.0 }, "geometry": { "type": "Polygon", "coordinates": [ [ [ -44.397476969620726, -22.450984124206833 ], [ -44.397511785236233, -22.451045222392938 ], [ -44.397582882055595, -22.451065541892167 ], [ -44.397648612474825, -22.451033179800177 ], [ -44.397670472469407, -22.450967093414494 ], [ -44.397635656802144, -22.450905995260936 ], [ -44.397564560055251, -22.450885675786179 ], [ -44.397498829687777, -22.450918037845621 ], [ -44.397476969620726, -22.450984124206833 ] ] ] } },
{ "type": "Feature", "properties": { "area_id": "ENEL_RJ:SPA", "potencia_nominal_mva": 87.5, "n_trafos": 1606, "origem": "fecho_trafos", "profundidade": 0, "recorte_ignorado": false, "geometria_vazia": false, "area_km2": 232.266, "lat_sub": -22.824291, "lon_sub": -42.109876, "classificacao": "Distribuição plena", "area_mae": null, "distribuidora": "ENEL RJ", "cod_sub": "SPA", "nome": "Sao Pedro da Aldeia", "lat_rep": -22.783805, "lon_rep": -42.115716, "capacidade_mmgd_bdgd_kw": 3011.44, "capacidade_homologada_localizada_kw": 14233.82, "capacidade_lag_kw": 3137.49, "pot_sem_homologacao_kw": 0.0, "n_unidades": 2356.352, "n_sem_homologacao": 0.0, "capacidade_mmgd_kw": 17371.31, "fonte": "Solar FV", "fator_correcao": null, "capacidade_mmgd_corrigida_kw": 17371.31 }, "geometry": { "type": "Polygon", "coordinates": [ [ [ -42.187288557725125, -22.800386671045036 ], [ -42.187320612725266, -22.79959181836745 ], [ -42.174382109868056, -22.728339309573183 ], [ -42.154135250641914, -22.709448266664172 ], [ -42.142146770626915, -22.701344698232251 ], [ -42.119416561284474, -22.693874661646081 ], [ -42.100309092383064, -22.705335548792338 ], [ -42.099670579280996, -22.704709343636665 ], [ -42.076987153064323, -22.714962122725058 ], [ -42.076616695561739, -22.715770981991845 ], [ -42.072188388904728, -22.722194600980298 ], [ -42.049084645357595, -22.736038658470523 ], [ -42.038579065410019, -22.767884395028197 ], [ -42.067213905834635, -22.81917338841998 ], [ -42.069907088275727, -22.843565818405622 ], [ -42.06965478428458, -22.848846736136519 ], [ -42.091963001686601, -22.863471384402303 ], [ -42.104731063243193, -22.88631337188064 ], [ -42.167160516628279, -22.902539764849365 ], [ -42.170945280884823, -22.852107706088795 ], [ -42.156537367272769, -22.849750863130392 ], [ -42.154984941562915, -22.848967488973564 ], [ -42.172418747094063, -22.832455636199278 ], [ -42.174271258452166, -22.80773545583877 ], [ -42.175294135614863, -22.806984155063518 ], [ -42.177522920503336, -22.805683250328293 ], [ -42.187288557725125, -22.800386671045036 ] ] ] } },
{ "type": "Feature", "properties": { "area_id": "ENEL_RJ:SPICE", "potencia_nominal_mva": 0.0, "n_trafos": 0, "origem": "semente", "profundidade": 1, "recorte_ignorado": false, "geometria_vazia": false, "area_km2": 0.0, "lat_sub": -22.463801, "lon_sub": -44.47138, "classificacao": "Transporte/manobra", "area_mae": null, "distribuidora": "ENEL RJ", "cod_sub": "SPICE", "nome": "SPICE INDUSTRIA QUIMICA LTDA", "lat_rep": -22.463801, "lon_rep": -44.47138, "capacidade_mmgd_bdgd_kw": 0.0, "capacidade_homologada_localizada_kw": 0.0, "capacidade_lag_kw": 0.0, "pot_sem_homologacao_kw": 0.0, "n_unidades": 0.0, "n_sem_homologacao": 0.0, "capacidade_mmgd_kw": 0.0, "fonte": null, "fator_correcao": null, "capacidade_mmgd_corrigida_kw": 0.0 }, "geometry": { "type": "Polygon", "coordinates": [ [ [ -44.471283208571002, -22.463809686197656 ], [ -44.47131805998206, -22.463870769087318 ], [ -44.471389174825191, -22.463891056386366 ], [ -44.471454894938155, -22.463858664053046 ], [ -44.471476722333882, -22.463792567099965 ], [ -44.47144187087131, -22.463731484243027 ], [ -44.471370756100903, -22.463711196968244 ], [ -44.471305036039453, -22.463743589268834 ], [ -44.471283208571002, -22.463809686197656 ] ] ] } },
{ "type": "Feature", "properties": { "area_id": "ENEL_RJ:SPT", "potencia_nominal_mva": 66.6, "n_trafos": 1444, "origem": "fecho_trafos", "profundidade": 0, "recorte_ignorado": false, "geometria_vazia": false, "area_km2": 21.27, "lat_sub": -22.857205, "lon_sub": -43.081979, "classificacao": "Distribuição plena", "area_mae": null, "distribuidora": "ENEL RJ", "cod_sub": "SPT", "nome": "Sete Pontes", "lat_rep": -22.863816, "lon_rep": -43.074693, "capacidade_mmgd_bdgd_kw": 2631.4, "capacidade_homologada_localizada_kw": 6126.12, "capacidade_lag_kw": 1010.869, "pot_sem_homologacao_kw": 0.0, "n_unidades": 981.725, "n_sem_homologacao": 0.0, "capacidade_mmgd_kw": 7136.989, "fonte": "Solar FV", "fator_correcao": null, "capacidade_mmgd_corrigida_kw": 7136.989 }, "geometry": { "type": "MultiPolygon", "coordinates": [ [ [ [ -43.071711966292206, -22.883229725842614 ], [ -43.071711980650974, -22.883229743470839 ], [ -43.071711982446651, -22.883229742081898 ], [ -43.071711966292206, -22.883229725842614 ] ] ], [ [ [ -43.071711966292185, -22.88322972584259 ], [ -43.070655111716576, -22.882056678808532 ], [ -43.071711966292199, -22.883229725842607 ], [ -43.071711966292185, -22.88322972584259 ] ] ], [ [ [ -43.102517410682715, -22.877549097496388 ], [ -43.101609961727405, -22.881330070672689 ], [ -43.101609961727405, -22.881330070672696 ], [ -43.102517410682715, -22.877549097496388 ] ] ], [ [ [ -43.082062033735539, -22.835072265718182 ], [ -43.082062599384003, -22.835072337738605 ], [ -43.079669108202722, -22.834044263370227 ], [ -43.078223818059712, -22.833930203969558 ], [ -43.077062906569829, -22.833875464344924 ], [ -43.069887520824409, -22.83417263316602 ], [ -43.067381777011065, -22.837264686233606 ], [ -43.059711616434015, -22.838562293429106 ], [ -43.056686867691909, -22.838841729465653 ], [ -43.051612045855883, -22.839098368426011 ], [ -43.046850254573172, -22.839272715468265 ], [ -43.040705355211578, -22.837846984465749 ], [ -43.040446559661596, -22.83788479850292 ], [ -43.041061249154687, -22.84919871979044 ], [ -43.066384534128666, -22.877316329603243 ], [ -43.063937700099657, -22.879323057327539 ], [ -43.064273754927065, -22.87942202584393 ], [ -43.065006547201286, -22.879278692055358 ], [ -43.06859196520606, -22.87976681873802 ], [ -43.06973084776957, -22.881030778457443 ], [ -43.085970005438675, -22.88580983329733 ], [ -43.087658693667066, -22.885385329732255 ], [ -43.094753479829855, -22.883323263435884 ], [ -43.092733242066778, -22.883909600417088 ], [ -43.092129134439467, -22.880831432779924 ], [ -43.092103445020939, -22.880315463272183 ], [ -43.093150878842366, -22.879118570195956 ], [ -43.1034507787178, -22.873659866676746 ], [ -43.103874103410817, -22.871895836277439 ], [ -43.103874103410817, -22.871895836277432 ], [ -43.103524651429936, -22.873351721533879 ], [ -43.09818318593689, -22.868228638811534 ], [ -43.092596195538455, -22.859900794875646 ], [ -43.082061283249317, -22.835073487422164 ], [ -43.082061521704844, -22.835072499877985 ], [ -43.082062033735539, -22.835072265718182 ] ] ], [ [ [ -43.08208331323501, -22.835081234732094 ], [ -43.082093517787783, -22.835085617780468 ], [ -43.08209351778779, -22.835085617780468 ], [ -43.08208331323501, -22.835081234732094 ] ] ], [ [ [ -43.08208331323501, -22.835081234732094 ], [ -43.082062599384017, -22.835072337738609 ], [ -43.082062599384003, -22.835072337738605 ], [ -43.08208331323501, -22.835081234732094 ] ] ] ] } },
{ "type": "Feature", "properties": { "area_id": "ENEL_RJ:SRO", "potencia_nominal_mva": 0.0, "n_trafos": 0, "origem": "semente", "profundidade": 1, "recorte_ignorado": false, "geometria_vazia": false, "area_km2": 0.0, "lat_sub": -23.07182, "lon_sub": -44.697245, "classificacao": "Transporte/manobra", "area_mae": null, "distribuidora": "ENEL RJ", "cod_sub": "SRO", "nome": "Sao Roque", "lat_rep": -23.07182, "lon_rep": -44.697245, "capacidade_mmgd_bdgd_kw": 0.0, "capacidade_homologada_localizada_kw": 0.0, "capacidade_lag_kw": 0.0, "pot_sem_homologacao_kw": 0.0, "n_unidades": 0.0, "n_sem_homologacao": 0.0, "capacidade_mmgd_kw": 0.0, "fonte": null, "fator_correcao": null, "capacidade_mmgd_corrigida_kw": 0.0 }, "geometry": { "type": "Polygon", "coordinates": [ [ [ -44.697148044283445, -23.07182889764216 ], [ -44.697183147228365, -23.071889930208478 ], [ -44.697254611283377, -23.07191012030011 ], [ -44.697320573720411, -23.071877640818101 ], [ -44.697342394601641, -23.071811517826642 ], [ -44.697307291604339, -23.071750485294555 ], [ -44.697235827625214, -23.071730295227155 ], [ -44.697169865240554, -23.071762774674934 ], [ -44.697148044283445, -23.07182889764216 ] ] ] } },
{ "type": "Feature", "properties": { "area_id": "ENEL_RJ:TAG", "potencia_nominal_mva": 12.5, "n_trafos": 774, "origem": "fecho_trafos", "profundidade": 0, "recorte_ignorado": false, "geometria_vazia": false, "area_km2": 240.785, "lat_sub": -22.752638, "lon_sub": -42.719775, "classificacao": "Distribuição plena", "area_mae": null, "distribuidora": "ENEL RJ", "cod_sub": "TAG", "nome": "Tangua", "lat_rep": -22.792556, "lon_rep": -42.708675, "capacidade_mmgd_bdgd_kw": 1254.8, "capacidade_homologada_localizada_kw": 4501.99, "capacidade_lag_kw": 1027.885, "pot_sem_homologacao_kw": 0.0, "n_unidades": 739.481, "n_sem_homologacao": 0.0, "capacidade_mmgd_kw": 5529.875, "fonte": "Solar FV", "fator_correcao": null, "capacidade_mmgd_corrigida_kw": 5529.875 }, "geometry": { "type": "Polygon", "coordinates": [ [ [ -42.787129581601953, -22.697049652491938 ], [ -42.766940512381609, -22.667870416666215 ], [ -42.703991913866254, -22.668227752331585 ], [ -42.686796081090833, -22.703475941723742 ], [ -42.675855727420213, -22.704869084722745 ], [ -42.67308077976876, -22.712093329092916 ], [ -42.672498245301377, -22.713883241784217 ], [ -42.675385419781911, -22.726853442141234 ], [ -42.660590549938242, -22.757149719283557 ], [ -42.657879224328006, -22.758783466267023 ], [ -42.654050515761455, -22.770536860836252 ], [ -42.62028957292565, -22.839592724436589 ], [ -42.634039176294657, -22.852427966797531 ], [ -42.654300127616203, -22.899992269240705 ], [ -42.662885978244269, -22.894581360857856 ], [ -42.673637151381214, -22.859514840270336 ], [ -42.731723512484358, -22.847006669722003 ], [ -42.739633900297221, -22.846172194318999 ], [ -42.747228812052761, -22.84137758849932 ], [ -42.745284987780828, -22.824419180330484 ], [ -42.771474699494064, -22.8146724700952 ], [ -42.779114639958323, -22.738492495117647 ], [ -42.748130655437961, -22.700836689093961 ], [ -42.752302144602972, -22.698577837220171 ], [ -42.786840202164498, -22.69957882557576 ], [ -42.787129581601953, -22.697049652491938 ] ] ] } },
{ "type": "Feature", "properties": { "area_id": "ENEL_RJ:TAM", "potencia_nominal_mva": 58.3, "n_trafos": 1870, "origem": "fecho_trafos", "profundidade": 0, "recorte_ignorado": false, "geometria_vazia": false, "area_km2": 222.753, "lat_sub": -22.623542, "lon_sub": -42.004507, "classificacao": "Distribuição plena", "area_mae": null, "distribuidora": "ENEL RJ", "cod_sub": "TAM", "nome": "Tamoios", "lat_rep": -22.663662, "lon_rep": -42.048929, "capacidade_mmgd_bdgd_kw": 1793.64, "capacidade_homologada_localizada_kw": 8465.9, "capacidade_lag_kw": 1451.431, "pot_sem_homologacao_kw": 0.0, "n_unidades": 1394.277, "n_sem_homologacao": 0.0, "capacidade_mmgd_kw": 9917.331, "fonte": "Solar FV", "fator_correcao": null, "capacidade_mmgd_corrigida_kw": 9917.331 }, "geometry": { "type": "Polygon", "coordinates": [ [ [ -42.123749360850809, -22.580455953842616 ], [ -42.101785501332806, -22.557163257873309 ], [ -42.01851636467773, -22.553738376327935 ], [ -42.017978761849207, -22.554169866709699 ], [ -41.992433590952466, -22.557734226549513 ], [ -41.9901149581505, -22.556931454494297 ], [ -41.986328947717311, -22.557048663954561 ], [ -41.98247144255437, -22.559034042793431 ], [ -41.981010199316422, -22.559183584963844 ], [ -41.980192830349907, -22.559137353388518 ], [ -41.979416997213661, -22.558911034149293 ], [ -41.978432775945478, -22.55795183918768 ], [ -41.974836519253039, -22.553949987256757 ], [ -41.9792, -22.5625 ], [ -41.9914, -22.5981 ], [ -41.9979, -22.6095 ], [ -41.9997, -22.6326 ], [ -41.9975, -22.6678 ], [ -41.9942, -22.6883 ], [ -41.9876, -22.7112 ], [ -41.987286532651005, -22.711787192870332 ], [ -42.000582138123477, -22.717791514839895 ], [ -42.004970719211016, -22.718049225397351 ], [ -42.005349101206335, -22.719943905185314 ], [ -42.017722352332655, -22.725529998548403 ], [ -42.010185376620775, -22.744182343514499 ], [ -42.01734731774021, -22.780065495664807 ], [ -42.018683460562883, -22.782486392485197 ], [ -42.030630504166027, -22.772269274392301 ], [ -42.039176961475853, -22.766078088876572 ], [ -42.049084790934046, -22.736038591379348 ], [ -42.072186071856301, -22.722198047504893 ], [ -42.076616728517571, -22.715770934183105 ], [ -42.076987392097287, -22.714962018663879 ], [ -42.099670598750336, -22.704709333689191 ], [ -42.087263071623518, -22.692520139462697 ], [ -42.102354968197155, -22.659543041221738 ], [ -42.093063705604898, -22.632478853160695 ], [ -42.096763191867417, -22.618022192640815 ], [ -42.123749360850809, -22.580455953842616 ] ] ] } },
{ "type": "Feature", "properties": { "area_id": "ENEL_RJ:TAP", "potencia_nominal_mva": 0.0, "n_trafos": 0, "origem": "semente", "profundidade": 1, "recorte_ignorado": false, "geometria_vazia": false, "area_km2": 0.0, "lat_sub": -22.181567, "lon_sub": -42.106117, "classificacao": "Transporte/manobra", "area_mae": null, "distribuidora": "ENEL RJ", "cod_sub": "TAP", "nome": "Tapera", "lat_rep": -22.181567, "lon_rep": -42.106117, "capacidade_mmgd_bdgd_kw": 0.0, "capacidade_homologada_localizada_kw": 0.0, "capacidade_lag_kw": 0.0, "pot_sem_homologacao_kw": 0.0, "n_unidades": 0.0, "n_sem_homologacao": 0.0, "capacidade_mmgd_kw": 0.0, "fonte": null, "fator_correcao": null, "capacidade_mmgd_corrigida_kw": 0.0 }, "geometry": { "type": "Polygon", "coordinates": [ [ [ -42.10602010291209, -22.18157399259152 ], [ -42.106053823853628, -22.181635508683677 ], [ -42.106124373266177, -22.181656799881612 ], [ -42.106190424214446, -22.181625394068302 ], [ -42.106213284906815, -22.181559688362313 ], [ -42.10617956390567, -22.181498172297218 ], [ -42.106109014558221, -22.181476881130482 ], [ -42.106042963669559, -22.181508286916731 ], [ -42.10602010291209, -22.18157399259152 ] ] ] } },
{ "type": "Feature", "properties": { "area_id": "ENEL_RJ:TAT", "potencia_nominal_mva": 0.0, "n_trafos": 0, "origem": "semente", "profundidade": 1, "recorte_ignorado": false, "geometria_vazia": false, "area_km2": 0.0, "lat_sub": -23.04069, "lon_sub": -44.595964, "classificacao": "Transporte/manobra", "area_mae": null, "distribuidora": "ENEL RJ", "cod_sub": "TAT", "nome": "Tarituba", "lat_rep": -23.04069, "lon_rep": -44.595964, "capacidade_mmgd_bdgd_kw": 0.0, "capacidade_homologada_localizada_kw": 0.0, "capacidade_lag_kw": 0.0, "pot_sem_homologacao_kw": 0.0, "n_unidades": 0.0, "n_sem_homologacao": 0.0, "capacidade_mmgd_kw": 0.0, "fonte": null, "fator_correcao": null, "capacidade_mmgd_corrigida_kw": 0.0 }, "geometry": { "type": "Polygon", "coordinates": [ [ [ -44.59586724453726, -23.040698179202675 ], [ -44.595902293624562, -23.040759233813091 ], [ -44.595973725531472, -23.040779469365347 ], [ -44.596039696362126, -23.040747032130081 ], [ -44.596061561261607, -23.040680923423714 ], [ -44.596026512121625, -23.040619868847255 ], [ -44.595955080290196, -23.040599633319509 ], [ -44.595889109512221, -23.040632070520822 ], [ -44.59586724453726, -23.040698179202675 ] ] ] } },
{ "type": "Feature", "properties": { "area_id": "ENEL_RJ:TECAB", "potencia_nominal_mva": 0.0, "n_trafos": 0, "origem": "semente", "profundidade": 2, "recorte_ignorado": false, "geometria_vazia": false, "area_km2": 0.0, "lat_sub": -22.28979, "lon_sub": -41.727108, "classificacao": "Transporte/manobra", "area_mae": "ENEL_RJ:CAB", "distribuidora": "ENEL RJ", "cod_sub": "TECAB", "nome": "PETROBRAS TECAB", "lat_rep": -22.28979, "lon_rep": -41.727108, "capacidade_mmgd_bdgd_kw": 0.0, "capacidade_homologada_localizada_kw": 0.0, "capacidade_lag_kw": 0.0, "pot_sem_homologacao_kw": 0.0, "n_unidades": 0.0, "n_sem_homologacao": 0.0, "capacidade_mmgd_kw": 0.0, "fonte": null, "fator_correcao": null, "capacidade_mmgd_corrigida_kw": 0.0 }, "geometry": { "type": "Polygon", "coordinates": [ [ [ -41.727012379669567, -22.289805962583312 ], [ -41.727052268140994, -22.289864182500143 ], [ -41.727124710626967, -22.289879101776631 ], [ -41.727187271248809, -22.289841980884184 ], [ -41.727203302808952, -22.289774564760783 ], [ -41.72716341428994, -22.289716344876148 ], [ -41.727090971879136, -22.289701425626369 ], [ -41.727028411304879, -22.28973854648661 ], [ -41.727012379669567, -22.289805962583312 ] ] ] } },
{ "type": "Feature", "properties": { "area_id": "ENEL_RJ:TECAM", "potencia_nominal_mva": 0.0, "n_trafos": 0, "origem": "semente", "profundidade": 1, "recorte_ignorado": false, "geometria_vazia": false, "area_km2": 0.0, "lat_sub": -22.7125, "lon_sub": -43.253529, "classificacao": "Transporte/manobra", "area_mae": null, "distribuidora": "ENEL RJ", "cod_sub": "TECAM", "nome": "PETROBRAS DTSE TECAM", "lat_rep": -22.7125, "lon_rep": -43.253529, "capacidade_mmgd_bdgd_kw": 0.0, "capacidade_homologada_localizada_kw": 0.0, "capacidade_lag_kw": 0.0, "pot_sem_homologacao_kw": 0.0, "n_unidades": 0.0, "n_sem_homologacao": 0.0, "capacidade_mmgd_kw": 0.0, "fonte": null, "fator_correcao": null, "capacidade_mmgd_corrigida_kw": 0.0 }, "geometry": { "type": "Polygon", "coordinates": [ [ [ -43.253432312715717, -22.712507939909749 ], [ -43.253466670202087, -22.712569263812263 ], [ -43.253537704436866, -22.712590087351025 ], [ -43.253603804478708, -22.71255821235945 ], [ -43.253626249779529, -22.71249231079678 ], [ -43.253591892236251, -22.712430986924751 ], [ -43.253520858071923, -22.712410163414315 ], [ -43.253454758086995, -22.7124420383754 ], [ -43.253432312715717, -22.712507939909749 ] ] ] } },
{ "type": "Feature", "properties": { "area_id": "ENEL_RJ:TECHNIP", "potencia_nominal_mva": 0.0, "n_trafos": 0, "origem": "semente", "profundidade": 1, "recorte_ignorado": false, "geometria_vazia": false, "area_km2": 0.0, "lat_sub": -21.870552, "lon_sub": -41.01973, "classificacao": "Transporte/manobra", "area_mae": null, "distribuidora": "ENEL RJ", "cod_sub": "TECHNIP", "nome": "FLEXIBRAS TUBOS FLEXIVEIS LT", "lat_rep": -21.870552, "lon_rep": -41.01973, "capacidade_mmgd_bdgd_kw": 0.0, "capacidade_homologada_localizada_kw": 0.0, "capacidade_lag_kw": 0.0, "pot_sem_homologacao_kw": 0.0, "n_unidades": 0.0, "n_sem_homologacao": 0.0, "capacidade_mmgd_kw": 0.0, "fonte": null, "fator_correcao": null, "capacidade_mmgd_corrigida_kw": 0.0 }, "geometry": { "type": "Polygon", "coordinates": [ [ [ -41.019633815700629, -21.870558853733556 ], [ -41.01966697919967, -21.870620524136513 ], [ -41.019737147707303, -21.870642242991252 ], [ -41.019803217420232, -21.870611287663163 ], [ -41.019826485552628, -21.870545791380557 ], [ -41.019793321990996, -21.870484121001677 ], [ -41.019723153544142, -21.870462402181019 ], [ -41.019657083893811, -21.870493357485035 ], [ -41.019633815700629, -21.870558853733556 ] ] ] } },
{ "type": "Feature", "properties": { "area_id": "ENEL_RJ:TER", "potencia_nominal_mva": 113.3, "n_trafos": 3810, "origem": "fecho_trafos", "profundidade": 0, "recorte_ignorado": false, "geometria_vazia": false, "area_km2": 762.055, "lat_sub": -22.401055, "lon_sub": -42.954536, "classificacao": "Distribuição plena", "area_mae": null, "distribuidora": "ENEL RJ", "cod_sub": "TER", "nome": "Teresopolis", "lat_rep": -22.284139, "lon_rep": -42.889913, "capacidade_mmgd_bdgd_kw": 2574.22, "capacidade_homologada_localizada_kw": 13859.33, "capacidade_lag_kw": 1688.159, "pot_sem_homologacao_kw": 0.0, "n_unidades": 1352.091, "n_sem_homologacao": 0.0, "capacidade_mmgd_kw": 15547.489, "fonte": "Solar FV", "fator_correcao": null, "capacidade_mmgd_corrigida_kw": 15547.489 }, "geometry": { "type": "MultiPolygon", "coordinates": [ [ [ [ -43.029491945973973, -22.339859722680757 ], [ -43.028472372956564, -22.335373090153443 ], [ -43.029008819646954, -22.324345428824124 ], [ -43.026313396549916, -22.314911650290192 ], [ -42.930885960992576, -22.108388598720452 ], [ -42.930885951081841, -22.108388579815241 ], [ -42.913843694071787, -22.111426253114082 ], [ -42.910808299991388, -22.100683516239737 ], [ -42.910808276282978, -22.100683515304372 ], [ -42.79600179905691, -22.101555850046871 ], [ -42.872871522570833, -22.100980970237224 ], [ -42.869866156108046, -22.140141855013127 ], [ -42.866597420330073, -22.144144604987215 ], [ -42.865728386803667, -22.144575614405635 ], [ -42.852315605440218, -22.149528310230828 ], [ -42.807783288828745, -22.147174500967051 ], [ -42.780904563823583, -22.143713804861036 ], [ -42.758024319623203, -22.132249079007181 ], [ -42.732197108747705, -22.112831091623235 ], [ -42.723985061917013, -22.102061803515689 ], [ -42.715384531939371, -22.102120100367202 ], [ -42.713459627970238, -22.104701408340908 ], [ -42.712777005684757, -22.119368361921811 ], [ -42.711897520245017, -22.121633912956703 ], [ -42.692430315893297, -22.132893590333033 ], [ -42.681447724679352, -22.147611013864264 ], [ -42.691285213283734, -22.174423558598289 ], [ -42.774307116823437, -22.213580957533495 ], [ -42.800680686798096, -22.239877674868318 ], [ -42.802213684492948, -22.244544831524692 ], [ -42.798343816523399, -22.263675666107876 ], [ -42.797561280201435, -22.265321538446422 ], [ -42.794449365992094, -22.270966388201185 ], [ -42.742088536923021, -22.312741688158962 ], [ -42.749967573216217, -22.334170896410821 ], [ -42.7965373338115, -22.373096825579704 ], [ -42.789705373654691, -22.384714702323944 ], [ -42.794947662520684, -22.402182649987118 ], [ -42.841125048017204, -22.487633002395903 ], [ -42.903163118763423, -22.482431765268469 ], [ -42.930885762366884, -22.451180243230798 ], [ -42.919216774310044, -22.445951354574138 ], [ -42.920775372502909, -22.442324856996237 ], [ -42.931050557767151, -22.430678790256941 ], [ -42.953936770877988, -22.425182305015003 ], [ -42.995112173659166, -22.378701291228428 ], [ -42.997821007604408, -22.378461982508572 ], [ -43.008286978266447, -22.38434279574647 ], [ -43.026186523193282, -22.369239074615408 ], [ -43.026933385299792, -22.366991485821252 ], [ -43.028182019665266, -22.341340449396981 ], [ -43.029491945973973, -22.339859722680757 ] ], [ [ -42.890591448015009, -22.168438560023567 ], [ -42.890653722454346, -22.168400998485232 ], [ -42.89072627240769, -22.168415453718026 ], [ -42.890766599150808, -22.16847345805871 ], [ -42.890751079794356, -22.168541033375096 ], [ -42.89068880531245, -22.16857859494726 ], [ -42.890616255282168, -22.168564139691771 ], [ -42.890575928581619, -22.168506135317269 ], [ -42.890591448015009, -22.168438560023567 ] ], [ [ -42.921637466872717, -22.129829309580469 ], [ -42.935966911261445, -22.119399810285856 ], [ -43.018331321113649, -22.297662265616012 ], [ -42.917819642574507, -22.230932354980183 ], [ -42.909659071887425, -22.223948130694332 ], [ -42.902262704515749, -22.157475206997809 ], [ -42.921637466872717, -22.129829309580469 ] ], [ [ -42.91479991699773, -22.243055524206753 ], [ -42.914868896440112, -22.243029992938482 ], [ -42.914937065068059, -22.243057346492975 ], [ -42.914964490662882, -22.243121561553096 ], [ -42.914935107634236, -22.243185021823564 ], [ -42.914866128122895, -22.243210553114572 ], [ -42.914797959439809, -22.243183199526133 ], [ -42.914770533913959, -22.243118984443274 ], [ -42.91479991699773, -22.243055524206753 ] ] ], [ [ [ -42.956432918743801, -22.42458260235524 ], [ -42.956432918743864, -22.424582602355215 ], [ -42.954486630150747, -22.425050204469859 ], [ -42.956432918743801, -22.42458260235524 ] ] ] ] } },
{ "type": "Feature", "properties": { "area_id": "ENEL_RJ:T_MULT", "potencia_nominal_mva": 0.0, "n_trafos": 0, "origem": "semente", "profundidade": 1, "recorte_ignorado": false, "geometria_vazia": false, "area_km2": 0.0, "lat_sub": -21.85062, "lon_sub": -41.033481, "classificacao": "Transporte/manobra", "area_mae": null, "distribuidora": "ENEL RJ", "cod_sub": "T_MULT", "nome": "PORTO DO ACU OPERACOES SA", "lat_rep": -21.85062, "lon_rep": -41.033481, "capacidade_mmgd_bdgd_kw": 0.0, "capacidade_homologada_localizada_kw": 0.0, "capacidade_lag_kw": 0.0, "pot_sem_homologacao_kw": 0.0, "n_unidades": 0.0, "n_sem_homologacao": 0.0, "capacidade_mmgd_kw": 0.0, "fonte": null, "fator_correcao": null, "capacidade_mmgd_corrigida_kw": 0.0 }, "geometry": { "type": "Polygon", "coordinates": [ [ [ -41.033384654099109, -21.850626917748727 ], [ -41.0334178208645, -21.850688585682501 ], [ -41.03348798321629, -21.850710297544651 ], [ -41.033554040957199, -21.850679334796762 ], [ -41.03357729831454, -21.850613835013579 ], [ -41.033544131486671, -21.850552167103881 ], [ -41.033473969195633, -21.850530455275759 ], [ -41.033407911517202, -21.850561417999568 ], [ -41.033384654099109, -21.850626917748727 ] ] ] } },
{ "type": "Feature", "properties": { "area_id": "ENEL_RJ:TOC", "potencia_nominal_mva": 0.0, "n_trafos": 0, "origem": "semente", "profundidade": 1, "recorte_ignorado": false, "geometria_vazia": false, "area_km2": 0.0, "lat_sub": -21.895377, "lon_sub": -41.29232, "classificacao": "Transporte/manobra", "area_mae": null, "distribuidora": "ENEL RJ", "cod_sub": "TOC", "nome": "Tocos", "lat_rep": -21.895377, "lon_rep": -41.29232, "capacidade_mmgd_bdgd_kw": 0.0, "capacidade_homologada_localizada_kw": 0.0, "capacidade_lag_kw": 0.0, "pot_sem_homologacao_kw": 0.0, "n_unidades": 0.0, "n_sem_homologacao": 0.0, "capacidade_mmgd_kw": 0.0, "fonte": null, "fator_correcao": null, "capacidade_mmgd_corrigida_kw": 0.0 }, "geometry": { "type": "Polygon", "coordinates": [ [ [ -41.292223913888897, -21.895383223898886 ], [ -41.292257208164585, -21.895444856842975 ], [ -41.292327448987763, -21.895466466762205 ], [ -41.292393490193049, -21.895435394835449 ], [ -41.292416645694637, -21.895369842593425 ], [ -41.292383351357252, -21.895308209674084 ], [ -41.292313110595742, -21.895286599788161 ], [ -41.292247069452152, -21.895317671690172 ], [ -41.292223913888897, -21.895383223898886 ] ] ] } },
{ "type": "Feature", "properties": { "area_id": "ENEL_RJ:TRB", "potencia_nominal_mva": 53.0, "n_trafos": 1573, "origem": "fecho_trafos", "profundidade": 0, "recorte_ignorado": false, "geometria_vazia": false, "area_km2": 136.561, "lat_sub": -22.420018, "lon_sub": -42.979291, "classificacao": "Distribuição plena", "area_mae": null, "distribuidora": "ENEL RJ", "cod_sub": "TRB", "nome": "Trombetas", "lat_rep": -22.418443, "lon_rep": -43.011491, "capacidade_mmgd_bdgd_kw": 3364.6, "capacidade_homologada_localizada_kw": 9345.58, "capacidade_lag_kw": 970.788, "pot_sem_homologacao_kw": 0.0, "n_unidades": 1022.961, "n_sem_homologacao": 0.0, "capacidade_mmgd_kw": 10316.368, "fonte": "Solar FV", "fator_correcao": null, "capacidade_mmgd_corrigida_kw": 10316.368 }, "geometry": { "type": "Polygon", "coordinates": [ [ [ -43.070709485955199, -22.438711470772581 ], [ -43.059385472806781, -22.411566684599517 ], [ -43.044775545267576, -22.401329747334398 ], [ -43.04260077810514, -22.371313254129767 ], [ -43.029491950631048, -22.339859746701805 ], [ -43.028182027156916, -22.34134023174434 ], [ -43.026933389987569, -22.366991389551547 ], [ -43.02618640061354, -22.369239172833076 ], [ -43.008287187979683, -22.384342526879422 ], [ -42.997820810534584, -22.378461868464015 ], [ -42.995109890407427, -22.378701385367854 ], [ -42.953933934755042, -22.425182905648601 ], [ -42.93105257635812, -22.430676494208306 ], [ -42.920775337312101, -22.442324891284738 ], [ -42.919216508619719, -22.445951783111742 ], [ -42.930885085078387, -22.451180980024414 ], [ -42.903163121747944, -22.482431765130489 ], [ -42.962162449030103, -22.477462596878695 ], [ -42.977593603879768, -22.485650604531099 ], [ -43.051099978173035, -22.482947326773338 ], [ -43.070709485955199, -22.438711470772581 ] ] ] } },
{ "type": "Feature", "properties": { "area_id": "ENEL_RJ:TRM", "potencia_nominal_mva": 0.0, "n_trafos": 0, "origem": "semente", "profundidade": 1, "recorte_ignorado": false, "geometria_vazia": false, "area_km2": 0.0, "lat_sub": -22.065904, "lon_sub": -42.061806, "classificacao": "Transporte/manobra", "area_mae": null, "distribuidora": "ENEL RJ", "cod_sub": "TRM", "nome": "Trajano de Moraes", "lat_rep": -22.065904, "lon_rep": -42.061806, "capacidade_mmgd_bdgd_kw": 0.0, "capacidade_homologada_localizada_kw": 0.0, "capacidade_lag_kw": 0.0, "pot_sem_homologacao_kw": 0.0, "n_unidades": 0.0, "n_sem_homologacao": 0.0, "capacidade_mmgd_kw": 0.0, "fonte": null, "fator_correcao": null, "capacidade_mmgd_corrigida_kw": 0.0 }, "geometry": { "type": "Polygon", "coordinates": [ [ [ -42.061709013186437, -22.065911046630877 ], [ -42.061742692435203, -22.065972567565236 ], [ -42.06181317728479, -22.065993871224887 ], [ -42.061879178620423, -22.065962478192876 ], [ -42.061902033713032, -22.065896778100466 ], [ -42.061868354404851, -22.065835257192873 ], [ -42.061797869619788, -22.065813953564437 ], [ -42.061731868343564, -22.065845346569667 ], [ -42.061709013186437, -22.065911046630877 ] ] ] } },
{ "type": "Feature", "properties": { "area_id": "ENEL_RJ:UERJ", "potencia_nominal_mva": 0.0, "n_trafos": 0, "origem": "semente", "profundidade": 1, "recorte_ignorado": false, "geometria_vazia": false, "area_km2": 0.0, "lat_sub": -22.453088, "lon_sub": -44.382104, "classificacao": "Transporte/manobra", "area_mae": "ENEL_RJ:PIR", "distribuidora": "ENEL RJ", "cod_sub": "UERJ", "nome": "SECTUERJ KODAK", "lat_rep": -22.453088, "lon_rep": -44.382104, "capacidade_mmgd_bdgd_kw": 0.0, "capacidade_homologada_localizada_kw": 0.0, "capacidade_lag_kw": 0.0, "pot_sem_homologacao_kw": 0.0, "n_unidades": 0.0, "n_sem_homologacao": 0.0, "capacidade_mmgd_kw": 0.0, "fonte": null, "fator_correcao": null, "capacidade_mmgd_corrigida_kw": 0.0 }, "geometry": { "type": "Polygon", "coordinates": [ [ [ -44.382007725334823, -22.453096250943112 ], [ -44.382042534589324, -22.453157352311027 ], [ -44.382113630047428, -22.453177678593597 ], [ -44.382179364902576, -22.453145322912846 ], [ -44.382201232531699, -22.453079238810655 ], [ -44.382166423225371, -22.453018137475258 ], [ -44.382095327839707, -22.452997811217209 ], [ -44.382029593036393, -22.453030166865442 ], [ -44.382007725334823, -22.453096250943112 ] ] ] } },
{ "type": "Feature", "properties": { "area_id": "ENEL_RJ:UFV_FZL", "potencia_nominal_mva": 0.0, "n_trafos": 0, "origem": "semente", "profundidade": 1, "recorte_ignorado": false, "geometria_vazia": false, "area_km2": 0.0, "lat_sub": -21.828186, "lon_sub": -41.263618, "classificacao": "Transporte/manobra", "area_mae": null, "distribuidora": "ENEL RJ", "cod_sub": "UFV_FZL", "nome": "UFV FZL", "lat_rep": -21.828186, "lon_rep": -41.263618, "capacidade_mmgd_bdgd_kw": 0.0, "capacidade_homologada_localizada_kw": 0.0, "capacidade_lag_kw": 0.0, "pot_sem_homologacao_kw": 0.0, "n_unidades": 0.0, "n_sem_homologacao": 0.0, "capacidade_mmgd_kw": 0.0, "fonte": null, "fator_correcao": null, "capacidade_mmgd_corrigida_kw": 0.0 }, "geometry": { "type": "Polygon", "coordinates": [ [ [ -41.26352182560715, -21.828193105091263 ], [ -41.263555095626856, -21.828254740309848 ], [ -41.263625298800605, -21.828276357392369 ], [ -41.263691311017759, -21.828245293321519 ], [ -41.263714463173457, -21.828179745026013 ], [ -41.263681193092161, -21.828118109831987 ], [ -41.263610989979746, -21.828096492782787 ], [ -41.263544977824175, -21.828127556829063 ], [ -41.26352182560715, -21.828193105091263 ] ] ] } },
{ "type": "Feature", "properties": { "area_id": "ENEL_RJ:UHE_COV", "potencia_nominal_mva": 0.0, "n_trafos": 0, "origem": "semente", "profundidade": 1, "recorte_ignorado": false, "geometria_vazia": false, "area_km2": 0.0, "lat_sub": -21.186039, "lon_sub": -42.099277, "classificacao": "Transporte/manobra", "area_mae": null, "distribuidora": "ENEL RJ", "cod_sub": "UHE_COV", "nome": "UHE2", "lat_rep": -21.186039, "lon_rep": -42.099277, "capacidade_mmgd_bdgd_kw": 0.0, "capacidade_homologada_localizada_kw": 0.0, "capacidade_lag_kw": 0.0, "pot_sem_homologacao_kw": 0.0, "n_unidades": 0.0, "n_sem_homologacao": 0.0, "capacidade_mmgd_kw": 0.0, "fonte": null, "fator_correcao": null, "capacidade_mmgd_corrigida_kw": 0.0 }, "geometry": { "type": "Polygon", "coordinates": [ [ [ -42.099180943893309, -21.186046437359945 ], [ -42.099214483981562, -21.186107935268449 ], [ -42.09928456652078, -21.186129177799614 ], [ -42.099350138066491, -21.186097721345536 ], [ -42.099372787656662, -21.186031992688314 ], [ -42.09933924751175, -21.185970494805247 ], [ -42.099269165033732, -21.185949252304159 ], [ -42.099203593544686, -21.185980708732789 ], [ -42.099180943893309, -21.186046437359945 ] ] ] } },
{ "type": "Feature", "properties": { "area_id": "ENEL_RJ:UHE_TOB", "potencia_nominal_mva": 0.0, "n_trafos": 0, "origem": "semente", "profundidade": 1, "recorte_ignorado": true, "geometria_vazia": false, "area_km2": 0.0, "lat_sub": -20.91763, "lon_sub": -42.028606, "classificacao": "Transporte/manobra", "area_mae": null, "distribuidora": "ENEL RJ", "cod_sub": "UHE_TOB", "nome": "UHE1", "lat_rep": -20.91763, "lon_rep": -42.028606, "capacidade_mmgd_bdgd_kw": 0.0, "capacidade_homologada_localizada_kw": 0.0, "capacidade_lag_kw": 0.0, "pot_sem_homologacao_kw": 0.0, "n_unidades": 0.0, "n_sem_homologacao": 0.0, "capacidade_mmgd_kw": 0.0, "fonte": null, "fator_correcao": null, "capacidade_mmgd_corrigida_kw": 0.0 }, "geometry": { "type": "Polygon", "coordinates": [ [ [ -42.028509901705938, -20.917637041476031 ], [ -42.028543333229678, -20.91769855998967 ], [ -42.02861327000565, -20.917719848608034 ], [ -42.028678743976904, -20.917688436725975 ], [ -42.028701401339013, -20.917622725015601 ], [ -42.028667969759091, -20.917561206526791 ], [ -42.028598033043046, -20.917539917938431 ], [ -42.028532559127989, -20.91757132979566 ], [ -42.028509901705938, -20.917637041476031 ] ] ] } },
{ "type": "Feature", "properties": { "area_id": "ENEL_RJ:UHE_TUD", "potencia_nominal_mva": 0.0, "n_trafos": 0, "origem": "semente", "profundidade": 1, "recorte_ignorado": false, "geometria_vazia": false, "area_km2": 0.0, "lat_sub": -21.912332, "lon_sub": -41.956911, "classificacao": "Transporte/manobra", "area_mae": null, "distribuidora": "ENEL RJ", "cod_sub": "UHE_TUD", "nome": "UHE3", "lat_rep": -21.912332, "lon_rep": -41.956911, "capacidade_mmgd_bdgd_kw": 0.0, "capacidade_homologada_localizada_kw": 0.0, "capacidade_lag_kw": 0.0, "pot_sem_homologacao_kw": 0.0, "n_unidades": 0.0, "n_sem_homologacao": 0.0, "capacidade_mmgd_kw": 0.0, "fonte": null, "fator_correcao": null, "capacidade_mmgd_corrigida_kw": 0.0 }, "geometry": { "type": "Polygon", "coordinates": [ [ [ -41.956814426538294, -21.912339309121016 ], [ -41.956848029949278, -21.91240084344701 ], [ -41.956918420254453, -21.912422182300112 ], [ -41.956984363722526, -21.912390825647464 ], [ -41.957007231522503, -21.912325141809418 ], [ -41.956973628052175, -21.912263607509718 ], [ -41.956903237810621, -21.912242268687962 ], [ -41.956837294401886, -21.912273625314327 ], [ -41.956814426538294, -21.912339309121016 ] ] ] } },
{ "type": "Feature", "properties": { "area_id": "ENEL_RJ:URU", "potencia_nominal_mva": 7.5, "n_trafos": 1163, "origem": "fecho_trafos", "profundidade": 0, "recorte_ignorado": false, "geometria_vazia": false, "area_km2": 651.369, "lat_sub": -21.810342, "lon_sub": -41.397719, "classificacao": "Distribuição plena", "area_mae": null, "distribuidora": "ENEL RJ", "cod_sub": "URU", "nome": "Ururai", "lat_rep": -21.853025, "lon_rep": -41.48026, "capacidade_mmgd_bdgd_kw": 670.77, "capacidade_homologada_localizada_kw": 5370.26, "capacidade_lag_kw": 768.514, "pot_sem_homologacao_kw": 0.0, "n_unidades": 587.909, "n_sem_homologacao": 0.0, "capacidade_mmgd_kw": 6138.774, "fonte": "Solar FV", "fator_correcao": null, "capacidade_mmgd_corrigida_kw": 6138.774 }, "geometry": { "type": "Polygon", "coordinates": [ [ [ -41.605230563207016, -21.737570844201169 ], [ -41.554120095360041, -21.702961432630033 ], [ -41.388537704270348, -21.76616601123127 ], [ -41.359794498779522, -21.765367991510079 ], [ -41.372249406874374, -21.777532076182531 ], [ -41.35634314917246, -21.800004430737623 ], [ -41.352155637274713, -21.77492552650088 ], [ -41.359913166009953, -21.82139266914464 ], [ -41.361108492777092, -21.828162465952662 ], [ -41.385635177352817, -21.873101456891568 ], [ -41.385217595917005, -21.890869341605274 ], [ -41.384534479914421, -21.898089462348334 ], [ -41.384024094245994, -21.898125108516808 ], [ -41.374433670438798, -21.898036951267265 ], [ -41.382369497401655, -21.911693136098851 ], [ -41.386291179993592, -21.928659600633729 ], [ -41.361906641569369, -21.950145437263011 ], [ -41.370513811524489, -21.998585767455488 ], [ -41.384572230596902, -22.029373552585024 ], [ -41.485559111282058, -22.005173146627367 ], [ -41.535261263059546, -22.011155253124286 ], [ -41.55133631305111, -22.018315990145314 ], [ -41.556080421322847, -22.01649346525506 ], [ -41.574879089966807, -22.006875267875994 ], [ -41.545375367383222, -21.983005395617138 ], [ -41.520018109090003, -21.959188104229078 ], [ -41.601209982842484, -21.833436024166371 ], [ -41.605230563207016, -21.737570844201169 ] ] ] } },
{ "type": "Feature", "properties": { "area_id": "ENEL_RJ:US_CAMPOS", "potencia_nominal_mva": 67.0, "n_trafos": 0, "origem": "semente", "profundidade": 1, "recorte_ignorado": false, "geometria_vazia": false, "area_km2": 0.0, "lat_sub": -21.723749, "lon_sub": -41.346428, "classificacao": "Transformadora pura", "area_mae": "ENEL_RJ:MOB", "distribuidora": "ENEL RJ", "cod_sub": "US_CAMPOS", "nome": "Usina de Campos", "lat_rep": -21.723749, "lon_rep": -41.346428, "capacidade_mmgd_bdgd_kw": 0.0, "capacidade_homologada_localizada_kw": 0.0, "capacidade_lag_kw": 0.0, "pot_sem_homologacao_kw": 0.0, "n_unidades": 0.0, "n_sem_homologacao": 0.0, "capacidade_mmgd_kw": 0.0, "fonte": null, "fator_correcao": null, "capacidade_mmgd_corrigida_kw": 0.0 }, "geometry": { "type": "Polygon", "coordinates": [ [ [ -41.346332156386161, -21.723755387151126 ], [ -41.34636544763179, -21.723817007846524 ], [ -41.346435620453938, -21.723838584449851 ], [ -41.346501568521653, -21.723807477656241 ], [ -41.346524660308376, -21.723741909420834 ], [ -41.346491369001768, -21.723680288750039 ], [ -41.346421196240776, -21.723658712179663 ], [ -41.346355248234033, -21.723689818948671 ], [ -41.346332156386161, -21.723755387151126 ] ] ] } },
{ "type": "Feature", "properties": { "area_id": "ENEL_RJ:VAS", "potencia_nominal_mva": 0.0, "n_trafos": 0, "origem": "semente", "profundidade": 1, "recorte_ignorado": false, "geometria_vazia": false, "area_km2": 0.0, "lat_sub": -21.3902, "lon_sub": -41.141352, "classificacao": "Transporte/manobra", "area_mae": null, "distribuidora": "ENEL RJ", "cod_sub": "VAS", "nome": "Valao Seco", "lat_rep": -21.3902, "lon_rep": -41.141352, "capacidade_mmgd_bdgd_kw": 0.0, "capacidade_homologada_localizada_kw": 0.0, "capacidade_lag_kw": 0.0, "pot_sem_homologacao_kw": 0.0, "n_unidades": 0.0, "n_sem_homologacao": 0.0, "capacidade_mmgd_kw": 0.0, "fonte": null, "fator_correcao": null, "capacidade_mmgd_corrigida_kw": 0.0 }, "geometry": { "type": "Polygon", "coordinates": [ [ [ -41.141255536471178, -21.390206473668268 ], [ -41.141288681121935, -21.390268113682442 ], [ -41.141358656506277, -21.390289749795592 ], [ -41.141424471950963, -21.390258707842655 ], [ -41.141447573618393, -21.390193171795278 ], [ -41.141414428906948, -21.390131531804698 ], [ -41.141344453581915, -21.390109895724713 ], [ -41.141278638197925, -21.390140937654056 ], [ -41.141255536471178, -21.390206473668268 ] ] ] } },
{ "type": "Feature", "properties": { "area_id": "ENEL_RJ:VDP", "potencia_nominal_mva": 261.8, "n_trafos": 3117, "origem": "fecho_trafos", "profundidade": 0, "recorte_ignorado": false, "geometria_vazia": false, "area_km2": 250.193, "lat_sub": -22.764524, "lon_sub": -42.840399, "classificacao": "Distribuição plena", "area_mae": null, "distribuidora": "ENEL RJ", "cod_sub": "VDP", "nome": "Venda das Pedras", "lat_rep": -22.793932, "lon_rep": -42.839207, "capacidade_mmgd_bdgd_kw": 6462.06, "capacidade_homologada_localizada_kw": 19579.28, "capacidade_lag_kw": 3358.645, "pot_sem_homologacao_kw": 0.0, "n_unidades": 2905.247, "n_sem_homologacao": 0.0, "capacidade_mmgd_kw": 22937.925, "fonte": "Solar FV", "fator_correcao": null, "capacidade_mmgd_corrigida_kw": 22937.925 }, "geometry": { "type": "Polygon", "coordinates": [ [ [ -42.875412631987331, -22.702713510420089 ], [ -42.836112305338588, -22.700993936520884 ], [ -42.798653118718462, -22.699919480678151 ], [ -42.787129594308375, -22.697049670852167 ], [ -42.786840261273269, -22.699578319164342 ], [ -42.752301955870507, -22.698577827804453 ], [ -42.746427513219089, -22.701758373749904 ], [ -42.748130176444022, -22.700836555311199 ], [ -42.779114641027832, -22.738492494832713 ], [ -42.771474700596912, -22.814672470857779 ], [ -42.745284626524565, -22.824419238526762 ], [ -42.747643559402718, -22.844994923077188 ], [ -42.747920605934979, -22.845297591907123 ], [ -42.765749139810907, -22.843414398755439 ], [ -42.821946146697258, -22.863870586658209 ], [ -42.841940364556137, -22.878457127994007 ], [ -42.851212420198117, -22.885400344308696 ], [ -42.858270140954176, -22.88809102907765 ], [ -42.865474968694798, -22.889710098342341 ], [ -42.88838188201823, -22.880174948215249 ], [ -42.902659172590248, -22.865399220832906 ], [ -42.896340069758153, -22.821660049837075 ], [ -42.901201522571689, -22.798837193973206 ], [ -42.908338227384107, -22.790776722066926 ], [ -42.89343556999124, -22.731777662262225 ], [ -42.875412631987331, -22.702713510420089 ] ], [ [ -42.791555923165333, -22.69971492050955 ], [ -42.786840203202267, -22.699578826680341 ], [ -42.786840261273269, -22.699578319164342 ], [ -42.791555923165333, -22.69971492050955 ] ] ] } },
{ "type": "Feature", "properties": { "area_id": "ENEL_RJ:VIN", "potencia_nominal_mva": 41.5, "n_trafos": 5151, "origem": "fecho_trafos", "profundidade": 0, "recorte_ignorado": false, "geometria_vazia": false, "area_km2": 2100.375, "lat_sub": -21.451122, "lon_sub": -41.409391, "classificacao": "Distribuição plena", "area_mae": null, "distribuidora": "ENEL RJ", "cod_sub": "VIN", "nome": "Vila Nova", "lat_rep": -21.375169, "lon_rep": -41.270797, "capacidade_mmgd_bdgd_kw": 2479.7, "capacidade_homologada_localizada_kw": 12537.44, "capacidade_lag_kw": 1654.944, "pot_sem_homologacao_kw": 0.0, "n_unidades": 1641.116, "n_sem_homologacao": 0.0, "capacidade_mmgd_kw": 14192.384, "fonte": "Solar FV", "fator_correcao": null, "capacidade_mmgd_corrigida_kw": 14192.384 }, "geometry": { "type": "Polygon", "coordinates": [ [ [ -41.68990166675421, -21.464628649060568 ], [ -41.659304561325513, -21.445803008943898 ], [ -41.540755696645633, -21.354405594064701 ], [ -41.511981080796936, -21.274716915245534 ], [ -41.532149443436978, -21.26744419397998 ], [ -41.493097857169701, -21.206616640190891 ], [ -41.489605815576951, -21.202603749245572 ], [ -41.489668379291835, -21.201276158699223 ], [ -41.480825416936227, -21.187494853258734 ], [ -41.4791, -21.1936 ], [ -41.4696, -21.2028 ], [ -41.4462, -21.2155 ], [ -41.4352, -21.2157 ], [ -41.416499999658299, -21.200100001247623 ], [ -41.4053, -21.2021 ], [ -41.403099999426637, -21.198300001295635 ], [ -41.3913, -21.2019 ], [ -41.388499999572126, -21.199100001244656 ], [ -41.3699, -21.2042 ], [ -41.338300000528456, -21.206800000919408 ], [ -41.3327, -21.2155 ], [ -41.3258, -21.2186 ], [ -41.3162, -21.2135 ], [ -41.3035, -21.2286 ], [ -41.2826, -21.2348 ], [ -41.2762, -21.2401 ], [ -41.2685, -21.2327 ], [ -41.2609, -21.2332 ], [ -41.2565, -21.2253 ], [ -41.241400000003104, -21.220400001202297 ], [ -41.2315, -21.2251 ], [ -41.2221, -21.2329 ], [ -41.2131, -21.2359 ], [ -41.1904, -21.2486 ], [ -41.1832, -21.2394 ], [ -41.1756, -21.2447 ], [ -41.1556, -21.2397 ], [ -41.1403, -21.2376 ], [ -41.137099999230905, -21.227400001191796 ], [ -41.1273, -21.2298 ], [ -41.1156, -21.2286 ], [ -41.105399999656235, -21.219600000955193 ], [ -41.089500000123621, -21.219600001073189 ], [ -41.059300000635957, -21.234600000672017 ], [ -41.0399, -21.2551 ], [ -41.02439999998586, -21.245800001301141 ], [ -41.0154, -21.2519 ], [ -41.004900000772601, -21.252800000964328 ], [ -40.998200001165927, -21.267300000241882 ], [ -40.9993, -21.2785 ], [ -40.995, -21.2864 ], [ -40.977, -21.2904 ], [ -40.964700000798899, -21.296300000641061 ], [ -40.961000000878883, -21.30110000039431 ], [ -40.957900001087786, -21.311399999964298 ], [ -40.9631, -21.3278 ], [ -40.9643, -21.3492 ], [ -40.961400011279622, -21.360500020404963 ], [ -40.969800000767549, -21.375699999554925 ], [ -40.982600000564652, -21.391599999162651 ], [ -40.9917, -21.394 ], [ -41.0008, -21.4041 ], [ -41.0058, -21.4184 ], [ -41.019, -21.4368 ], [ -41.020600001297211, -21.441799999516984 ], [ -41.0352, -21.4572 ], [ -41.037600000932187, -21.462199999334214 ], [ -41.0475, -21.468 ], [ -41.051911920799959, -21.472907377257474 ], [ -41.054637964276218, -21.475509361925752 ], [ -41.057121328768851, -21.477705190561462 ], [ -41.057125824634504, -21.477310687939813 ], [ -41.057963212365252, -21.473901310844099 ], [ -41.058552914120078, -21.473416429567628 ], [ -41.157537887862574, -21.491188686148071 ], [ -41.166825564889017, -21.495340005418296 ], [ -41.172424521809795, -21.500083680941191 ], [ -41.174502100306796, -21.509232923897301 ], [ -41.172024393014986, -21.52652360681796 ], [ -41.170457560717011, -21.533058892797317 ], [ -41.168994833752194, -21.534803973314105 ], [ -41.146922436326776, -21.557046289226371 ], [ -41.162292834413684, -21.570614145940546 ], [ -41.170048417857096, -21.575775781015704 ], [ -41.191248989583194, -21.574400394206641 ], [ -41.195029729264277, -21.562416391989757 ], [ -41.211876442784337, -21.540678348616304 ], [ -41.213620163556925, -21.539909432774774 ], [ -41.240535262057321, -21.53660514334857 ], [ -41.311026335245458, -21.566577911418026 ], [ -41.389863727115802, -21.561381023655624 ], [ -41.403966418406853, -21.54479069313593 ], [ -41.511869142873422, -21.546869319465163 ], [ -41.512385354022307, -21.549200918458371 ], [ -41.529997274675395, -21.547307139678718 ], [ -41.530458177236476, -21.547220364286769 ], [ -41.544136751473431, -21.547477342143203 ], [ -41.542994664054376, -21.544859359819348 ], [ -41.583843739567932, -21.537158879538051 ], [ -41.58609040285031, -21.533909920829096 ], [ -41.593879010445782, -21.535265424468051 ], [ -41.642970267963989, -21.525993182007888 ], [ -41.648546899595907, -21.524326747542489 ], [ -41.659179135241146, -21.520728662782982 ], [ -41.660724405510386, -21.519650387992623 ], [ -41.672190181395337, -21.477399181604323 ], [ -41.686801009160803, -21.471690774790762 ], [ -41.68990166675421, -21.464628649060568 ] ], [ [ -41.012757093338223, -21.411441734332197 ], [ -41.012828141300069, -21.411423422111604 ], [ -41.012892207626052, -21.41145751780267 ], [ -41.01291176322021, -21.411524048613302 ], [ -41.012875352556996, -21.411584041677745 ], [ -41.012804398222777, -21.411602364798195 ], [ -41.012740296171138, -21.411568327922851 ], [ -41.01272068264403, -21.411501727356679 ], [ -41.012757093338223, -21.411441734332197 ] ], [ [ -41.013217885559058, -21.410913960612699 ], [ -41.013286674256442, -21.410889215228291 ], [ -41.013354000843329, -21.410917266166713 ], [ -41.013380426291064, -21.410981681586051 ], [ -41.013350470915348, -21.411044727864706 ], [ -41.013281682143905, -21.411069473355536 ], [ -41.013214355513632, -21.41104142228949 ], [ -41.013187930041248, -21.410977006851571 ], [ -41.013217885559058, -21.410913960612699 ] ], [ [ -41.141278685394106, -21.390140888140465 ], [ -41.141344430090463, -21.390109898396261 ], [ -41.141414410266592, -21.390131518169902 ], [ -41.1414475707424, -21.390193149799444 ], [ -41.141424424821835, -21.390258757341908 ], [ -41.1413585857984, -21.390289753597116 ], [ -41.14128862824623, -21.390268069548579 ], [ -41.14125553238874, -21.390206407451668 ], [ -41.141278685394106, -21.390140888140465 ] ], [ [ -41.259625272702102, -21.526950356652513 ], [ -41.259699017777251, -21.526952045735239 ], [ -41.259749852811403, -21.527001948658743 ], [ -41.259748081672633, -21.527071032236307 ], [ -41.259694659473787, -21.5271186289899 ], [ -41.259621000843076, -21.527116975663777 ], [ -41.259570045263196, -21.527066954257297 ], [ -41.259571850619082, -21.526997953279785 ], [ -41.259625272702102, -21.526950356652513 ] ], [ [ -41.355762854557341, -21.526886047066107 ], [ -41.355836424957765, -21.526880921714888 ], [ -41.355892320404763, -21.526925973204172 ], [ -41.355897798179093, -21.526994810789368 ], [ -41.355849649257785, -21.527047110604574 ], [ -41.355776078870576, -21.527052235861763 ], [ -41.355720183325026, -21.527007184420235 ], [ -41.355714705734712, -21.526938346752967 ], [ -41.355762854557341, -21.526886047066107 ] ], [ [ -41.470205820746514, -21.344448961194118 ], [ -41.47026384118066, -21.344406400159063 ], [ -41.470336991552067, -21.344414741009054 ], [ -41.470382421205535, -21.344469097799543 ], [ -41.470373564636368, -21.344537551941904 ], [ -41.470315497733004, -21.344580190080425 ], [ -41.470242347283431, -21.344571849209984 ], [ -41.470196917661951, -21.344517492384792 ], [ -41.470205820746514, -21.344448961194118 ] ], [ [ -41.619816279854277, -21.492657193434834 ], [ -41.619888845597842, -21.492645205828389 ], [ -41.619949357670222, -21.492684845399356 ], [ -41.619962166449859, -21.492752759126994 ], [ -41.619919811631952, -21.492809391987901 ], [ -41.619847153496409, -21.492821360402552 ], [ -41.619786733811438, -21.492781739987937 ], [ -41.619773945528145, -21.492713739864275 ], [ -41.619816279854277, -21.492657193434834 ] ] ] } },
{ "type": "Feature", "properties": { "area_id": "ENEL_RJ:VIV", "potencia_nominal_mva": 40.0, "n_trafos": 775, "origem": "fecho_trafos", "profundidade": 0, "recorte_ignorado": false, "geometria_vazia": false, "area_km2": 136.489, "lat_sub": -22.483053, "lon_sub": -42.011257, "classificacao": "Distribuição plena", "area_mae": null, "distribuidora": "ENEL RJ", "cod_sub": "VIV", "nome": "Vila Verde", "lat_rep": -22.478359, "lon_rep": -42.034231, "capacidade_mmgd_bdgd_kw": 2872.48, "capacidade_homologada_localizada_kw": 16481.29, "capacidade_lag_kw": 1897.459, "pot_sem_homologacao_kw": 0.0, "n_unidades": 1486.125, "n_sem_homologacao": 0.0, "capacidade_mmgd_kw": 18378.749, "fonte": "Solar FV", "fator_correcao": null, "capacidade_mmgd_corrigida_kw": 18378.749 }, "geometry": { "type": "MultiPolygon", "coordinates": [ [ [ [ -42.090035808765116, -22.499261875950221 ], [ -42.079960523179949, -22.474344651544708 ], [ -42.080853810612247, -22.470131053650036 ], [ -42.087504695115406, -22.451204833126809 ], [ -42.007306519684484, -22.453323968778918 ], [ -42.082545612303825, -22.388539796042991 ], [ -41.998249621619784, -22.461114822643406 ], [ -41.983098607837881, -22.482258739555803 ], [ -41.96813520104719, -22.484801272342626 ], [ -41.974209235164338, -22.494660217751882 ], [ -41.953507362606089, -22.523529576382426 ], [ -41.968331371755262, -22.502860394228968 ], [ -41.968114208439779, -22.51594245902854 ], [ -41.967196664931777, -22.5346581959876 ], [ -41.966043959211035, -22.537290236665825 ], [ -41.96583640347373, -22.537309298976311 ], [ -41.964113858383854, -22.537231612938228 ], [ -41.9693, -22.5431 ], [ -41.974836515550983, -22.553949981881161 ], [ -41.978432786193721, -22.557951850591344 ], [ -41.979417082085831, -22.55891112353364 ], [ -41.980192829362728, -22.55913735835561 ], [ -41.981010302786018, -22.559183587544489 ], [ -41.984739274144381, -22.558802008956707 ], [ -41.982475096244535, -22.559032802798743 ], [ -41.986329089771573, -22.557048662592123 ], [ -41.990114955312684, -22.556931470645637 ], [ -41.992433366934641, -22.557734257788134 ], [ -42.017979017434172, -22.55416983102586 ], [ -42.018516658529272, -22.553738391540946 ], [ -42.101785500930909, -22.55716323480841 ], [ -42.100007109167606, -22.517028769997061 ], [ -42.090035808765116, -22.499261875950221 ] ] ], [ [ [ -42.100571137945543, -22.414022052650054 ], [ -42.087504695115406, -22.451204833126809 ], [ -42.087506618654039, -22.451204782299726 ], [ -42.100571137945543, -22.414022052650054 ] ] ] ] } },
{ "type": "Feature", "properties": { "area_id": "ENEL_RJ:VOTORANTIM", "potencia_nominal_mva": 0.0, "n_trafos": 0, "origem": "semente", "profundidade": 1, "recorte_ignorado": false, "geometria_vazia": false, "area_km2": 0.0, "lat_sub": -21.924569, "lon_sub": -42.255839, "classificacao": "Transporte/manobra", "area_mae": null, "distribuidora": "ENEL RJ", "cod_sub": "VOTORANTIM", "nome": "VOTORANTIM CIMENTOS BRASIL", "lat_rep": -21.924569, "lon_rep": -42.255839, "capacidade_mmgd_bdgd_kw": 0.0, "capacidade_homologada_localizada_kw": 0.0, "capacidade_lag_kw": 0.0, "pot_sem_homologacao_kw": 0.0, "n_unidades": 0.0, "n_sem_homologacao": 0.0, "capacidade_mmgd_kw": 0.0, "fonte": null, "fator_correcao": null, "capacidade_mmgd_corrigida_kw": 0.0 }, "geometry": { "type": "Polygon", "coordinates": [ [ [ -42.255742967004252, -21.924575976272674 ], [ -42.255776708995064, -21.924637463542265 ], [ -42.255847165682987, -21.924658679617473 ], [ -42.255913064449992, -21.924627196387668 ], [ -42.255935802651095, -21.924561456320909 ], [ -42.255902060601997, -21.924499969078298 ], [ -42.255831603978585, -21.924478753033547 ], [ -42.255765705269859, -21.924510236236365 ], [ -42.255742967004252, -21.924575976272674 ] ] ] } },
{ "type": "Feature", "properties": { "area_id": "ENEL_RJ:VPA", "potencia_nominal_mva": 20.0, "n_trafos": 3968, "origem": "fecho_trafos", "profundidade": 0, "recorte_ignorado": false, "geometria_vazia": false, "area_km2": 1539.914, "lat_sub": -21.990282, "lon_sub": -42.28917, "classificacao": "Distribuição plena", "area_mae": null, "distribuidora": "ENEL RJ", "cod_sub": "VPA", "nome": "Val de Palmas", "lat_rep": -21.949135, "lon_rep": -42.282773, "capacidade_mmgd_bdgd_kw": 1548.48, "capacidade_homologada_localizada_kw": 10548.35, "capacidade_lag_kw": 2486.802, "pot_sem_homologacao_kw": 0.0, "n_unidades": 1230.719, "n_sem_homologacao": 0.0, "capacidade_mmgd_kw": 13035.152, "fonte": "Solar FV", "fator_correcao": null, "capacidade_mmgd_corrigida_kw": 13035.152 }, "geometry": { "type": "MultiPolygon", "coordinates": [ [ [ [ -42.524547960976335, -21.962308503256722 ], [ -42.524548013997141, -21.962309040224785 ], [ -42.524548186937501, -21.962308285524202 ], [ -42.524547960976335, -21.962308503256722 ] ] ], [ [ [ -42.553597400100969, -21.82695396164862 ], [ -42.551184089677506, -21.82585826358978 ], [ -42.438584075119984, -21.777488692176156 ], [ -42.434958527414992, -21.775940933454379 ], [ -42.4299, -21.7757 ], [ -42.3956, -21.7616 ], [ -42.393699998961722, -21.757400000841024 ], [ -42.377699980913157, -21.748399993034763 ], [ -42.357700000119443, -21.741100001277616 ], [ -42.3526, -21.744 ], [ -42.3335, -21.7458 ], [ -42.3141, -21.7378 ], [ -42.3066, -21.7284 ], [ -42.2888, -21.7215 ], [ -42.28436325424493, -21.720471077721943 ], [ -42.235519258545466, -21.77223244657759 ], [ -42.006688452046994, -21.824656828618114 ], [ -42.000872977116224, -21.830145526030496 ], [ -41.993480528304588, -21.829364107891323 ], [ -41.997141570717289, -21.830962908708294 ], [ -42.000982854341373, -21.832944623838166 ], [ -42.067608577988892, -21.979267894783312 ], [ -42.289001688016313, -22.162618013797793 ], [ -42.299474815971841, -22.157119591006751 ], [ -42.346173420821749, -22.084079451046151 ], [ -42.520733380462595, -21.960941377384035 ], [ -42.521415778065673, -21.961185524524399 ], [ -42.505869736753489, -21.94463580343626 ], [ -42.501272631380942, -21.84806117733622 ], [ -42.50173635861011, -21.84363552975756 ], [ -42.516527944108219, -21.835516505529036 ], [ -42.538525365010933, -21.849887323628089 ], [ -42.535689636762932, -21.839767362001744 ], [ -42.551377402828422, -21.83110803251008 ], [ -42.554250620589329, -21.831042257204324 ], [ -42.554708632387147, -21.831094140844154 ], [ -42.554937148140802, -21.830098751723543 ], [ -42.553597400100969, -21.82695396164862 ] ], [ [ -42.241093366885522, -22.042844615607912 ], [ -42.241144777636933, -22.042894358708619 ], [ -42.241143401474105, -22.042963423113946 ], [ -42.241090044473346, -22.0430113518245 ], [ -42.241015962451129, -22.043010068823719 ], [ -42.24096455171258, -22.042960325683453 ], [ -42.24096592796198, -22.042891261288577 ], [ -42.241019284949886, -22.042843332617586 ], [ -42.241093366885522, -22.042844615607912 ] ], [ [ -42.241313247118619, -22.042598898490432 ], [ -42.24136964019894, -22.042643704150276 ], [ -42.241375532082856, -22.042712561747166 ], [ -42.241327471322805, -22.042765135432926 ], [ -42.241253611257143, -22.04277062822651 ], [ -42.241197218172537, -22.042725822525817 ], [ -42.24119132637604, -22.042656964931464 ], [ -42.241239387140382, -22.042604391286556 ], [ -42.241313247118619, -22.042598898490432 ] ], [ [ -42.254430329226146, -21.917255779604403 ], [ -42.254504346869702, -21.917257049815198 ], [ -42.254555722714294, -21.91730678518207 ], [ -42.254554361477929, -21.917375851429483 ], [ -42.254501060493624, -21.917423790478999 ], [ -42.254427042764114, -21.917422520257816 ], [ -42.254375666932276, -21.917372784851615 ], [ -42.254377028254595, -21.917303718614605 ], [ -42.254430329226146, -21.917255779604403 ] ], [ [ -42.255822261111049, -21.924479887114956 ], [ -42.255894594742358, -21.924494606843705 ], [ -42.25593458719753, -21.924552738890668 ], [ -42.255918811407078, -21.924620230314016 ], [ -42.255856508562346, -21.924657545535858 ], [ -42.255784174856473, -21.924642825782449 ], [ -42.255744182445987, -21.924584693703125 ], [ -42.25575995831101, -21.924517202304425 ], [ -42.255822261111049, -21.924479887114956 ] ], [ [ -42.260195808214171, -22.031873949769771 ], [ -42.260256642353021, -22.031913379639896 ], [ -42.260269754250302, -22.03198136666856 ], [ -42.260227463074443, -22.032038084980353 ], [ -42.260154542407669, -22.032050309728817 ], [ -42.260093708247496, -22.032010879818177 ], [ -42.260080596435046, -22.031942892783963 ], [ -42.260122887632228, -22.031886174512685 ], [ -42.260195808214171, -22.031873949769771 ] ], [ [ -42.273062544323146, -21.939748108283663 ], [ -42.27313042146077, -21.939775706014547 ], [ -42.273157500976239, -21.939839999061629 ], [ -42.273127920007191, -21.939903325444369 ], [ -42.273059006647486, -21.939928589401731 ], [ -42.272991129457957, -21.939900991635703 ], [ -42.27296405001232, -21.939836698568087 ], [ -42.272993631033273, -21.939773372220483 ], [ -42.273062544323146, -21.939748108283663 ] ], [ [ -42.279551186967936, -22.097230801817478 ], [ -42.279597151405106, -22.097284995391828 ], [ -42.279588532517138, -22.097353604673319 ], [ -42.279530379073286, -22.097396439262774 ], [ -42.279456756592943, -22.097388407212552 ], [ -42.279410792185161, -22.097334213601297 ], [ -42.27941941115585, -22.097265604337657 ], [ -42.2794775645703, -22.097222769785109 ], [ -42.279551186967936, -22.097230801817478 ] ], [ [ -42.287738061278759, -21.977418944926068 ], [ -42.28780273230398, -21.977452613012833 ], [ -42.287822937058216, -21.977519071942009 ], [ -42.287786839814856, -21.977579390983699 ], [ -42.28771558582303, -21.977598236034115 ], [ -42.287650914760377, -21.977564567908846 ], [ -42.287630710084876, -21.977498108966287 ], [ -42.287666807365675, -21.977437789963115 ], [ -42.287738061278759, -21.977418944926068 ] ], [ [ -42.320457875173318, -21.932013589135469 ], [ -42.320528330654859, -21.932034826900399 ], [ -42.320562054574317, -21.932096326258854 ], [ -42.32053929187591, -21.932162061739884 ], [ -42.320473376593881, -21.93219352636882 ], [ -42.320402921047709, -21.932172288573579 ], [ -42.320369197186409, -21.93211078918803 ], [ -42.320391959949447, -21.932045053737305 ], [ -42.320457875173318, -21.932013589135469 ] ] ] ] } },
{ "type": "Feature", "properties": { "area_id": "ENEL_RJ:VWG", "potencia_nominal_mva": 15.0, "n_trafos": 3, "origem": "fecho_trafos", "profundidade": 2, "recorte_ignorado": false, "geometria_vazia": true, "area_km2": 0.0, "lat_sub": -22.430204, "lon_sub": -44.357382, "classificacao": "Distribuição plena", "area_mae": null, "distribuidora": "ENEL RJ", "cod_sub": "VWG", "nome": "Volkswagen", "lat_rep": -22.430204, "lon_rep": -44.357382, "capacidade_mmgd_bdgd_kw": 0.0, "capacidade_homologada_localizada_kw": 0.0, "capacidade_lag_kw": 0.0, "pot_sem_homologacao_kw": 0.0, "n_unidades": 0.0, "n_sem_homologacao": 0.0, "capacidade_mmgd_kw": 0.0, "fonte": null, "fator_correcao": null, "capacidade_mmgd_corrigida_kw": 0.0 }, "geometry": { "type": "Polygon", "coordinates": [ ] } },
{ "type": "Feature", "properties": { "area_id": "ENEL_RJ:WARTSILA", "potencia_nominal_mva": 0.0, "n_trafos": 0, "origem": "semente", "profundidade": 1, "recorte_ignorado": false, "geometria_vazia": false, "area_km2": 0.0, "lat_sub": -21.882841, "lon_sub": -41.011952, "classificacao": "Transporte/manobra", "area_mae": null, "distribuidora": "ENEL RJ", "cod_sub": "WARTSILA", "nome": "WARTSILA", "lat_rep": -21.882841, "lon_rep": -41.011952, "capacidade_mmgd_bdgd_kw": 0.0, "capacidade_homologada_localizada_kw": 0.0, "capacidade_lag_kw": 0.0, "pot_sem_homologacao_kw": 0.0, "n_unidades": 0.0, "n_sem_homologacao": 0.0, "capacidade_mmgd_kw": 0.0, "fonte": null, "fator_correcao": null, "capacidade_mmgd_corrigida_kw": 0.0 }, "geometry": { "type": "Polygon", "coordinates": [ [ [ -41.011855924450785, -21.882848023201529 ], [ -41.011889086258336, -21.882909695031394 ], [ -41.01195925872107, -21.882931417918208 ], [ -41.012025335718818, -21.882900466865379 ], [ -41.012048610198356, -21.882834972596847 ], [ -41.012015448328157, -21.882773300791058 ], [ -41.011945275926237, -21.882751577938372 ], [ -41.011879198991146, -21.88278252896712 ], [ -41.011855924450785, -21.882848023201529 ] ] ] } },
{ "type": "Feature", "properties": { "area_id": "ENEL_RJ:ZSL", "potencia_nominal_mva": 133.3, "n_trafos": 1130, "origem": "fecho_trafos", "profundidade": 0, "recorte_ignorado": false, "geometria_vazia": false, "area_km2": 27.515, "lat_sub": -22.907035, "lon_sub": -43.06489, "classificacao": "Distribuição plena", "area_mae": null, "distribuidora": "ENEL RJ", "cod_sub": "ZSL", "nome": "Zona Sul", "lat_rep": -22.908912, "lon_rep": -43.061518, "capacidade_mmgd_bdgd_kw": 3043.9, "capacidade_homologada_localizada_kw": 10185.02, "capacidade_lag_kw": 1453.041, "pot_sem_homologacao_kw": 0.0, "n_unidades": 1447.133, "n_sem_homologacao": 0.0, "capacidade_mmgd_kw": 11638.061, "fonte": "Solar FV", "fator_correcao": null, "capacidade_mmgd_corrigida_kw": 11638.061 }, "geometry": { "type": "Polygon", "coordinates": [ [ [ -43.083948668989947, -22.899006103315987 ], [ -43.083958638023979, -22.89891521756261 ], [ -43.095024779669814, -22.895409201073726 ], [ -43.097166420623374, -22.895467725424833 ], [ -43.095290414078015, -22.891115649475847 ], [ -43.094126678003761, -22.889532144093156 ], [ -43.089082129722776, -22.884971645812552 ], [ -43.087658684600569, -22.885385332367139 ], [ -43.085970005414325, -22.885809834354461 ], [ -43.069728706398969, -22.881028401588708 ], [ -43.068592136860772, -22.879766822361415 ], [ -43.065006374744378, -22.879278668575637 ], [ -43.064273711439881, -22.879422014281907 ], [ -43.063937697858215, -22.879323057766438 ], [ -43.063673770926037, -22.879539392750502 ], [ -43.055929242398122, -22.881054611139014 ], [ -43.031341683905296, -22.911156794703089 ], [ -43.048111859174924, -22.919165436835385 ], [ -43.055447715439698, -22.922107451997253 ], [ -43.100825532772092, -22.937010501633324 ], [ -43.107693407025067, -22.937531775670895 ], [ -43.109162131788338, -22.937285005033402 ], [ -43.115053116446653, -22.940625135970755 ], [ -43.1156, -22.9391 ], [ -43.1312, -22.9392 ], [ -43.1198, -22.926 ], [ -43.1119, -22.9353 ], [ -43.0986, -22.9316 ], [ -43.0948, -22.9206 ], [ -43.100358399268799, -22.914261485133164 ], [ -43.097059627100066, -22.913918201163998 ], [ -43.085302689267678, -22.906584839618635 ], [ -43.083948668989947, -22.899006103315987 ] ] ] } }
]
}
